run_accession	s7_dataset	s7_azm_mic	library_layout	fastq_ftp	fastq_bytes	fastq_md5
ERR1067709	2	0.5	PAIRED	ftp.sra.ebi.ac.uk/vol1/fastq/ERR106/009/ERR1067709/ERR1067709_1.fastq.gz;ftp.sra.ebi.ac.uk/vol1/fastq/ERR106/009/ERR1067709/ERR1067709_2.fastq.gz	86006426;85691168	24813e50f500f8559f2993f842596d39;0c5fdb42e078bfe6bdc0729b85e9570e
ERR1067710	2	0.5	PAIRED	ftp.sra.ebi.ac.uk/vol1/fastq/ERR106/000/ERR1067710/ERR1067710_1.fastq.gz;ftp.sra.ebi.ac.uk/vol1/fastq/ERR106/000/ERR1067710/ERR1067710_2.fastq.gz	82370831;83071887	ae4336c7134e80e425c8064808a44bea;74ad479dd927ccabcf0e6b84fcb59139
ERR1067711	2	0.5	PAIRED	ftp.sra.ebi.ac.uk/vol1/fastq/ERR106/001/ERR1067711/ERR1067711_1.fastq.gz;ftp.sra.ebi.ac.uk/vol1/fastq/ERR106/001/ERR1067711/ERR1067711_2.fastq.gz	100074625;98401792	c6f9bd5f2dee730f39c4d667548a489c;6b42a184de631fc67a483273443ec1d2
ERR1067712	2	0.5	PAIRED	ftp.sra.ebi.ac.uk/vol1/fastq/ERR106/002/ERR1067712/ERR1067712_1.fastq.gz;ftp.sra.ebi.ac.uk/vol1/fastq/ERR106/002/ERR1067712/ERR1067712_2.fastq.gz	90731273;90149242	85d03f9a5aecabb385f5903cba0f2a6b;49b4605871cb83b1c4524d79b7eb2024
ERR1067713	2	1	PAIRED	ftp.sra.ebi.ac.uk/vol1/fastq/ERR106/003/ERR1067713/ERR1067713_1.fastq.gz;ftp.sra.ebi.ac.uk/vol1/fastq/ERR106/003/ERR1067713/ERR1067713_2.fastq.gz	93842616;98576723	1042c3ce10083db78784f4e21dad96ab;495b4553ed865b27bb65d6cf1ff49ba5
ERR1067714	2	0.5	PAIRED	ftp.sra.ebi.ac.uk/vol1/fastq/ERR106/004/ERR1067714/ERR1067714_1.fastq.gz;ftp.sra.ebi.ac.uk/vol1/fastq/ERR106/004/ERR1067714/ERR1067714_2.fastq.gz	94911633;97521906	73722d6515065d57bf25a8cf843804aa;ae216afd3edeee43c73193cbec6df3b1
ERR1067715	2	0.5	PAIRED	ftp.sra.ebi.ac.uk/vol1/fastq/ERR106/005/ERR1067715/ERR1067715_1.fastq.gz;ftp.sra.ebi.ac.uk/vol1/fastq/ERR106/005/ERR1067715/ERR1067715_2.fastq.gz	97695707;96298909	a16230a6cb2213252e28f563f3a3ab80;fcb3015a6e4b26f25a13da997e11895c
ERR1067716	2	0.5	PAIRED	ftp.sra.ebi.ac.uk/vol1/fastq/ERR106/006/ERR1067716/ERR1067716_1.fastq.gz;ftp.sra.ebi.ac.uk/vol1/fastq/ERR106/006/ERR1067716/ERR1067716_2.fastq.gz	91944282;91263744	2b6ccb40c21d43f293e2f8f4155808f4;f7eecd69d08316fe8fc6d5742b13f585
ERR1067717	2	0.5	PAIRED	ftp.sra.ebi.ac.uk/vol1/fastq/ERR106/007/ERR1067717/ERR1067717_1.fastq.gz;ftp.sra.ebi.ac.uk/vol1/fastq/ERR106/007/ERR1067717/ERR1067717_2.fastq.gz	83729612;85498598	32e05bd7c31138745ac0cc1ace2faef3;cd8bad4759b6dc5a994c0a77ee401709
ERR1067718	2	0.5	PAIRED	ftp.sra.ebi.ac.uk/vol1/fastq/ERR106/008/ERR1067718/ERR1067718_1.fastq.gz;ftp.sra.ebi.ac.uk/vol1/fastq/ERR106/008/ERR1067718/ERR1067718_2.fastq.gz	74452385;75478436	6035280c63b976f143f4dafcd23c3c46;3c3008711bd6de322c1963a2f436b25d
ERR1067719	2	0.5	PAIRED	ftp.sra.ebi.ac.uk/vol1/fastq/ERR106/009/ERR1067719/ERR1067719_1.fastq.gz;ftp.sra.ebi.ac.uk/vol1/fastq/ERR106/009/ERR1067719/ERR1067719_2.fastq.gz	86287990;87357459	ce213ddf740db8455371c7514a124443;7dd4f4d4789e82c1ba5f781baa8557b2
ERR1067720	2	0.5	PAIRED	ftp.sra.ebi.ac.uk/vol1/fastq/ERR106/000/ERR1067720/ERR1067720_1.fastq.gz;ftp.sra.ebi.ac.uk/vol1/fastq/ERR106/000/ERR1067720/ERR1067720_2.fastq.gz	85050324;86104418	912dab04a3d123844c8fc673880343cb;cb7c334da271a147cfc0dc802e9db125
ERR1067721	2	0.5	PAIRED	ftp.sra.ebi.ac.uk/vol1/fastq/ERR106/001/ERR1067721/ERR1067721_1.fastq.gz;ftp.sra.ebi.ac.uk/vol1/fastq/ERR106/001/ERR1067721/ERR1067721_2.fastq.gz	81682579;84269379	8aadb2be2adaa50cc0194179b9938126;d4132c9a0056f00a9959c9930ad56423
ERR1067722	2	0.5	PAIRED	ftp.sra.ebi.ac.uk/vol1/fastq/ERR106/002/ERR1067722/ERR1067722_1.fastq.gz;ftp.sra.ebi.ac.uk/vol1/fastq/ERR106/002/ERR1067722/ERR1067722_2.fastq.gz	96763273;95537196	8569f7d954d3cdb64705cc0df43ca05d;38f8b514ebb6cfecccdfdcf888577bea
ERR1067723	2	0.5	PAIRED	ftp.sra.ebi.ac.uk/vol1/fastq/ERR106/003/ERR1067723/ERR1067723_1.fastq.gz;ftp.sra.ebi.ac.uk/vol1/fastq/ERR106/003/ERR1067723/ERR1067723_2.fastq.gz	86146535;86743940	26b4ef2426a94aae055cd613d5633e5f;64885e5e1e39296e5d6eb4ec70e4e663
ERR1067724	2	0.5	PAIRED	ftp.sra.ebi.ac.uk/vol1/fastq/ERR106/004/ERR1067724/ERR1067724_1.fastq.gz;ftp.sra.ebi.ac.uk/vol1/fastq/ERR106/004/ERR1067724/ERR1067724_2.fastq.gz	98083927;97114931	25921bccbf8b5f5dfdf92208d294e2cd;71d155bd37083386a83d38640e7f96c9
ERR1067725	2	1	PAIRED	ftp.sra.ebi.ac.uk/vol1/fastq/ERR106/005/ERR1067725/ERR1067725_1.fastq.gz;ftp.sra.ebi.ac.uk/vol1/fastq/ERR106/005/ERR1067725/ERR1067725_2.fastq.gz	90361115;90133533	a953c66c96890ad0ed3c671730fc422f;79ce36ec0ea3479909ac7da5b95b3520
ERR1067726	2	0.5	PAIRED	ftp.sra.ebi.ac.uk/vol1/fastq/ERR106/006/ERR1067726/ERR1067726_1.fastq.gz;ftp.sra.ebi.ac.uk/vol1/fastq/ERR106/006/ERR1067726/ERR1067726_2.fastq.gz	80487282;82674675	5c430a4c977ba6e3c0b56ab9e2aff0c8;03f4a2840c65c44725c75d82e3aaa8be
ERR1067727	2	0.5	PAIRED	ftp.sra.ebi.ac.uk/vol1/fastq/ERR106/007/ERR1067727/ERR1067727_1.fastq.gz;ftp.sra.ebi.ac.uk/vol1/fastq/ERR106/007/ERR1067727/ERR1067727_2.fastq.gz	78161047;78428209	23e4166c6a2acbb4a4da4ad13cf7341a;4168e33854c0c844d4cb6f2756a2ce39
ERR1067728	2	0.5	PAIRED	ftp.sra.ebi.ac.uk/vol1/fastq/ERR106/008/ERR1067728/ERR1067728_1.fastq.gz;ftp.sra.ebi.ac.uk/vol1/fastq/ERR106/008/ERR1067728/ERR1067728_2.fastq.gz	80988514;82144709	beacc7973b4b05ae356e5d5dcff28eda;019d1fabe7c3fa352c7256be24763d3e
ERR1067729	2	0.5	PAIRED	ftp.sra.ebi.ac.uk/vol1/fastq/ERR106/009/ERR1067729/ERR1067729_1.fastq.gz;ftp.sra.ebi.ac.uk/vol1/fastq/ERR106/009/ERR1067729/ERR1067729_2.fastq.gz	80996411;82160056	0c0da23c383482625a6a265d8b7ddbf6;8a2888b7e0d17f2dcc4256e3d4ed4d73
ERR1067730	2	0.5	PAIRED	ftp.sra.ebi.ac.uk/vol1/fastq/ERR106/000/ERR1067730/ERR1067730_1.fastq.gz;ftp.sra.ebi.ac.uk/vol1/fastq/ERR106/000/ERR1067730/ERR1067730_2.fastq.gz	85351499;86009167	b31a8c37d130d33cc153fa355a0b4ade;43cd5c1401c5df213d2dec472bf4e824
ERR1067731	2	1	PAIRED	ftp.sra.ebi.ac.uk/vol1/fastq/ERR106/001/ERR1067731/ERR1067731_1.fastq.gz;ftp.sra.ebi.ac.uk/vol1/fastq/ERR106/001/ERR1067731/ERR1067731_2.fastq.gz	82964959;83766505	7d94f9c41d2ed82ae32041a930f1c0ca;a7a79fafc63981fc89c41a2638f8d584
ERR1067732	2	1	PAIRED	ftp.sra.ebi.ac.uk/vol1/fastq/ERR106/002/ERR1067732/ERR1067732_1.fastq.gz;ftp.sra.ebi.ac.uk/vol1/fastq/ERR106/002/ERR1067732/ERR1067732_2.fastq.gz	82673633;82658403	611a06690c883f5725e5cdd922365ad1;742ff9cef10dd015a777789aeb9272a9
ERR1067733	2	0.5	PAIRED	ftp.sra.ebi.ac.uk/vol1/fastq/ERR106/003/ERR1067733/ERR1067733_1.fastq.gz;ftp.sra.ebi.ac.uk/vol1/fastq/ERR106/003/ERR1067733/ERR1067733_2.fastq.gz	90066343;90777928	81521e65c3d51087543acdaad2b14eaa;bbd6a63dbde890c911c51be181fba101
ERR1067734	2	0.5	PAIRED	ftp.sra.ebi.ac.uk/vol1/fastq/ERR106/004/ERR1067734/ERR1067734_1.fastq.gz;ftp.sra.ebi.ac.uk/vol1/fastq/ERR106/004/ERR1067734/ERR1067734_2.fastq.gz	89361200;87096259	4b767db30a7c192657f8bc0d0468ba23;768b524f91ae4134d4402b2150a8b05e
ERR1067735	2	0.5	PAIRED	ftp.sra.ebi.ac.uk/vol1/fastq/ERR106/005/ERR1067735/ERR1067735_1.fastq.gz;ftp.sra.ebi.ac.uk/vol1/fastq/ERR106/005/ERR1067735/ERR1067735_2.fastq.gz	81293627;81873382	68ff71c2195e40ae501db26b34f29c11;db036717a93ea8a945f159a9dfef7fc6
ERR1067736	2	0.5	PAIRED	ftp.sra.ebi.ac.uk/vol1/fastq/ERR106/006/ERR1067736/ERR1067736_1.fastq.gz;ftp.sra.ebi.ac.uk/vol1/fastq/ERR106/006/ERR1067736/ERR1067736_2.fastq.gz	82424541;83292358	267f037dfa1d12c6f4a5030824eb26dd;21584149fe2a2ca67a3f9d0714d547b4
ERR1067737	2	0.5	PAIRED	ftp.sra.ebi.ac.uk/vol1/fastq/ERR106/007/ERR1067737/ERR1067737_1.fastq.gz;ftp.sra.ebi.ac.uk/vol1/fastq/ERR106/007/ERR1067737/ERR1067737_2.fastq.gz	80660133;80423737	f07077ae84a5c2d12cf89a37e7abba34;5939c982f1a3a1a23f89381a1625252f
ERR1067738	2	0.5	PAIRED	ftp.sra.ebi.ac.uk/vol1/fastq/ERR106/008/ERR1067738/ERR1067738_1.fastq.gz;ftp.sra.ebi.ac.uk/vol1/fastq/ERR106/008/ERR1067738/ERR1067738_2.fastq.gz	79998870;84703033	1265354bb6607c7e32d5ab165cdbf57c;fe0e4ce09590f4b9325aa59a616118a5
ERR1067739	2	1	PAIRED	ftp.sra.ebi.ac.uk/vol1/fastq/ERR106/009/ERR1067739/ERR1067739_1.fastq.gz;ftp.sra.ebi.ac.uk/vol1/fastq/ERR106/009/ERR1067739/ERR1067739_2.fastq.gz	77499965;77390400	1aaf790344dad9972fad71409456d3c9;1d69933e4d1903cf97e3389e0fb51cff
ERR1067740	2	0.5	PAIRED	ftp.sra.ebi.ac.uk/vol1/fastq/ERR106/000/ERR1067740/ERR1067740_1.fastq.gz;ftp.sra.ebi.ac.uk/vol1/fastq/ERR106/000/ERR1067740/ERR1067740_2.fastq.gz	87872847;89268361	4571426afa06e4645477a2f78c9a15b6;55e8622fcc0cfa531b1abddaddf89d63
ERR1067741	2	0.5	PAIRED	ftp.sra.ebi.ac.uk/vol1/fastq/ERR106/001/ERR1067741/ERR1067741_1.fastq.gz;ftp.sra.ebi.ac.uk/vol1/fastq/ERR106/001/ERR1067741/ERR1067741_2.fastq.gz	91244439;92832221	a659af14ac55940a3153f6f8b41aede1;07a39b844012f769ae31f94e44e52b0a
ERR1067742	2	0.5	PAIRED	ftp.sra.ebi.ac.uk/vol1/fastq/ERR106/002/ERR1067742/ERR1067742_1.fastq.gz;ftp.sra.ebi.ac.uk/vol1/fastq/ERR106/002/ERR1067742/ERR1067742_2.fastq.gz	82563411;83584428	f26299de978ff4b6450dabaee8257d70;bf3dbd06b21190d9afdba69bcaf2b257
ERR1067743	2	0.5	PAIRED	ftp.sra.ebi.ac.uk/vol1/fastq/ERR106/003/ERR1067743/ERR1067743_1.fastq.gz;ftp.sra.ebi.ac.uk/vol1/fastq/ERR106/003/ERR1067743/ERR1067743_2.fastq.gz	83571605;85431643	21726095736a1e2ac46277172edbd2d3;bde1c4392f4871e9ace6930b3b305731
ERR1067745	2	1	PAIRED	ftp.sra.ebi.ac.uk/vol1/fastq/ERR106/005/ERR1067745/ERR1067745_1.fastq.gz;ftp.sra.ebi.ac.uk/vol1/fastq/ERR106/005/ERR1067745/ERR1067745_2.fastq.gz	86499961;85874444	0659a63277faf95373b7e6080847922d;cefd905081a35f608ca0f458be2a6159
ERR1067746	2	1	PAIRED	ftp.sra.ebi.ac.uk/vol1/fastq/ERR106/006/ERR1067746/ERR1067746_1.fastq.gz;ftp.sra.ebi.ac.uk/vol1/fastq/ERR106/006/ERR1067746/ERR1067746_2.fastq.gz	88607181;89309407	0beda006abdfcd5594728dc89d80e4e3;6a3d291e1ed7d4a6b29f9e92f12317d4
ERR1067747	2	1	PAIRED	ftp.sra.ebi.ac.uk/vol1/fastq/ERR106/007/ERR1067747/ERR1067747_1.fastq.gz;ftp.sra.ebi.ac.uk/vol1/fastq/ERR106/007/ERR1067747/ERR1067747_2.fastq.gz	78447251;79456306	af131ca8a88363b4e700477d21eeb135;f54332827d89d20fada19feea2e7adb5
ERR1067748	2	1	PAIRED	ftp.sra.ebi.ac.uk/vol1/fastq/ERR106/008/ERR1067748/ERR1067748_1.fastq.gz;ftp.sra.ebi.ac.uk/vol1/fastq/ERR106/008/ERR1067748/ERR1067748_2.fastq.gz	85990777;85380093	ee265f8a9342bd1782cd9d49ed8f91ee;8c53f1d92b42b1065f3ff04d066b253d
ERR1067749	2	1	PAIRED	ftp.sra.ebi.ac.uk/vol1/fastq/ERR106/009/ERR1067749/ERR1067749_1.fastq.gz;ftp.sra.ebi.ac.uk/vol1/fastq/ERR106/009/ERR1067749/ERR1067749_2.fastq.gz	96642722;97101336	d8b3ea4cb77d444fc676e36746c5b277;b5910b81232b4058a2a01f3ebbd14533
ERR1067750	2	1	PAIRED	ftp.sra.ebi.ac.uk/vol1/fastq/ERR106/000/ERR1067750/ERR1067750_1.fastq.gz;ftp.sra.ebi.ac.uk/vol1/fastq/ERR106/000/ERR1067750/ERR1067750_2.fastq.gz	87694267;88618123	4f579037521763638de890642d0540ea;de2b1e90d424d0286dd10230133776fb
ERR1067751	2	1	PAIRED	ftp.sra.ebi.ac.uk/vol1/fastq/ERR106/001/ERR1067751/ERR1067751_1.fastq.gz;ftp.sra.ebi.ac.uk/vol1/fastq/ERR106/001/ERR1067751/ERR1067751_2.fastq.gz	99015190;98425312	818dcc8750c4f85c5d9c373e6787be66;34d442842ae17c8d72b5b3ff37b5dea9
ERR1067752	2	0.5	PAIRED	ftp.sra.ebi.ac.uk/vol1/fastq/ERR106/002/ERR1067752/ERR1067752_1.fastq.gz;ftp.sra.ebi.ac.uk/vol1/fastq/ERR106/002/ERR1067752/ERR1067752_2.fastq.gz	92125875;93658713	9ca0a93f9f097007bba93df6f97b62e7;c4755f7b9356979e548407aeb1749980
ERR1067753	2	1	PAIRED	ftp.sra.ebi.ac.uk/vol1/fastq/ERR106/003/ERR1067753/ERR1067753_1.fastq.gz;ftp.sra.ebi.ac.uk/vol1/fastq/ERR106/003/ERR1067753/ERR1067753_2.fastq.gz	86654921;87720270	6a1883ace96aaa862c1853083215ee53;ec77cf7f03b98ab72be782610e41421e
ERR1067754	2	0.5	PAIRED	ftp.sra.ebi.ac.uk/vol1/fastq/ERR106/004/ERR1067754/ERR1067754_1.fastq.gz;ftp.sra.ebi.ac.uk/vol1/fastq/ERR106/004/ERR1067754/ERR1067754_2.fastq.gz	88855385;88863318	11f5e9c58aeb003127a2ffccba5984ca;823ed29f5b753811138b6296cee59a21
ERR1067755	2	0.5	PAIRED	ftp.sra.ebi.ac.uk/vol1/fastq/ERR106/005/ERR1067755/ERR1067755_1.fastq.gz;ftp.sra.ebi.ac.uk/vol1/fastq/ERR106/005/ERR1067755/ERR1067755_2.fastq.gz	85711699;85642085	9f8d5872c7dcbf38f7ad7e9b8c951932;ef22bb4c707fc109aa12fffecf85ce14
ERR1067756	2	0.5	PAIRED	ftp.sra.ebi.ac.uk/vol1/fastq/ERR106/006/ERR1067756/ERR1067756_1.fastq.gz;ftp.sra.ebi.ac.uk/vol1/fastq/ERR106/006/ERR1067756/ERR1067756_2.fastq.gz	110603614;110275902	8a83ea2b5e7e1f8102ab92eb6045464e;4b8a1485815ad3df2618f5a178b429ee
ERR1067757	2	1	PAIRED	ftp.sra.ebi.ac.uk/vol1/fastq/ERR106/007/ERR1067757/ERR1067757_1.fastq.gz;ftp.sra.ebi.ac.uk/vol1/fastq/ERR106/007/ERR1067757/ERR1067757_2.fastq.gz	116761216;116736542	3df98a615b6a9ba965b21e886ef1c4a0;d290d5876da03bcefdf56b2d7eb20e37
ERR1067758	2	0.5	PAIRED	ftp.sra.ebi.ac.uk/vol1/fastq/ERR106/008/ERR1067758/ERR1067758_1.fastq.gz;ftp.sra.ebi.ac.uk/vol1/fastq/ERR106/008/ERR1067758/ERR1067758_2.fastq.gz	109217282;112407127	b2058eca68cc26cb82c716967ea89d83;1cefa4e2a4c9fd5a5954c70ddba3bdd3
ERR1067759	2	0.5	PAIRED	ftp.sra.ebi.ac.uk/vol1/fastq/ERR106/009/ERR1067759/ERR1067759_1.fastq.gz;ftp.sra.ebi.ac.uk/vol1/fastq/ERR106/009/ERR1067759/ERR1067759_2.fastq.gz	103520689;103684129	13561c6d697f3af09b74fe6e7d5f327f;46d6fc43afcf1a6b644352a0e1a324af
ERR1067760	2	0.5	PAIRED	ftp.sra.ebi.ac.uk/vol1/fastq/ERR106/000/ERR1067760/ERR1067760_1.fastq.gz;ftp.sra.ebi.ac.uk/vol1/fastq/ERR106/000/ERR1067760/ERR1067760_2.fastq.gz	101654979;102381887	b89c13164e7d6d7fcfefa5d18e764d83;ee4f3b73ce631f2aadbbbb2064c268ea
ERR1067761	2	1	PAIRED	ftp.sra.ebi.ac.uk/vol1/fastq/ERR106/001/ERR1067761/ERR1067761_1.fastq.gz;ftp.sra.ebi.ac.uk/vol1/fastq/ERR106/001/ERR1067761/ERR1067761_2.fastq.gz	99605936;100290673	ad2730e5a305117dd8208e4dd01c86a6;45989646fb00ef3580ba44cb1e0f097d
ERR1067762	2	0.5	PAIRED	ftp.sra.ebi.ac.uk/vol1/fastq/ERR106/002/ERR1067762/ERR1067762_1.fastq.gz;ftp.sra.ebi.ac.uk/vol1/fastq/ERR106/002/ERR1067762/ERR1067762_2.fastq.gz	87976902;88348295	a21c36cf09c763d2687ac5a8b9d72a4f;10dd91a6355995768eaae2c86905b59b
ERR1067763	2	0.5	PAIRED	ftp.sra.ebi.ac.uk/vol1/fastq/ERR106/003/ERR1067763/ERR1067763_1.fastq.gz;ftp.sra.ebi.ac.uk/vol1/fastq/ERR106/003/ERR1067763/ERR1067763_2.fastq.gz	88137635;87759703	82f6c1dea73289e4552e0b50ce77ef51;93fa022145a5d637ef65b6d5a9ce4ea4
ERR1067764	2	0.5	PAIRED	ftp.sra.ebi.ac.uk/vol1/fastq/ERR106/004/ERR1067764/ERR1067764_1.fastq.gz;ftp.sra.ebi.ac.uk/vol1/fastq/ERR106/004/ERR1067764/ERR1067764_2.fastq.gz	93715223;95203992	0afaf87edbad5a6eb8561d08f6437567;a5ba7e8b7f9ea8296d011388442c8bb3
ERR1067765	2	0.5	PAIRED	ftp.sra.ebi.ac.uk/vol1/fastq/ERR106/005/ERR1067765/ERR1067765_1.fastq.gz;ftp.sra.ebi.ac.uk/vol1/fastq/ERR106/005/ERR1067765/ERR1067765_2.fastq.gz	113016971;113900948	6ace1e2116e0c9404db1c07d007c59d7;7b5a5076a5d6d2b636e5f347b797379f
ERR1067766	2	0.5	PAIRED	ftp.sra.ebi.ac.uk/vol1/fastq/ERR106/006/ERR1067766/ERR1067766_1.fastq.gz;ftp.sra.ebi.ac.uk/vol1/fastq/ERR106/006/ERR1067766/ERR1067766_2.fastq.gz	104177230;104910608	905111b3da4412b8da5c0729fb4a5a1f;0805e3a652e58d43ee3d999bcb8e237f
ERR1067767	2	1	PAIRED	ftp.sra.ebi.ac.uk/vol1/fastq/ERR106/007/ERR1067767/ERR1067767_1.fastq.gz;ftp.sra.ebi.ac.uk/vol1/fastq/ERR106/007/ERR1067767/ERR1067767_2.fastq.gz	106179568;105631216	8806e2bb13d4067aa3c5512fbd89d90f;d7229abb5518e336ec15e8f7825cd4f5
ERR1067768	2	0.5	PAIRED	ftp.sra.ebi.ac.uk/vol1/fastq/ERR106/008/ERR1067768/ERR1067768_1.fastq.gz;ftp.sra.ebi.ac.uk/vol1/fastq/ERR106/008/ERR1067768/ERR1067768_2.fastq.gz	102628078;100842020	7c8521953a5e323f30f2452d70cc13dc;481366eddf029075472e1c41627bdf53
ERR1067769	2	0.5	PAIRED	ftp.sra.ebi.ac.uk/vol1/fastq/ERR106/009/ERR1067769/ERR1067769_1.fastq.gz;ftp.sra.ebi.ac.uk/vol1/fastq/ERR106/009/ERR1067769/ERR1067769_2.fastq.gz	98875714;97780807	8f39a4c4eee8d8348b11c3b0ca09f9a8;646ae9d4e08deadb08b681eb65ae0019
ERR1067770	2	0.5	PAIRED	ftp.sra.ebi.ac.uk/vol1/fastq/ERR106/000/ERR1067770/ERR1067770_1.fastq.gz;ftp.sra.ebi.ac.uk/vol1/fastq/ERR106/000/ERR1067770/ERR1067770_2.fastq.gz	91686785;92785997	e8780917879e00cc6054cfb9f3c7d07b;479db0db63e0540f2ea728cb8810916d
ERR1067771	2	0.5	PAIRED	ftp.sra.ebi.ac.uk/vol1/fastq/ERR106/001/ERR1067771/ERR1067771_1.fastq.gz;ftp.sra.ebi.ac.uk/vol1/fastq/ERR106/001/ERR1067771/ERR1067771_2.fastq.gz	76990530;78568751	ac8d2bb5b155b91d1567e627a664de82;7c90a224e45e19a14a04fde72a89ca43
ERR1067772	2	0.5	PAIRED	ftp.sra.ebi.ac.uk/vol1/fastq/ERR106/002/ERR1067772/ERR1067772_1.fastq.gz;ftp.sra.ebi.ac.uk/vol1/fastq/ERR106/002/ERR1067772/ERR1067772_2.fastq.gz	92080605;91216420	d0b01f699d0357062d365a47d32cddd5;ece774f59faac217efbe914950985c50
ERR1067773	2	0.5	PAIRED	ftp.sra.ebi.ac.uk/vol1/fastq/ERR106/003/ERR1067773/ERR1067773_1.fastq.gz;ftp.sra.ebi.ac.uk/vol1/fastq/ERR106/003/ERR1067773/ERR1067773_2.fastq.gz	112099461;111818629	a4d2cf8b0efd002bfd72a64a92091de1;0e006894dba6b4b2bbb40fffe73788d1
ERR1067774	2	0.5	PAIRED	ftp.sra.ebi.ac.uk/vol1/fastq/ERR106/004/ERR1067774/ERR1067774_1.fastq.gz;ftp.sra.ebi.ac.uk/vol1/fastq/ERR106/004/ERR1067774/ERR1067774_2.fastq.gz	111728401;113786263	8c70eff2c67d57369a4da6388703556e;45898f108f111f5d0ea192c42e5d632c
ERR1067775	2	0.5	PAIRED	ftp.sra.ebi.ac.uk/vol1/fastq/ERR106/005/ERR1067775/ERR1067775_1.fastq.gz;ftp.sra.ebi.ac.uk/vol1/fastq/ERR106/005/ERR1067775/ERR1067775_2.fastq.gz	104056582;103952035	e7ab770baaa5b01ebecf02d6d5bac33d;26fcd9b6c7b6281cba3c3d04f8e1621d
ERR1067776	2	2	PAIRED	ftp.sra.ebi.ac.uk/vol1/fastq/ERR106/006/ERR1067776/ERR1067776_1.fastq.gz;ftp.sra.ebi.ac.uk/vol1/fastq/ERR106/006/ERR1067776/ERR1067776_2.fastq.gz	96118876;97343994	113ef76d20de2610f75a0416853938c0;0914cf46b2147332ce9be1a6b7a50bbd
ERR1067777	2	4	PAIRED	ftp.sra.ebi.ac.uk/vol1/fastq/ERR106/007/ERR1067777/ERR1067777_1.fastq.gz;ftp.sra.ebi.ac.uk/vol1/fastq/ERR106/007/ERR1067777/ERR1067777_2.fastq.gz	90887627;96280142	c5ce25ebaa36820713186636baecb190;765f18763472bccf3916fbab256695b1
ERR1067778	2	2	PAIRED	ftp.sra.ebi.ac.uk/vol1/fastq/ERR106/008/ERR1067778/ERR1067778_1.fastq.gz;ftp.sra.ebi.ac.uk/vol1/fastq/ERR106/008/ERR1067778/ERR1067778_2.fastq.gz	90660826;90429683	96a1f77e482e7f6829e0f870638008ed;ef2822f650d1e7e4d26f157cc3c9f473
ERR1067779	2	2	PAIRED	ftp.sra.ebi.ac.uk/vol1/fastq/ERR106/009/ERR1067779/ERR1067779_1.fastq.gz;ftp.sra.ebi.ac.uk/vol1/fastq/ERR106/009/ERR1067779/ERR1067779_2.fastq.gz	77079336;78393432	a45ca7e065f7d3f9f6de4108ad721787;9b747e4443070c20e0c19c7b914b2a7e
ERR1067780	2	2	PAIRED	ftp.sra.ebi.ac.uk/vol1/fastq/ERR106/000/ERR1067780/ERR1067780_1.fastq.gz;ftp.sra.ebi.ac.uk/vol1/fastq/ERR106/000/ERR1067780/ERR1067780_2.fastq.gz	80405904;82353761	ff11673819c230e6f75bcdf7c577c69d;7ae61155d4aa7851852454a63a319a25
ERR1067781	2	2	PAIRED	ftp.sra.ebi.ac.uk/vol1/fastq/ERR106/001/ERR1067781/ERR1067781_1.fastq.gz;ftp.sra.ebi.ac.uk/vol1/fastq/ERR106/001/ERR1067781/ERR1067781_2.fastq.gz	106196897;106618009	b73430cfd258b09177b7a713e3a7fb50;a836a99a7f82305d1a525abb2d66f476
ERR1067782	2	4	PAIRED	ftp.sra.ebi.ac.uk/vol1/fastq/ERR106/002/ERR1067782/ERR1067782_1.fastq.gz;ftp.sra.ebi.ac.uk/vol1/fastq/ERR106/002/ERR1067782/ERR1067782_2.fastq.gz	99539327;103264522	adff36abcb64707fc84c1fb620aea957;b2965e6edf2878882cb9a6b72dddea7e
ERR1067783	2	2	PAIRED	ftp.sra.ebi.ac.uk/vol1/fastq/ERR106/003/ERR1067783/ERR1067783_1.fastq.gz;ftp.sra.ebi.ac.uk/vol1/fastq/ERR106/003/ERR1067783/ERR1067783_2.fastq.gz	92720828;95014803	26e98306642074f8e072c47ad31b733e;1bcb70527191791c33541f3e5249cd65
ERR1067784	2	4	PAIRED	ftp.sra.ebi.ac.uk/vol1/fastq/ERR106/004/ERR1067784/ERR1067784_1.fastq.gz;ftp.sra.ebi.ac.uk/vol1/fastq/ERR106/004/ERR1067784/ERR1067784_2.fastq.gz	90465623;91854213	faa1b527a46d687ea381267bb3fd6c6c;e9aac6e8bca03489b931305c3448b71e
ERR1067785	2	8	PAIRED	ftp.sra.ebi.ac.uk/vol1/fastq/ERR106/005/ERR1067785/ERR1067785_1.fastq.gz;ftp.sra.ebi.ac.uk/vol1/fastq/ERR106/005/ERR1067785/ERR1067785_2.fastq.gz	84413880;88424904	c856fefd9e6cf5b7837865e3bf3655c6;6ca76901f5d7ad8e76ef96c2226f2359
ERR1067786	2	2	PAIRED	ftp.sra.ebi.ac.uk/vol1/fastq/ERR106/006/ERR1067786/ERR1067786_1.fastq.gz;ftp.sra.ebi.ac.uk/vol1/fastq/ERR106/006/ERR1067786/ERR1067786_2.fastq.gz	85166202;85862661	1709692305a2712f347fc6546d2dd323;e398fdba2df734a46c57c65e56532a4a
ERR1067787	2	4	PAIRED	ftp.sra.ebi.ac.uk/vol1/fastq/ERR106/007/ERR1067787/ERR1067787_1.fastq.gz;ftp.sra.ebi.ac.uk/vol1/fastq/ERR106/007/ERR1067787/ERR1067787_2.fastq.gz	82058827;85267499	6dcaddea64d45521daaa8c1240d4d591;9770b53d783808b2422a2200bbe71ab9
ERR1067788	2	4	PAIRED	ftp.sra.ebi.ac.uk/vol1/fastq/ERR106/008/ERR1067788/ERR1067788_1.fastq.gz;ftp.sra.ebi.ac.uk/vol1/fastq/ERR106/008/ERR1067788/ERR1067788_2.fastq.gz	83946907;87239575	30f667a0ed688d3f6923e3e399e782f7;8eacb695d62fc48932dd0891b47e42b2
ERR1067789	2	2	PAIRED	ftp.sra.ebi.ac.uk/vol1/fastq/ERR106/009/ERR1067789/ERR1067789_1.fastq.gz;ftp.sra.ebi.ac.uk/vol1/fastq/ERR106/009/ERR1067789/ERR1067789_2.fastq.gz	110277424;112122981	94bb42e2d4e62d54efbd449d303e20c4;c1e80daf8980883ddcda1feafc171315
ERR1067790	2	4	PAIRED	ftp.sra.ebi.ac.uk/vol1/fastq/ERR106/000/ERR1067790/ERR1067790_1.fastq.gz;ftp.sra.ebi.ac.uk/vol1/fastq/ERR106/000/ERR1067790/ERR1067790_2.fastq.gz	92019075;93080115	96c3e8cdd6259f5a2269bc8cc11ebac3;4b0ac175de31519ff15c2ed1e403d730
ERR1067791	2	4	PAIRED	ftp.sra.ebi.ac.uk/vol1/fastq/ERR106/001/ERR1067791/ERR1067791_1.fastq.gz;ftp.sra.ebi.ac.uk/vol1/fastq/ERR106/001/ERR1067791/ERR1067791_2.fastq.gz	103856538;105426501	d27783d4c9e3cee4df19d624278fdc83;fea0cef17bb70cf4bfcd13c7dafbc33e
ERR1067792	2	2	PAIRED	ftp.sra.ebi.ac.uk/vol1/fastq/ERR106/002/ERR1067792/ERR1067792_1.fastq.gz;ftp.sra.ebi.ac.uk/vol1/fastq/ERR106/002/ERR1067792/ERR1067792_2.fastq.gz	102865905;106969796	9c9667038ac10b401753dd3bad2ba072;54aec8d189f284bca8f6e8638827f59e
ERR1067793	2	2	PAIRED	ftp.sra.ebi.ac.uk/vol1/fastq/ERR106/003/ERR1067793/ERR1067793_1.fastq.gz;ftp.sra.ebi.ac.uk/vol1/fastq/ERR106/003/ERR1067793/ERR1067793_2.fastq.gz	92459707;96677774	16d5d3b63fdf2aae450df91773c9fc3a;ff95118a8e6fba18a2f16a9f5a452a9a
ERR1067794	2	4	PAIRED	ftp.sra.ebi.ac.uk/vol1/fastq/ERR106/004/ERR1067794/ERR1067794_1.fastq.gz;ftp.sra.ebi.ac.uk/vol1/fastq/ERR106/004/ERR1067794/ERR1067794_2.fastq.gz	93869986;98590781	9df033246ef09900499eb3536c28474f;fed5907bf0c30da2d11d0aff7675c2cb
ERR1067795	2	4	PAIRED	ftp.sra.ebi.ac.uk/vol1/fastq/ERR106/005/ERR1067795/ERR1067795_1.fastq.gz;ftp.sra.ebi.ac.uk/vol1/fastq/ERR106/005/ERR1067795/ERR1067795_2.fastq.gz	95998306;98613364	310b5e4be801e41166c3bc5b0eaa6541;b6673ee28d7a26b5eb0d140ae91f49a1
ERR1067796	2	4	PAIRED	ftp.sra.ebi.ac.uk/vol1/fastq/ERR106/006/ERR1067796/ERR1067796_1.fastq.gz;ftp.sra.ebi.ac.uk/vol1/fastq/ERR106/006/ERR1067796/ERR1067796_2.fastq.gz	85947613;88084157	37c98d62039aa5c18bacb1c5b95ea04b;24f1d48eadd74714a8a62231f1837a29
ERR1067797	2	2	PAIRED	ftp.sra.ebi.ac.uk/vol1/fastq/ERR106/007/ERR1067797/ERR1067797_1.fastq.gz;ftp.sra.ebi.ac.uk/vol1/fastq/ERR106/007/ERR1067797/ERR1067797_2.fastq.gz	101925932;107575473	27ff9d7dfa2c743fe219729aaf21fd3e;2f3d9542da7ddd3770a7e9610367e56f
ERR1067798	2	4	PAIRED	ftp.sra.ebi.ac.uk/vol1/fastq/ERR106/008/ERR1067798/ERR1067798_1.fastq.gz;ftp.sra.ebi.ac.uk/vol1/fastq/ERR106/008/ERR1067798/ERR1067798_2.fastq.gz	97864822;93199100	462d534af1230ceaa6763a79a47bfb01;dbb087081f1347e4652c23ab69300009
ERR1067799	2	2	PAIRED	ftp.sra.ebi.ac.uk/vol1/fastq/ERR106/009/ERR1067799/ERR1067799_1.fastq.gz;ftp.sra.ebi.ac.uk/vol1/fastq/ERR106/009/ERR1067799/ERR1067799_2.fastq.gz	89403054;92403213	fef7dad9f9d725aa571a6085d3bb1d44;da04c82269ee391c8886db16a5da8fb0
ERR1067800	2	0.125	PAIRED	ftp.sra.ebi.ac.uk/vol1/fastq/ERR106/000/ERR1067800/ERR1067800_1.fastq.gz;ftp.sra.ebi.ac.uk/vol1/fastq/ERR106/000/ERR1067800/ERR1067800_2.fastq.gz	89869033;90234310	06ac2e1d30572c0071a69d0dc40c3fa9;709bdd87c275c92e2d831b6a255eea09
ERR1067801	2	0.125	PAIRED	ftp.sra.ebi.ac.uk/vol1/fastq/ERR106/001/ERR1067801/ERR1067801_1.fastq.gz;ftp.sra.ebi.ac.uk/vol1/fastq/ERR106/001/ERR1067801/ERR1067801_2.fastq.gz	88119803;89593915	f2f4636587c3cf955251fb4aa097caeb;161435521ba0e4327f0e91f9a89bce41
ERR1067802	2	0.5	PAIRED	ftp.sra.ebi.ac.uk/vol1/fastq/ERR106/002/ERR1067802/ERR1067802_1.fastq.gz;ftp.sra.ebi.ac.uk/vol1/fastq/ERR106/002/ERR1067802/ERR1067802_2.fastq.gz	87826565;86178053	cab3674d42c1b32bb5119969cdc6d4a7;7708023d05b6554d4371b8ad230edef8
ERR1067803	2	0.25	PAIRED	ftp.sra.ebi.ac.uk/vol1/fastq/ERR106/003/ERR1067803/ERR1067803_1.fastq.gz;ftp.sra.ebi.ac.uk/vol1/fastq/ERR106/003/ERR1067803/ERR1067803_2.fastq.gz	87808981;87460635	f0a1daba0fa0b43f0615eebebc20b55c;37de75d7a228d190a7478219e58ccf7d
ERR1067804	2	1	PAIRED	ftp.sra.ebi.ac.uk/vol1/fastq/ERR106/004/ERR1067804/ERR1067804_1.fastq.gz;ftp.sra.ebi.ac.uk/vol1/fastq/ERR106/004/ERR1067804/ERR1067804_2.fastq.gz	89425210;94646347	7d2ff2dc028725cb17c4d54e29a3c315;2e422203f4c4b77417aa59b5cadb71c0
ERR1067805	2	0.5	PAIRED	ftp.sra.ebi.ac.uk/vol1/fastq/ERR106/005/ERR1067805/ERR1067805_1.fastq.gz;ftp.sra.ebi.ac.uk/vol1/fastq/ERR106/005/ERR1067805/ERR1067805_2.fastq.gz	86067207;88783610	c4a6a9d999aced1cf668b27a9ccd1227;08fc1adb1d517fcc2eec261411d8ce5a
ERR1067806	2	0.125	PAIRED	ftp.sra.ebi.ac.uk/vol1/fastq/ERR106/006/ERR1067806/ERR1067806_1.fastq.gz;ftp.sra.ebi.ac.uk/vol1/fastq/ERR106/006/ERR1067806/ERR1067806_2.fastq.gz	87938673;87884162	7f418be33f1c3ed79d91b11ebe6ce8d7;02838f9748c088783cc0d4ed016bb499
ERR1067807	2	0.5	PAIRED	ftp.sra.ebi.ac.uk/vol1/fastq/ERR106/007/ERR1067807/ERR1067807_1.fastq.gz;ftp.sra.ebi.ac.uk/vol1/fastq/ERR106/007/ERR1067807/ERR1067807_2.fastq.gz	85989337;86066024	78faa948077cdb9aa5798bc11ce8714a;5425c41b3007e9ca7d995a3eb2122e57
ERR1067808	2	0.5	PAIRED	ftp.sra.ebi.ac.uk/vol1/fastq/ERR106/008/ERR1067808/ERR1067808_1.fastq.gz;ftp.sra.ebi.ac.uk/vol1/fastq/ERR106/008/ERR1067808/ERR1067808_2.fastq.gz	103365870;106042198	b69fb270bdcd1c13bbc3d84aff7036ec;aba108832aa067643957d08069f1ff8c
ERR1067809	2	1	PAIRED	ftp.sra.ebi.ac.uk/vol1/fastq/ERR106/009/ERR1067809/ERR1067809_1.fastq.gz;ftp.sra.ebi.ac.uk/vol1/fastq/ERR106/009/ERR1067809/ERR1067809_2.fastq.gz	88676880;90369195	a6c63e75a076d6207838e8909ecf8438;22402b1f0e2698afb7bc99df303e2c11
ERR1067810	2	0.125	PAIRED	ftp.sra.ebi.ac.uk/vol1/fastq/ERR106/000/ERR1067810/ERR1067810_1.fastq.gz;ftp.sra.ebi.ac.uk/vol1/fastq/ERR106/000/ERR1067810/ERR1067810_2.fastq.gz	90700268;92617082	dc65c99146a850c3ab9e7a38464d0bab;b4903a9e0383d87a029a006fa3a0d801
ERR1067811	2	1	PAIRED	ftp.sra.ebi.ac.uk/vol1/fastq/ERR106/001/ERR1067811/ERR1067811_1.fastq.gz;ftp.sra.ebi.ac.uk/vol1/fastq/ERR106/001/ERR1067811/ERR1067811_2.fastq.gz	92105126;93667653	2cabe6394039b25de24b9bd0d94e9b54;78bb4c56bfbf1a3d2c532c4312112854
ERR1067812	2	1	PAIRED	ftp.sra.ebi.ac.uk/vol1/fastq/ERR106/002/ERR1067812/ERR1067812_1.fastq.gz;ftp.sra.ebi.ac.uk/vol1/fastq/ERR106/002/ERR1067812/ERR1067812_2.fastq.gz	84463193;88628134	48fc63ec658432067326af75cc51ef19;2b0d3bc3946aad9647bad4ac1aa58847
ERR1067813	2	0.125	PAIRED	ftp.sra.ebi.ac.uk/vol1/fastq/ERR106/003/ERR1067813/ERR1067813_1.fastq.gz;ftp.sra.ebi.ac.uk/vol1/fastq/ERR106/003/ERR1067813/ERR1067813_2.fastq.gz	89581003;89133291	332d947711e765663d2db8e131097af9;e62df7228e9c23a8d8ec1abab43ac658
ERR1067814	2	0.25	PAIRED	ftp.sra.ebi.ac.uk/vol1/fastq/ERR106/004/ERR1067814/ERR1067814_1.fastq.gz;ftp.sra.ebi.ac.uk/vol1/fastq/ERR106/004/ERR1067814/ERR1067814_2.fastq.gz	91568804;93242088	94ed1890fdef8a0b64d0388a0e63e1a5;09a146302631c2e32c661a2bcff7af64
ERR1067815	2	0.25	PAIRED	ftp.sra.ebi.ac.uk/vol1/fastq/ERR106/005/ERR1067815/ERR1067815_1.fastq.gz;ftp.sra.ebi.ac.uk/vol1/fastq/ERR106/005/ERR1067815/ERR1067815_2.fastq.gz	90763834;91065369	52d0709c876420ffeffdc6105c6c944a;fdbfd8c3a82036b3adafb20188ad6b9f
ERR1067816	2	0.5	PAIRED	ftp.sra.ebi.ac.uk/vol1/fastq/ERR106/006/ERR1067816/ERR1067816_1.fastq.gz;ftp.sra.ebi.ac.uk/vol1/fastq/ERR106/006/ERR1067816/ERR1067816_2.fastq.gz	101572027;102145356	b18ca0afac7b22ea46d507826d29bf8a;af1a724f0d37a69f3d0a1ff379c05e50
ERR1067817	2	1	PAIRED	ftp.sra.ebi.ac.uk/vol1/fastq/ERR106/007/ERR1067817/ERR1067817_1.fastq.gz;ftp.sra.ebi.ac.uk/vol1/fastq/ERR106/007/ERR1067817/ERR1067817_2.fastq.gz	84256838;87125849	9194ea645e7aeab1105c05ec51e19196;22269c2eac0365a4db800d8574b8489a
ERR1067818	2	0.5	PAIRED	ftp.sra.ebi.ac.uk/vol1/fastq/ERR106/008/ERR1067818/ERR1067818_1.fastq.gz;ftp.sra.ebi.ac.uk/vol1/fastq/ERR106/008/ERR1067818/ERR1067818_2.fastq.gz	98943151;99644513	b7041478c3d43b81c4ec61d3d43d2efb;ff179186ef86955f5f9a3840b655b9aa
ERR1067820	2	1	PAIRED	ftp.sra.ebi.ac.uk/vol1/fastq/ERR106/000/ERR1067820/ERR1067820_1.fastq.gz;ftp.sra.ebi.ac.uk/vol1/fastq/ERR106/000/ERR1067820/ERR1067820_2.fastq.gz	89049553;90497667	6662195ab9acd837477364fc5658eb33;b004d701c45a7673061490a78816874c
ERR1067821	2	1	PAIRED	ftp.sra.ebi.ac.uk/vol1/fastq/ERR106/001/ERR1067821/ERR1067821_1.fastq.gz;ftp.sra.ebi.ac.uk/vol1/fastq/ERR106/001/ERR1067821/ERR1067821_2.fastq.gz	82688610;84577532	4e8c5a2e652d9679143b8d3626bcba64;78a90caaaec5aa1c1eaf0dd207080b05
ERR1067822	2	0.125	PAIRED	ftp.sra.ebi.ac.uk/vol1/fastq/ERR106/002/ERR1067822/ERR1067822_1.fastq.gz;ftp.sra.ebi.ac.uk/vol1/fastq/ERR106/002/ERR1067822/ERR1067822_2.fastq.gz	85981410;87847364	dd664c163b7be86f5253c8ffd5661c53;e3ad5982c4a36e2150afe46bfc9f96ed
ERR1067823	2	0.5	PAIRED	ftp.sra.ebi.ac.uk/vol1/fastq/ERR106/003/ERR1067823/ERR1067823_1.fastq.gz;ftp.sra.ebi.ac.uk/vol1/fastq/ERR106/003/ERR1067823/ERR1067823_2.fastq.gz	88914401;89342617	4b08c89888d19e185b78847c11af6087;93f53519b49c43f524f7611ced965dda
ERR1067825	2	0.5	PAIRED	ftp.sra.ebi.ac.uk/vol1/fastq/ERR106/005/ERR1067825/ERR1067825_1.fastq.gz;ftp.sra.ebi.ac.uk/vol1/fastq/ERR106/005/ERR1067825/ERR1067825_2.fastq.gz	91931990;89866013	25f72896c0f056c7618d1fcc3f956f60;a314b6ba8ea48de5e303fd6e3d81038f
ERR1067826	2	0.5	PAIRED	ftp.sra.ebi.ac.uk/vol1/fastq/ERR106/006/ERR1067826/ERR1067826_1.fastq.gz;ftp.sra.ebi.ac.uk/vol1/fastq/ERR106/006/ERR1067826/ERR1067826_2.fastq.gz	91652910;92968841	128989379ab51123e253759f8d8b380a;0825e34e767efc80c2dc7042f43b2d6b
ERR1067827	2	0.5	PAIRED	ftp.sra.ebi.ac.uk/vol1/fastq/ERR106/007/ERR1067827/ERR1067827_1.fastq.gz;ftp.sra.ebi.ac.uk/vol1/fastq/ERR106/007/ERR1067827/ERR1067827_2.fastq.gz	90394951;91825025	33258283679e307b85ca9543e54a2ca7;6eb602a140804dbf7bc544fe03e1bc87
ERR1067828	2	1	PAIRED	ftp.sra.ebi.ac.uk/vol1/fastq/ERR106/008/ERR1067828/ERR1067828_1.fastq.gz;ftp.sra.ebi.ac.uk/vol1/fastq/ERR106/008/ERR1067828/ERR1067828_2.fastq.gz	86964987;86834497	5a6409b22895b226143bd5b803415d54;0767bc42b9c2e12cabb71fbad470170a
ERR1067829	2	0.5	PAIRED	ftp.sra.ebi.ac.uk/vol1/fastq/ERR106/009/ERR1067829/ERR1067829_1.fastq.gz;ftp.sra.ebi.ac.uk/vol1/fastq/ERR106/009/ERR1067829/ERR1067829_2.fastq.gz	81148785;87917337	00f70bb0aa78889b56bc874ea98f37fa;3c9720f6e1c4295f110f21a0d0c0176c
ERR1067830	2	1	PAIRED	ftp.sra.ebi.ac.uk/vol1/fastq/ERR106/000/ERR1067830/ERR1067830_1.fastq.gz;ftp.sra.ebi.ac.uk/vol1/fastq/ERR106/000/ERR1067830/ERR1067830_2.fastq.gz	94460855;96224386	5b78a2f18bc683c79401fe1e559b29d7;54f8cd28054ffd541612fcd752277de8
ERR1067831	2	0.5	PAIRED	ftp.sra.ebi.ac.uk/vol1/fastq/ERR106/001/ERR1067831/ERR1067831_1.fastq.gz;ftp.sra.ebi.ac.uk/vol1/fastq/ERR106/001/ERR1067831/ERR1067831_2.fastq.gz	81674931;83963120	ca7671cc91f8bfc26413f7efae60c3a3;6e2c7fdb55d4fa266ebbe3c4aeb2aacf
ERR1067832	2	1	PAIRED	ftp.sra.ebi.ac.uk/vol1/fastq/ERR106/002/ERR1067832/ERR1067832_1.fastq.gz;ftp.sra.ebi.ac.uk/vol1/fastq/ERR106/002/ERR1067832/ERR1067832_2.fastq.gz	104625441;107585680	120832fbf3a52fd046c3a9212d0ae18e;821bae0e96be96ec8a3920564d07e304
ERR1067833	2	1	PAIRED	ftp.sra.ebi.ac.uk/vol1/fastq/ERR106/003/ERR1067833/ERR1067833_1.fastq.gz;ftp.sra.ebi.ac.uk/vol1/fastq/ERR106/003/ERR1067833/ERR1067833_2.fastq.gz	35204390;35451915	b2e9cf0b59ad5f339c32a1c7cbe8dd9b;4ff4e92056137f16f49ff7bf45cac20c
ERR1067835	2	1	PAIRED	ftp.sra.ebi.ac.uk/vol1/fastq/ERR106/005/ERR1067835/ERR1067835_1.fastq.gz;ftp.sra.ebi.ac.uk/vol1/fastq/ERR106/005/ERR1067835/ERR1067835_2.fastq.gz	86356474;88002095	3d8ebfb148fff12fb82bea15bd275b57;52161b94e9a5050e87bf2235e40b8e24
ERR1067836	2	1	PAIRED	ftp.sra.ebi.ac.uk/vol1/fastq/ERR106/006/ERR1067836/ERR1067836_1.fastq.gz;ftp.sra.ebi.ac.uk/vol1/fastq/ERR106/006/ERR1067836/ERR1067836_2.fastq.gz	89540018;89603726	f96328c3fe3f079a65766ffab8d698e9;12331eb96a9cd07c06a88c9f83de2ab6
ERR1067837	2	0.5	PAIRED	ftp.sra.ebi.ac.uk/vol1/fastq/ERR106/007/ERR1067837/ERR1067837_1.fastq.gz;ftp.sra.ebi.ac.uk/vol1/fastq/ERR106/007/ERR1067837/ERR1067837_2.fastq.gz	89490297;90680959	da32b6a25d1a733d9ac879edd598eea7;4355954043bc43c7626718d4a62f06a0
ERR1067838	2	1	PAIRED	ftp.sra.ebi.ac.uk/vol1/fastq/ERR106/008/ERR1067838/ERR1067838_1.fastq.gz;ftp.sra.ebi.ac.uk/vol1/fastq/ERR106/008/ERR1067838/ERR1067838_2.fastq.gz	82076795;83591203	6ff6ac45470254ca531c76642f335a10;a3cd0e783d87fea35e4788817cd7c2ef
ERR1067839	2	0.5	PAIRED	ftp.sra.ebi.ac.uk/vol1/fastq/ERR106/009/ERR1067839/ERR1067839_1.fastq.gz;ftp.sra.ebi.ac.uk/vol1/fastq/ERR106/009/ERR1067839/ERR1067839_2.fastq.gz	83205322;83448523	1f2bff560b201ad1a273b90e887e5f40;62120637485a62b299018e449f775198
ERR1067840	2	1	PAIRED	ftp.sra.ebi.ac.uk/vol1/fastq/ERR106/000/ERR1067840/ERR1067840_1.fastq.gz;ftp.sra.ebi.ac.uk/vol1/fastq/ERR106/000/ERR1067840/ERR1067840_2.fastq.gz	102117245;103605911	cd7f214845a7de770117b3f0e2313dfe;f183cf51595676cc94c1188e8c865c36
ERR1067841	2	0.5	PAIRED	ftp.sra.ebi.ac.uk/vol1/fastq/ERR106/001/ERR1067841/ERR1067841_1.fastq.gz;ftp.sra.ebi.ac.uk/vol1/fastq/ERR106/001/ERR1067841/ERR1067841_2.fastq.gz	93553188;95362282	f04db13dacde12918aac123f437e7ca3;136e2f84adf02eb5d99a5b18f583f789
ERR1067842	2	0.5	PAIRED	ftp.sra.ebi.ac.uk/vol1/fastq/ERR106/002/ERR1067842/ERR1067842_1.fastq.gz;ftp.sra.ebi.ac.uk/vol1/fastq/ERR106/002/ERR1067842/ERR1067842_2.fastq.gz	86726064;86590189	4cd011a9bdabd36bc2637168a555ded6;a35c8facee6e2265908b49a5f4324cc7
ERR1067843	2	0.5	PAIRED	ftp.sra.ebi.ac.uk/vol1/fastq/ERR106/003/ERR1067843/ERR1067843_1.fastq.gz;ftp.sra.ebi.ac.uk/vol1/fastq/ERR106/003/ERR1067843/ERR1067843_2.fastq.gz	86558810;88914991	daa9123a08e08070a90ffa03d8e9be46;ece6b7ab6098a8d7ff3df17df7845205
ERR1067844	2	0.5	PAIRED	ftp.sra.ebi.ac.uk/vol1/fastq/ERR106/004/ERR1067844/ERR1067844_1.fastq.gz;ftp.sra.ebi.ac.uk/vol1/fastq/ERR106/004/ERR1067844/ERR1067844_2.fastq.gz	100636357;102274790	07cf9d93f4c7f9933df7195cb49d16c6;30d4bb3047b87303c49412664ab16c16
ERR1067845	2	1	PAIRED	ftp.sra.ebi.ac.uk/vol1/fastq/ERR106/005/ERR1067845/ERR1067845_1.fastq.gz;ftp.sra.ebi.ac.uk/vol1/fastq/ERR106/005/ERR1067845/ERR1067845_2.fastq.gz	80615968;80846062	6f9111ddc2292266b81e851598db2ff9;5149a0e4c76a3421bc7bc96a9914d5e2
ERR1067846	2	0.5	PAIRED	ftp.sra.ebi.ac.uk/vol1/fastq/ERR106/006/ERR1067846/ERR1067846_1.fastq.gz;ftp.sra.ebi.ac.uk/vol1/fastq/ERR106/006/ERR1067846/ERR1067846_2.fastq.gz	79207440;79909612	601f956b110de33b4cfd8ead5fc05dc1;38e3c2b8c79f2c5bf2b1e872f0a5bf39
ERR1067847	2	1	PAIRED	ftp.sra.ebi.ac.uk/vol1/fastq/ERR106/007/ERR1067847/ERR1067847_1.fastq.gz;ftp.sra.ebi.ac.uk/vol1/fastq/ERR106/007/ERR1067847/ERR1067847_2.fastq.gz	83497416;83813947	be3969705ef6673a059f43df423eeed8;7fbbd75fa5b6309782cdb195e844deba
ERR1067848	2	1	PAIRED	ftp.sra.ebi.ac.uk/vol1/fastq/ERR106/008/ERR1067848/ERR1067848_1.fastq.gz;ftp.sra.ebi.ac.uk/vol1/fastq/ERR106/008/ERR1067848/ERR1067848_2.fastq.gz	94364731;94709387	d2152e16f3b52bfe367bd225a53ccd44;c6b6f673ea9199c56c7a1bf922dfb916
ERR1067849	2	0.5	PAIRED	ftp.sra.ebi.ac.uk/vol1/fastq/ERR106/009/ERR1067849/ERR1067849_1.fastq.gz;ftp.sra.ebi.ac.uk/vol1/fastq/ERR106/009/ERR1067849/ERR1067849_2.fastq.gz	86468843;89489884	c40832ae90d9640b50c3770c1e6f3575;0cc6e0e6cdecfd3526f0bd1c3501b87c
ERR1067850	2	0.5	PAIRED	ftp.sra.ebi.ac.uk/vol1/fastq/ERR106/000/ERR1067850/ERR1067850_1.fastq.gz;ftp.sra.ebi.ac.uk/vol1/fastq/ERR106/000/ERR1067850/ERR1067850_2.fastq.gz	90532851;91204170	369a778767f780ddc0ce018a58b0d5a1;48cd18a876983ad5aa9621d837e018dd
ERR1067851	2	0.5	PAIRED	ftp.sra.ebi.ac.uk/vol1/fastq/ERR106/001/ERR1067851/ERR1067851_1.fastq.gz;ftp.sra.ebi.ac.uk/vol1/fastq/ERR106/001/ERR1067851/ERR1067851_2.fastq.gz	80434561;81925211	e57346b3f584d83b0423beef98f58dc4;d8f18bd21cc65438f353a3cb6c54162b
ERR1067852	2	1	PAIRED	ftp.sra.ebi.ac.uk/vol1/fastq/ERR106/002/ERR1067852/ERR1067852_1.fastq.gz;ftp.sra.ebi.ac.uk/vol1/fastq/ERR106/002/ERR1067852/ERR1067852_2.fastq.gz	88149062;89222085	9b2d094e60d5e360579a0103172a5ee8;ddae21daf9fbef8b36ca32349794b10a
ERR1067853	2	0.5	PAIRED	ftp.sra.ebi.ac.uk/vol1/fastq/ERR106/003/ERR1067853/ERR1067853_1.fastq.gz;ftp.sra.ebi.ac.uk/vol1/fastq/ERR106/003/ERR1067853/ERR1067853_2.fastq.gz	73208796;73948455	8c325fd81b8c0a68402ccb5c843dcbd9;d93c9493e3d446b173752d8e48d8e2a4
ERR1067854	2	1	PAIRED	ftp.sra.ebi.ac.uk/vol1/fastq/ERR106/004/ERR1067854/ERR1067854_1.fastq.gz;ftp.sra.ebi.ac.uk/vol1/fastq/ERR106/004/ERR1067854/ERR1067854_2.fastq.gz	78323865;78670555	bfd66032f11298447b8b65b09788170b;e24fed1975ef572da2400a826dbcb290
ERR1067855	2	0.5	PAIRED	ftp.sra.ebi.ac.uk/vol1/fastq/ERR106/005/ERR1067855/ERR1067855_1.fastq.gz;ftp.sra.ebi.ac.uk/vol1/fastq/ERR106/005/ERR1067855/ERR1067855_2.fastq.gz	79842398;82327249	af716886a9ca9b32a0b4eea69cf60a20;adf3822cacaf423a292a50c98e65dfbd
ERR1067856	2	0.5	PAIRED	ftp.sra.ebi.ac.uk/vol1/fastq/ERR106/006/ERR1067856/ERR1067856_1.fastq.gz;ftp.sra.ebi.ac.uk/vol1/fastq/ERR106/006/ERR1067856/ERR1067856_2.fastq.gz	103655227;104694247	0eece4fc647c2fd79f56f853dbf1cc51;8c405004b4021a2b8200d81d1ee7fd9b
ERR1067857	2	0.5	PAIRED	ftp.sra.ebi.ac.uk/vol1/fastq/ERR106/007/ERR1067857/ERR1067857_1.fastq.gz;ftp.sra.ebi.ac.uk/vol1/fastq/ERR106/007/ERR1067857/ERR1067857_2.fastq.gz	76702404;77480815	a196f6b3c294c9b2768cc517e4f0b6a4;ddf1e741eb3f1bac1d875d0d1b7117cd
ERR1067858	2	1	PAIRED	ftp.sra.ebi.ac.uk/vol1/fastq/ERR106/008/ERR1067858/ERR1067858_1.fastq.gz;ftp.sra.ebi.ac.uk/vol1/fastq/ERR106/008/ERR1067858/ERR1067858_2.fastq.gz	86555971;87034519	4776b1cf22199717c5af0a51748e1210;d1b9f1247179f48603961a3ed1b783d5
ERR1067859	2	0.5	PAIRED	ftp.sra.ebi.ac.uk/vol1/fastq/ERR106/009/ERR1067859/ERR1067859_1.fastq.gz;ftp.sra.ebi.ac.uk/vol1/fastq/ERR106/009/ERR1067859/ERR1067859_2.fastq.gz	74117777;73524904	c8975243c19a35cf354efcfa4bd6ab1d;01c9822f37704096f96a4b6b06e4c362
ERR1067860	2	0.5	PAIRED	ftp.sra.ebi.ac.uk/vol1/fastq/ERR106/000/ERR1067860/ERR1067860_1.fastq.gz;ftp.sra.ebi.ac.uk/vol1/fastq/ERR106/000/ERR1067860/ERR1067860_2.fastq.gz	125133258;123683777	8e8b81c21d85fdc86fcb7a156dd00c2d;83b985e3788954d6bc698775e9b62f45
ERR1067861	2	1	PAIRED	ftp.sra.ebi.ac.uk/vol1/fastq/ERR106/001/ERR1067861/ERR1067861_1.fastq.gz;ftp.sra.ebi.ac.uk/vol1/fastq/ERR106/001/ERR1067861/ERR1067861_2.fastq.gz	82090803;83485832	d68ba6f65cd69a958062211cf8968187;07e3da1cb2fbecd08de3a8a374577b93
ERR1067862	2	0.5	PAIRED	ftp.sra.ebi.ac.uk/vol1/fastq/ERR106/002/ERR1067862/ERR1067862_1.fastq.gz;ftp.sra.ebi.ac.uk/vol1/fastq/ERR106/002/ERR1067862/ERR1067862_2.fastq.gz	70331172;72811850	b80ef3bc8f7a8181274b41cff5d22e56;6694327ff87fe57599b0cd4fa261895c
ERR1067863	2	0.5	PAIRED	ftp.sra.ebi.ac.uk/vol1/fastq/ERR106/003/ERR1067863/ERR1067863_1.fastq.gz;ftp.sra.ebi.ac.uk/vol1/fastq/ERR106/003/ERR1067863/ERR1067863_2.fastq.gz	76817425;76554888	b9bf962339dd0615e6240bb7130bb964;2c90cea3c64a921ca3f176cab5142c4c
ERR1067864	2	0.5	PAIRED	ftp.sra.ebi.ac.uk/vol1/fastq/ERR106/004/ERR1067864/ERR1067864_1.fastq.gz;ftp.sra.ebi.ac.uk/vol1/fastq/ERR106/004/ERR1067864/ERR1067864_2.fastq.gz	85128613;85217519	17c0c439d6535c862992b0aaa62d6329;2e5015b5dff9d34cf877ba51e5d7e62e
ERR1067865	2	1	PAIRED	ftp.sra.ebi.ac.uk/vol1/fastq/ERR106/005/ERR1067865/ERR1067865_1.fastq.gz;ftp.sra.ebi.ac.uk/vol1/fastq/ERR106/005/ERR1067865/ERR1067865_2.fastq.gz	85657598;88686309	2efffeff274955cfb257851224911720;2fe2899f3faed524b4b9ec8d1cb59be6
ERR1067866	2	0.5	PAIRED	ftp.sra.ebi.ac.uk/vol1/fastq/ERR106/006/ERR1067866/ERR1067866_1.fastq.gz;ftp.sra.ebi.ac.uk/vol1/fastq/ERR106/006/ERR1067866/ERR1067866_2.fastq.gz	90591001;91162710	6da186935494e48af01ae30c65d881ea;98f17a34f7158763703719ee1151e3c8
ERR1067867	2	0.5	PAIRED	ftp.sra.ebi.ac.uk/vol1/fastq/ERR106/007/ERR1067867/ERR1067867_1.fastq.gz;ftp.sra.ebi.ac.uk/vol1/fastq/ERR106/007/ERR1067867/ERR1067867_2.fastq.gz	92246472;94826632	5cd7892b1a03758a6b4d8ba9da01d7e6;eecb41af3d09332e9853221ccf9cb6f2
ERR1067868	2	0.5	PAIRED	ftp.sra.ebi.ac.uk/vol1/fastq/ERR106/008/ERR1067868/ERR1067868_1.fastq.gz;ftp.sra.ebi.ac.uk/vol1/fastq/ERR106/008/ERR1067868/ERR1067868_2.fastq.gz	89468724;97289079	dd6a365fab2ca41c959661d02abfbddc;e9e8f0fb8ced02e8f0c0b365e1131093
ERR1067869	2	0.5	PAIRED	ftp.sra.ebi.ac.uk/vol1/fastq/ERR106/009/ERR1067869/ERR1067869_1.fastq.gz;ftp.sra.ebi.ac.uk/vol1/fastq/ERR106/009/ERR1067869/ERR1067869_2.fastq.gz	82518292;83858552	9622184a782678db6d08696aebf17b25;ce5096b9fd75a9b81ea3f11ab748f49b
ERR1067870	2	0.5	PAIRED	ftp.sra.ebi.ac.uk/vol1/fastq/ERR106/000/ERR1067870/ERR1067870_1.fastq.gz;ftp.sra.ebi.ac.uk/vol1/fastq/ERR106/000/ERR1067870/ERR1067870_2.fastq.gz	77774258;80807556	c82932d1bd48aec91461b7d0fd5102d4;d76df13b0f950ade4e35a81efd02d00c
ERR1067871	2	0.5	PAIRED	ftp.sra.ebi.ac.uk/vol1/fastq/ERR106/001/ERR1067871/ERR1067871_1.fastq.gz;ftp.sra.ebi.ac.uk/vol1/fastq/ERR106/001/ERR1067871/ERR1067871_2.fastq.gz	84143013;86968849	3cf270d8a73272bb87704b11541fdd71;635176ba161b7ff4feeefb44fd8dd187
ERR1067872	2	0.5	PAIRED	ftp.sra.ebi.ac.uk/vol1/fastq/ERR106/002/ERR1067872/ERR1067872_1.fastq.gz;ftp.sra.ebi.ac.uk/vol1/fastq/ERR106/002/ERR1067872/ERR1067872_2.fastq.gz	80021624;80942587	62bd0b82048a0f3d92a16d77eafe302f;446573fa691afe07b3da9e3bf7802288
ERR1067873	2	0.5	PAIRED	ftp.sra.ebi.ac.uk/vol1/fastq/ERR106/003/ERR1067873/ERR1067873_1.fastq.gz;ftp.sra.ebi.ac.uk/vol1/fastq/ERR106/003/ERR1067873/ERR1067873_2.fastq.gz	79313927;84529448	f2db0b2004655c81b1131cdc85502205;e41c7ed28f0b56e3c47f317bdcf8bbf8
ERR1067874	2	1	PAIRED	ftp.sra.ebi.ac.uk/vol1/fastq/ERR106/004/ERR1067874/ERR1067874_1.fastq.gz;ftp.sra.ebi.ac.uk/vol1/fastq/ERR106/004/ERR1067874/ERR1067874_2.fastq.gz	89285849;92291545	4402802ce412b12fc1bc1543a3a79c7f;234bf7292c3cfa2eabe329b63808157e
ERR1067875	2	0.5	PAIRED	ftp.sra.ebi.ac.uk/vol1/fastq/ERR106/005/ERR1067875/ERR1067875_1.fastq.gz;ftp.sra.ebi.ac.uk/vol1/fastq/ERR106/005/ERR1067875/ERR1067875_2.fastq.gz	86773428;88750651	977fa467dc23d8564492da4826c8e517;a6ab0e3a33dd55a1c1755939f75b8ff7
ERR1067876	2	0.5	PAIRED	ftp.sra.ebi.ac.uk/vol1/fastq/ERR106/006/ERR1067876/ERR1067876_1.fastq.gz;ftp.sra.ebi.ac.uk/vol1/fastq/ERR106/006/ERR1067876/ERR1067876_2.fastq.gz	87222703;92832643	ad0ef9ac94d3d2b4a5f156740f17b21a;84947c0d996c8e48a6aaa4af0ad1efb3
ERR1067877	2	0.5	PAIRED	ftp.sra.ebi.ac.uk/vol1/fastq/ERR106/007/ERR1067877/ERR1067877_1.fastq.gz;ftp.sra.ebi.ac.uk/vol1/fastq/ERR106/007/ERR1067877/ERR1067877_2.fastq.gz	89132548;90502293	c52f24d185202cca85570aa3c7dabf9a;80005ccf1104e912ab525be2fc60e4a6
ERR1067878	2	0.5	PAIRED	ftp.sra.ebi.ac.uk/vol1/fastq/ERR106/008/ERR1067878/ERR1067878_1.fastq.gz;ftp.sra.ebi.ac.uk/vol1/fastq/ERR106/008/ERR1067878/ERR1067878_2.fastq.gz	86328327;91104173	b4bafc667dd0a04142d1a54b73304727;e15d2fa0b5f1c9516bbcd8943b89187e
ERR1067879	2	0.5	PAIRED	ftp.sra.ebi.ac.uk/vol1/fastq/ERR106/009/ERR1067879/ERR1067879_1.fastq.gz;ftp.sra.ebi.ac.uk/vol1/fastq/ERR106/009/ERR1067879/ERR1067879_2.fastq.gz	86269907;89659592	fde4e8c2c4ba8735c70b183d8f223d02;c58c95f8334c68355d5f689c6f243b19
ERR1067880	2	1	PAIRED	ftp.sra.ebi.ac.uk/vol1/fastq/ERR106/000/ERR1067880/ERR1067880_1.fastq.gz;ftp.sra.ebi.ac.uk/vol1/fastq/ERR106/000/ERR1067880/ERR1067880_2.fastq.gz	92515049;94713640	fe49b04400ad1110c3201e9a017b8a2f;8c1b9d6a7bab5f5cb9b6f7fb598ab398
ERR1067881	2	0.5	PAIRED	ftp.sra.ebi.ac.uk/vol1/fastq/ERR106/001/ERR1067881/ERR1067881_1.fastq.gz;ftp.sra.ebi.ac.uk/vol1/fastq/ERR106/001/ERR1067881/ERR1067881_2.fastq.gz	86825931;89165245	e439dd2f4318ace52412e3d25e5d7132;bd19f20e01beee42077efb60bf83bd7d
ERR1067882	2	0.5	PAIRED	ftp.sra.ebi.ac.uk/vol1/fastq/ERR106/002/ERR1067882/ERR1067882_1.fastq.gz;ftp.sra.ebi.ac.uk/vol1/fastq/ERR106/002/ERR1067882/ERR1067882_2.fastq.gz	95944291;98534608	ee46ec218af3959891704d9ff73602cc;93a4a261fe929cdbf229a6fcc6f2a548
ERR1067883	2	1	PAIRED	ftp.sra.ebi.ac.uk/vol1/fastq/ERR106/003/ERR1067883/ERR1067883_1.fastq.gz;ftp.sra.ebi.ac.uk/vol1/fastq/ERR106/003/ERR1067883/ERR1067883_2.fastq.gz	96929423;102122032	895fe3a2d85047a5b42dd977c488c0bc;f458ff406d75824cb5780642a03903ae
ERR1067884	2	0.5	PAIRED	ftp.sra.ebi.ac.uk/vol1/fastq/ERR106/004/ERR1067884/ERR1067884_1.fastq.gz;ftp.sra.ebi.ac.uk/vol1/fastq/ERR106/004/ERR1067884/ERR1067884_2.fastq.gz	93702628;98566752	0edda05d095818025d40b9aa4a09b523;a13a3a38f120c3829ab50104970e6035
ERR1067885	2	0.5	PAIRED	ftp.sra.ebi.ac.uk/vol1/fastq/ERR106/005/ERR1067885/ERR1067885_1.fastq.gz;ftp.sra.ebi.ac.uk/vol1/fastq/ERR106/005/ERR1067885/ERR1067885_2.fastq.gz	94191128;100254771	bcc8a6390eb74b55915492a404c4e90c;04bbb138e2d0c1734a76029e16817fa0
ERR1067886	2	1	PAIRED	ftp.sra.ebi.ac.uk/vol1/fastq/ERR106/006/ERR1067886/ERR1067886_1.fastq.gz;ftp.sra.ebi.ac.uk/vol1/fastq/ERR106/006/ERR1067886/ERR1067886_2.fastq.gz	87010397;91936961	51b2675a319181079884560730e1d765;74269f795f53e0dde6b8ae3b9bd23107
ERR1067887	2	1	PAIRED	ftp.sra.ebi.ac.uk/vol1/fastq/ERR106/007/ERR1067887/ERR1067887_1.fastq.gz;ftp.sra.ebi.ac.uk/vol1/fastq/ERR106/007/ERR1067887/ERR1067887_2.fastq.gz	99273800;102818972	0668ed085546f43cf88f51a06a8a4536;1918d19e0c70a76aabf3bc782759a2d4
ERR1067888	2	0.5	PAIRED	ftp.sra.ebi.ac.uk/vol1/fastq/ERR106/008/ERR1067888/ERR1067888_1.fastq.gz;ftp.sra.ebi.ac.uk/vol1/fastq/ERR106/008/ERR1067888/ERR1067888_2.fastq.gz	97259540;104900692	a5d2e89cb1a4eb8dcc845d2d035474b6;8cef5458e02b6cacd061438f0f977c1d
ERR1067889	2	0.5	PAIRED	ftp.sra.ebi.ac.uk/vol1/fastq/ERR106/009/ERR1067889/ERR1067889_1.fastq.gz;ftp.sra.ebi.ac.uk/vol1/fastq/ERR106/009/ERR1067889/ERR1067889_2.fastq.gz	96462479;88486728	3a80236760e5f84387459557ea62eb57;e509e91714650e357ed9a1d184f1da50
ERR1067890	2	0.5	PAIRED	ftp.sra.ebi.ac.uk/vol1/fastq/ERR106/000/ERR1067890/ERR1067890_1.fastq.gz;ftp.sra.ebi.ac.uk/vol1/fastq/ERR106/000/ERR1067890/ERR1067890_2.fastq.gz	95619342;99486200	3d89bbfc46a020f1a5e268b81a611f36;7dd2e42cb0a5f38147cf04bdf0b438a9
ERR1082156	2	2	PAIRED	ftp.sra.ebi.ac.uk/vol1/fastq/ERR108/006/ERR1082156/ERR1082156_1.fastq.gz;ftp.sra.ebi.ac.uk/vol1/fastq/ERR108/006/ERR1082156/ERR1082156_2.fastq.gz	105988099;105758526	74a80b6d204c602501c93ce74f951dbb;6585079693efd377c2bbc4cce6b8f647
ERR1082157	2	2	PAIRED	ftp.sra.ebi.ac.uk/vol1/fastq/ERR108/007/ERR1082157/ERR1082157_1.fastq.gz;ftp.sra.ebi.ac.uk/vol1/fastq/ERR108/007/ERR1082157/ERR1082157_2.fastq.gz	106949596;108001100	ef4fea1448578d550c437ff036c1d3f7;5f59975914a57c1dc89cb7c593a36aa0
ERR1082158	2	2	PAIRED	ftp.sra.ebi.ac.uk/vol1/fastq/ERR108/008/ERR1082158/ERR1082158_1.fastq.gz;ftp.sra.ebi.ac.uk/vol1/fastq/ERR108/008/ERR1082158/ERR1082158_2.fastq.gz	115143214;112987269	74970c4763f45e4be692b2eb6029557f;196ccc7c55ae69e748cedb970ee4c93a
ERR1082159	2	2	PAIRED	ftp.sra.ebi.ac.uk/vol1/fastq/ERR108/009/ERR1082159/ERR1082159_1.fastq.gz;ftp.sra.ebi.ac.uk/vol1/fastq/ERR108/009/ERR1082159/ERR1082159_2.fastq.gz	101240710;100363183	6de3af8e38f36688a06ee3440d99a170;329508a7d86463e286efb1f0c82647ae
ERR1082160	2	2	PAIRED	ftp.sra.ebi.ac.uk/vol1/fastq/ERR108/000/ERR1082160/ERR1082160_1.fastq.gz;ftp.sra.ebi.ac.uk/vol1/fastq/ERR108/000/ERR1082160/ERR1082160_2.fastq.gz	111441057;116959953	281038997e5f717205e70d4a590e64a6;5a177e0aee56bda3d8bf3b16d285d408
ERR1082161	2	2	PAIRED	ftp.sra.ebi.ac.uk/vol1/fastq/ERR108/001/ERR1082161/ERR1082161_1.fastq.gz;ftp.sra.ebi.ac.uk/vol1/fastq/ERR108/001/ERR1082161/ERR1082161_2.fastq.gz	104433695;107620726	bd29b5472fa2e6cd30ff9506e5c58bb1;231cc10acfa6ad4fe95e50e6e98caeeb
ERR1082162	2	4	PAIRED	ftp.sra.ebi.ac.uk/vol1/fastq/ERR108/002/ERR1082162/ERR1082162_1.fastq.gz;ftp.sra.ebi.ac.uk/vol1/fastq/ERR108/002/ERR1082162/ERR1082162_2.fastq.gz	112162255;112218405	2255966dc399b452de0625369da2fa0c;fc3fde49cacbc51df21892b3a16f2493
ERR1082163	2	8	PAIRED	ftp.sra.ebi.ac.uk/vol1/fastq/ERR108/003/ERR1082163/ERR1082163_1.fastq.gz;ftp.sra.ebi.ac.uk/vol1/fastq/ERR108/003/ERR1082163/ERR1082163_2.fastq.gz	108652022;108229209	3a71615e7ef60d3c3b1c8a8827110d6d;2afd0d8deb084070ea7036259793dc62
ERR1082164	2	2	PAIRED	ftp.sra.ebi.ac.uk/vol1/fastq/ERR108/004/ERR1082164/ERR1082164_1.fastq.gz;ftp.sra.ebi.ac.uk/vol1/fastq/ERR108/004/ERR1082164/ERR1082164_2.fastq.gz	103258183;106088828	9c933a02a81b379bad25eced97fae77e;34168841e81b8cbec01b131c4cca2fac
ERR1082165	2	2	PAIRED	ftp.sra.ebi.ac.uk/vol1/fastq/ERR108/005/ERR1082165/ERR1082165_1.fastq.gz;ftp.sra.ebi.ac.uk/vol1/fastq/ERR108/005/ERR1082165/ERR1082165_2.fastq.gz	98085543;99613073	2e81e8e398ba86f88b163c51c57d2cdd;c7c84a7aec35c1e15176f923c91ffab6
ERR1082166	2	2	PAIRED	ftp.sra.ebi.ac.uk/vol1/fastq/ERR108/006/ERR1082166/ERR1082166_1.fastq.gz;ftp.sra.ebi.ac.uk/vol1/fastq/ERR108/006/ERR1082166/ERR1082166_2.fastq.gz	103674400;103996418	8ac2fc072074482e23a3e84b0c47dc5e;6fdf50ecbc8cc5c8e362dc03e3180cb0
ERR1082167	2	2	PAIRED	ftp.sra.ebi.ac.uk/vol1/fastq/ERR108/007/ERR1082167/ERR1082167_1.fastq.gz;ftp.sra.ebi.ac.uk/vol1/fastq/ERR108/007/ERR1082167/ERR1082167_2.fastq.gz	104498885;104513286	42e3ecd11a41d304791241906b368f99;29aa0d00b876d2e4d3050202faf23978
ERR1082168	2	8	PAIRED	ftp.sra.ebi.ac.uk/vol1/fastq/ERR108/008/ERR1082168/ERR1082168_1.fastq.gz;ftp.sra.ebi.ac.uk/vol1/fastq/ERR108/008/ERR1082168/ERR1082168_2.fastq.gz	101603252;105660928	90a1493cd8f4fb5f2d805f39a7970285;8b8d10dcbb60c7a3f7bda16b1c08c96d
ERR1082169	2	8	PAIRED	ftp.sra.ebi.ac.uk/vol1/fastq/ERR108/009/ERR1082169/ERR1082169_1.fastq.gz;ftp.sra.ebi.ac.uk/vol1/fastq/ERR108/009/ERR1082169/ERR1082169_2.fastq.gz	98478818;97619364	61e80b6e1933cec794674eef7b498905;fecbed3829e680a6a99d0b1b8815b8b9
ERR1082170	2	8	PAIRED	ftp.sra.ebi.ac.uk/vol1/fastq/ERR108/000/ERR1082170/ERR1082170_1.fastq.gz;ftp.sra.ebi.ac.uk/vol1/fastq/ERR108/000/ERR1082170/ERR1082170_2.fastq.gz	100368662;100691220	316180eab86b81d39d7cec68e179c516;1481487c0c6386cad835865932458291
ERR1082171	2	4	PAIRED	ftp.sra.ebi.ac.uk/vol1/fastq/ERR108/001/ERR1082171/ERR1082171_1.fastq.gz;ftp.sra.ebi.ac.uk/vol1/fastq/ERR108/001/ERR1082171/ERR1082171_2.fastq.gz	100913718;100017447	9854acfd36a625c151391c6e26712df1;941c0acf0ddbabcd5fda2ff71f77598d
ERR1082172	2	2	PAIRED	ftp.sra.ebi.ac.uk/vol1/fastq/ERR108/002/ERR1082172/ERR1082172_1.fastq.gz;ftp.sra.ebi.ac.uk/vol1/fastq/ERR108/002/ERR1082172/ERR1082172_2.fastq.gz	100076850;98516273	42a2d1081772ddb874e35f4471168579;e8e4d07e44760151c3ba9917f3948e6b
ERR1082174	2	8	PAIRED	ftp.sra.ebi.ac.uk/vol1/fastq/ERR108/004/ERR1082174/ERR1082174_1.fastq.gz;ftp.sra.ebi.ac.uk/vol1/fastq/ERR108/004/ERR1082174/ERR1082174_2.fastq.gz	108458432;104822944	8e9e3ea99e3fba416833a6586e9935fd;caf537d6221a58365938a6fce67f4194
ERR1082175	2	2	PAIRED	ftp.sra.ebi.ac.uk/vol1/fastq/ERR108/005/ERR1082175/ERR1082175_1.fastq.gz;ftp.sra.ebi.ac.uk/vol1/fastq/ERR108/005/ERR1082175/ERR1082175_2.fastq.gz	122494441;119984640	9bb1e6d91ae361f2dbb3433b433d1b50;a4471240f80cc5111daeeb6ce1b54407
ERR1082176	2	4	PAIRED	ftp.sra.ebi.ac.uk/vol1/fastq/ERR108/006/ERR1082176/ERR1082176_1.fastq.gz;ftp.sra.ebi.ac.uk/vol1/fastq/ERR108/006/ERR1082176/ERR1082176_2.fastq.gz	129141029;133938259	e3a6633ed7c6619afdb2e1833fb31729;65a40bd9dbb47787f8ae98cd762b0367
ERR1082177	2	2	PAIRED	ftp.sra.ebi.ac.uk/vol1/fastq/ERR108/007/ERR1082177/ERR1082177_1.fastq.gz;ftp.sra.ebi.ac.uk/vol1/fastq/ERR108/007/ERR1082177/ERR1082177_2.fastq.gz	120762402;122330847	831d6b69563a75213bc72d9a3aa1a0f2;16462bc97c5240b19e650b499bcd08f3
ERR1082178	2	8	PAIRED	ftp.sra.ebi.ac.uk/vol1/fastq/ERR108/008/ERR1082178/ERR1082178_1.fastq.gz;ftp.sra.ebi.ac.uk/vol1/fastq/ERR108/008/ERR1082178/ERR1082178_2.fastq.gz	129395580;127594541	d545b6fde93668a173f5584a7831ee07;6a05cc3880c303296556a25d882fc6af
ERR1082179	2	4	PAIRED	ftp.sra.ebi.ac.uk/vol1/fastq/ERR108/009/ERR1082179/ERR1082179_1.fastq.gz;ftp.sra.ebi.ac.uk/vol1/fastq/ERR108/009/ERR1082179/ERR1082179_2.fastq.gz	112187999;110301609	ad4c2924be3feb15d0917ad44136eb66;7a71f015680d9160cee9ff7c11c813a1
ERR1082180	2	2	PAIRED	ftp.sra.ebi.ac.uk/vol1/fastq/ERR108/000/ERR1082180/ERR1082180_1.fastq.gz;ftp.sra.ebi.ac.uk/vol1/fastq/ERR108/000/ERR1082180/ERR1082180_2.fastq.gz	97295628;98606399	d77193831f37e7d11ae15ba66c16d342;f3b2e7050cd03d6b959a3b47cfb3cb67
ERR1082181	2	4	PAIRED	ftp.sra.ebi.ac.uk/vol1/fastq/ERR108/001/ERR1082181/ERR1082181_1.fastq.gz;ftp.sra.ebi.ac.uk/vol1/fastq/ERR108/001/ERR1082181/ERR1082181_2.fastq.gz	91787795;91911583	cf02bc4fb7df90e5bf2778c6ea426b5e;ca399974ca39986643843578095aa639
ERR1082182	2	4	PAIRED	ftp.sra.ebi.ac.uk/vol1/fastq/ERR108/002/ERR1082182/ERR1082182_1.fastq.gz;ftp.sra.ebi.ac.uk/vol1/fastq/ERR108/002/ERR1082182/ERR1082182_2.fastq.gz	100884516;99974634	b44cad4c5e934389d4bd84cfc4103b69;563b001849ae6e28842a1f76698a6183
ERR1082183	2	8	PAIRED	ftp.sra.ebi.ac.uk/vol1/fastq/ERR108/003/ERR1082183/ERR1082183_1.fastq.gz;ftp.sra.ebi.ac.uk/vol1/fastq/ERR108/003/ERR1082183/ERR1082183_2.fastq.gz	96976937;96640990	76a5906e6670a67ec5242e4d7b8a5fea;a026ded9ef376c48a3d79076a145d9a7
ERR1082184	2	2	PAIRED	ftp.sra.ebi.ac.uk/vol1/fastq/ERR108/004/ERR1082184/ERR1082184_1.fastq.gz;ftp.sra.ebi.ac.uk/vol1/fastq/ERR108/004/ERR1082184/ERR1082184_2.fastq.gz	115924319;119270873	0d643706b6c48a520263705747ee1523;ca8b0e54a2f37d02f9816ca2d1d9ffa7
ERR1082185	2	2	PAIRED	ftp.sra.ebi.ac.uk/vol1/fastq/ERR108/005/ERR1082185/ERR1082185_1.fastq.gz;ftp.sra.ebi.ac.uk/vol1/fastq/ERR108/005/ERR1082185/ERR1082185_2.fastq.gz	107033240;104908488	3df36125367db070c8f22d1cb59d5431;800f680bdb30c5b96441f18eca2e2d1d
ERR1082187	2	2	PAIRED	ftp.sra.ebi.ac.uk/vol1/fastq/ERR108/007/ERR1082187/ERR1082187_1.fastq.gz;ftp.sra.ebi.ac.uk/vol1/fastq/ERR108/007/ERR1082187/ERR1082187_2.fastq.gz	106567695;104339502	82276d8f3bf914cbeb23ff8edff0c367;d3c5b6d55d32887a8aca1e542da10526
ERR1082188	2	2	PAIRED	ftp.sra.ebi.ac.uk/vol1/fastq/ERR108/008/ERR1082188/ERR1082188_1.fastq.gz;ftp.sra.ebi.ac.uk/vol1/fastq/ERR108/008/ERR1082188/ERR1082188_2.fastq.gz	114901891;112316442	ff7d27060993575bb98cc35f16efb26a;fcc450acee5ebddb4146c40582cf980e
ERR1082189	2	8	PAIRED	ftp.sra.ebi.ac.uk/vol1/fastq/ERR108/009/ERR1082189/ERR1082189_1.fastq.gz;ftp.sra.ebi.ac.uk/vol1/fastq/ERR108/009/ERR1082189/ERR1082189_2.fastq.gz	95259863;95884209	c6e114f21ee25c15159116f7b9a689f4;93b606adf87fda3d382c499f6a535eca
ERR1082190	2	4	PAIRED	ftp.sra.ebi.ac.uk/vol1/fastq/ERR108/000/ERR1082190/ERR1082190_1.fastq.gz;ftp.sra.ebi.ac.uk/vol1/fastq/ERR108/000/ERR1082190/ERR1082190_2.fastq.gz	85618115;84856181	1ba9a608e5fd90f786039532ad120ccd;4d658bf25d99a6bf60eec3c6f03bc47b
ERR1082191	2	4	PAIRED	ftp.sra.ebi.ac.uk/vol1/fastq/ERR108/001/ERR1082191/ERR1082191_1.fastq.gz;ftp.sra.ebi.ac.uk/vol1/fastq/ERR108/001/ERR1082191/ERR1082191_2.fastq.gz	80802032;81180506	c6d280e4d2dd5db87176ff2fb01a8834;b7232c249532f21fde22e4393271c7d4
ERR1082192	2	4	PAIRED	ftp.sra.ebi.ac.uk/vol1/fastq/ERR108/002/ERR1082192/ERR1082192_1.fastq.gz;ftp.sra.ebi.ac.uk/vol1/fastq/ERR108/002/ERR1082192/ERR1082192_2.fastq.gz	83925186;84194619	5acb991e0ab4804075455a4e5a9f5676;09850fce22ad3f896f1254ff0f09d59b
ERR1082193	2	2	PAIRED	ftp.sra.ebi.ac.uk/vol1/fastq/ERR108/003/ERR1082193/ERR1082193_1.fastq.gz;ftp.sra.ebi.ac.uk/vol1/fastq/ERR108/003/ERR1082193/ERR1082193_2.fastq.gz	85936147;85285342	954a022d00cb72afd6d08439f6eb3884;9888a6a836273fc8a0f88a538be362e0
ERR1082194	2	4	PAIRED	ftp.sra.ebi.ac.uk/vol1/fastq/ERR108/004/ERR1082194/ERR1082194_1.fastq.gz;ftp.sra.ebi.ac.uk/vol1/fastq/ERR108/004/ERR1082194/ERR1082194_2.fastq.gz	89932751;89897312	f960bc4ccb302e413c662b2be40cd4aa;902d779d949a5cc442a4924d7493a326
ERR1082195	2	2	PAIRED	ftp.sra.ebi.ac.uk/vol1/fastq/ERR108/005/ERR1082195/ERR1082195_1.fastq.gz;ftp.sra.ebi.ac.uk/vol1/fastq/ERR108/005/ERR1082195/ERR1082195_2.fastq.gz	91689298;89975521	00508b7b29a3a29f6afe5248113686f9;e4a9457a06de79fa8b7ed8cade0a9d47
ERR1082196	2	2	PAIRED	ftp.sra.ebi.ac.uk/vol1/fastq/ERR108/006/ERR1082196/ERR1082196_1.fastq.gz;ftp.sra.ebi.ac.uk/vol1/fastq/ERR108/006/ERR1082196/ERR1082196_2.fastq.gz	88739133;88904086	808ddc6d74cf3d80c9548ee8e769c91f;63a3fdcfedef8cb8c9be7829b24f95b2
ERR1082197	2	2	PAIRED	ftp.sra.ebi.ac.uk/vol1/fastq/ERR108/007/ERR1082197/ERR1082197_1.fastq.gz;ftp.sra.ebi.ac.uk/vol1/fastq/ERR108/007/ERR1082197/ERR1082197_2.fastq.gz	87249304;84746768	e4eafb3156061b30153e264cf9c1f9b5;31d64f7646f687c8de455824349f66c4
ERR1082198	2	4	PAIRED	ftp.sra.ebi.ac.uk/vol1/fastq/ERR108/008/ERR1082198/ERR1082198_1.fastq.gz;ftp.sra.ebi.ac.uk/vol1/fastq/ERR108/008/ERR1082198/ERR1082198_2.fastq.gz	83740181;83094031	f1f9768bbdc7276d489b51c90a981f34;ca92ece6cb98f152d25f2010f7a0ebd8
ERR1082199	2	2	PAIRED	ftp.sra.ebi.ac.uk/vol1/fastq/ERR108/009/ERR1082199/ERR1082199_1.fastq.gz;ftp.sra.ebi.ac.uk/vol1/fastq/ERR108/009/ERR1082199/ERR1082199_2.fastq.gz	84733401;83822919	d61ce876b74d3e87fd456d14375a85c2;b1639f059e5b29ddb6e3a533c74ae49b
ERR1082200	2	2	PAIRED	ftp.sra.ebi.ac.uk/vol1/fastq/ERR108/000/ERR1082200/ERR1082200_1.fastq.gz;ftp.sra.ebi.ac.uk/vol1/fastq/ERR108/000/ERR1082200/ERR1082200_2.fastq.gz	83912499;81834064	49af48b989227d579f7b12c374b3145d;1c68535f5dc1e0abc4d31cd5daaa23af
ERR1082201	2	2	PAIRED	ftp.sra.ebi.ac.uk/vol1/fastq/ERR108/001/ERR1082201/ERR1082201_1.fastq.gz;ftp.sra.ebi.ac.uk/vol1/fastq/ERR108/001/ERR1082201/ERR1082201_2.fastq.gz	90260515;94829806	10587b6431f60ccdd4b2d564d589e29a;1373faeedd7273e9467ec4a64507a65e
ERR1082202	2	2	PAIRED	ftp.sra.ebi.ac.uk/vol1/fastq/ERR108/002/ERR1082202/ERR1082202_1.fastq.gz;ftp.sra.ebi.ac.uk/vol1/fastq/ERR108/002/ERR1082202/ERR1082202_2.fastq.gz	84600345;83109025	7907b846131ca2ff63feb6b687c5bc07;f24b71c5a24c65cb598c26dc8e15143d
ERR1082203	2	2	PAIRED	ftp.sra.ebi.ac.uk/vol1/fastq/ERR108/003/ERR1082203/ERR1082203_1.fastq.gz;ftp.sra.ebi.ac.uk/vol1/fastq/ERR108/003/ERR1082203/ERR1082203_2.fastq.gz	96335386;96131352	16d81e0d4e00c7a691809f37405f9f6d;3156b274f844e8b7a884535e33428446
ERR1082204	2	2	PAIRED	ftp.sra.ebi.ac.uk/vol1/fastq/ERR108/004/ERR1082204/ERR1082204_1.fastq.gz;ftp.sra.ebi.ac.uk/vol1/fastq/ERR108/004/ERR1082204/ERR1082204_2.fastq.gz	86716606;87374602	f2744dba6c53b17103eb029f82d55cf2;afa0a5680b3b0bbafad905a66e0abd75
ERR1082205	2	8	PAIRED	ftp.sra.ebi.ac.uk/vol1/fastq/ERR108/005/ERR1082205/ERR1082205_1.fastq.gz;ftp.sra.ebi.ac.uk/vol1/fastq/ERR108/005/ERR1082205/ERR1082205_2.fastq.gz	86672593;85861644	0ad29735bb16df15e4f1602b72ca2395;638a0603399e61de53b2e206d950a086
ERR1082206	2	8	PAIRED	ftp.sra.ebi.ac.uk/vol1/fastq/ERR108/006/ERR1082206/ERR1082206_1.fastq.gz;ftp.sra.ebi.ac.uk/vol1/fastq/ERR108/006/ERR1082206/ERR1082206_2.fastq.gz	84219775;84722827	2c5b4b9576206fa6c625affbaf679c02;ef245c3d718a995bcc264c70b24befec
ERR1082207	2	8	PAIRED	ftp.sra.ebi.ac.uk/vol1/fastq/ERR108/007/ERR1082207/ERR1082207_1.fastq.gz;ftp.sra.ebi.ac.uk/vol1/fastq/ERR108/007/ERR1082207/ERR1082207_2.fastq.gz	85455430;84782219	97a8621d166892eb363cfe0ce4134d77;2b8105621100b418a74765f8c3c66780
ERR1082208	2	2	PAIRED	ftp.sra.ebi.ac.uk/vol1/fastq/ERR108/008/ERR1082208/ERR1082208_1.fastq.gz;ftp.sra.ebi.ac.uk/vol1/fastq/ERR108/008/ERR1082208/ERR1082208_2.fastq.gz	87437887;86285818	801ea8ad885d628a1d7b87399052f263;88743f54c50de9e6e7da4c616b187c1b
ERR1082209	2	8	PAIRED	ftp.sra.ebi.ac.uk/vol1/fastq/ERR108/009/ERR1082209/ERR1082209_1.fastq.gz;ftp.sra.ebi.ac.uk/vol1/fastq/ERR108/009/ERR1082209/ERR1082209_2.fastq.gz	99906811;98713131	d2204a6a0097673ac29a3030c761c07f;70e9b871afe1def633998fdaba747892
ERR1082210	2	4	PAIRED	ftp.sra.ebi.ac.uk/vol1/fastq/ERR108/000/ERR1082210/ERR1082210_1.fastq.gz;ftp.sra.ebi.ac.uk/vol1/fastq/ERR108/000/ERR1082210/ERR1082210_2.fastq.gz	94987102;94717775	6594437342422bbcca5cec9b4861c601;576483e06481b9b673cd78310721806e
ERR1082211	2	8	PAIRED	ftp.sra.ebi.ac.uk/vol1/fastq/ERR108/001/ERR1082211/ERR1082211_1.fastq.gz;ftp.sra.ebi.ac.uk/vol1/fastq/ERR108/001/ERR1082211/ERR1082211_2.fastq.gz	95186808;93141417	4ecfa9a24b9691a33af02e0d4ff467fb;673dc3d6f883311a17e4e08faac0047a
ERR1082212	2	8	PAIRED	ftp.sra.ebi.ac.uk/vol1/fastq/ERR108/002/ERR1082212/ERR1082212_1.fastq.gz;ftp.sra.ebi.ac.uk/vol1/fastq/ERR108/002/ERR1082212/ERR1082212_2.fastq.gz	90939170;90725162	026c538675f1455124edbad0a97dad97;1f9642987d122f5c77bf287798e3bd29
ERR1082213	2	8	PAIRED	ftp.sra.ebi.ac.uk/vol1/fastq/ERR108/003/ERR1082213/ERR1082213_1.fastq.gz;ftp.sra.ebi.ac.uk/vol1/fastq/ERR108/003/ERR1082213/ERR1082213_2.fastq.gz	85497628;85320107	6b8f480fb926f637e7bc7f22bcdede8b;91bba6d78fa93d60c4c74b93a8917569
ERR1082214	2	4	PAIRED	ftp.sra.ebi.ac.uk/vol1/fastq/ERR108/004/ERR1082214/ERR1082214_1.fastq.gz;ftp.sra.ebi.ac.uk/vol1/fastq/ERR108/004/ERR1082214/ERR1082214_2.fastq.gz	89662633;88089572	4aa2c59a971e0614306ef23304a1f187;d85d09f6d03be7351000b5571fe614cd
ERR1082215	2	4	PAIRED	ftp.sra.ebi.ac.uk/vol1/fastq/ERR108/005/ERR1082215/ERR1082215_1.fastq.gz;ftp.sra.ebi.ac.uk/vol1/fastq/ERR108/005/ERR1082215/ERR1082215_2.fastq.gz	100134504;99822799	ac0f9f791a3ed56c49ff87e8f09122f8;10596e8182cbbf5b7cd680345fc93676
ERR1082216	2	2	PAIRED	ftp.sra.ebi.ac.uk/vol1/fastq/ERR108/006/ERR1082216/ERR1082216_1.fastq.gz;ftp.sra.ebi.ac.uk/vol1/fastq/ERR108/006/ERR1082216/ERR1082216_2.fastq.gz	90991929;90132294	8291b009d71cd08069146c9d44cc63ff;c1524d1e2e458e9f4d5129feed7b69f0
ERR1082217	2	2	PAIRED	ftp.sra.ebi.ac.uk/vol1/fastq/ERR108/007/ERR1082217/ERR1082217_1.fastq.gz;ftp.sra.ebi.ac.uk/vol1/fastq/ERR108/007/ERR1082217/ERR1082217_2.fastq.gz	84841061;83256244	690585d7ac7daa56a2cb056322681395;afd7aa27e56782da660f076f1e298a74
ERR1082218	2	4	PAIRED	ftp.sra.ebi.ac.uk/vol1/fastq/ERR108/008/ERR1082218/ERR1082218_1.fastq.gz;ftp.sra.ebi.ac.uk/vol1/fastq/ERR108/008/ERR1082218/ERR1082218_2.fastq.gz	93279727;91674357	fb0b9dd25b5ce1abb7d1905933d020e4;29a59a30e32b64dac0eb48ff4730fa46
ERR1082220	2	4	PAIRED	ftp.sra.ebi.ac.uk/vol1/fastq/ERR108/000/ERR1082220/ERR1082220_1.fastq.gz;ftp.sra.ebi.ac.uk/vol1/fastq/ERR108/000/ERR1082220/ERR1082220_2.fastq.gz	103929490;102884375	9460ccacf72812596ba2f9768035de09;a4db9a698ceed974bea093582138a6ac
ERR1082221	2	4	PAIRED	ftp.sra.ebi.ac.uk/vol1/fastq/ERR108/001/ERR1082221/ERR1082221_1.fastq.gz;ftp.sra.ebi.ac.uk/vol1/fastq/ERR108/001/ERR1082221/ERR1082221_2.fastq.gz	89083849;90425216	83c56a4b58010de7bd25b141f8797c3d;5f2cc3b7c2d967cd165647b4a37699dc
ERR1082222	2	8	PAIRED	ftp.sra.ebi.ac.uk/vol1/fastq/ERR108/002/ERR1082222/ERR1082222_1.fastq.gz;ftp.sra.ebi.ac.uk/vol1/fastq/ERR108/002/ERR1082222/ERR1082222_2.fastq.gz	90127277;89334423	8c6055d5544fdf67ed38d995a950b69e;18c94fc429d737f393f0b1a50ffd0096
ERR1082223	2	4	PAIRED	ftp.sra.ebi.ac.uk/vol1/fastq/ERR108/003/ERR1082223/ERR1082223_1.fastq.gz;ftp.sra.ebi.ac.uk/vol1/fastq/ERR108/003/ERR1082223/ERR1082223_2.fastq.gz	85428072;84630211	34f5dc425fed3ffe4a9534801c021120;c5a6adc7e37ed90c64e43bb0d61635db
ERR1082224	2	4	PAIRED	ftp.sra.ebi.ac.uk/vol1/fastq/ERR108/004/ERR1082224/ERR1082224_1.fastq.gz;ftp.sra.ebi.ac.uk/vol1/fastq/ERR108/004/ERR1082224/ERR1082224_2.fastq.gz	86977934;86492498	8e581c1d5166f38db21c9b5b7e18b5e4;ae2458b982bf30c9294976dc5e900c3c
ERR1082225	2	4	PAIRED	ftp.sra.ebi.ac.uk/vol1/fastq/ERR108/005/ERR1082225/ERR1082225_1.fastq.gz;ftp.sra.ebi.ac.uk/vol1/fastq/ERR108/005/ERR1082225/ERR1082225_2.fastq.gz	82519318;81596855	d9cb64ed8396b46f23c58cc967cd093b;ab9eca5708a4081cc2875126eb850878
ERR1082226	2	8	PAIRED	ftp.sra.ebi.ac.uk/vol1/fastq/ERR108/006/ERR1082226/ERR1082226_1.fastq.gz;ftp.sra.ebi.ac.uk/vol1/fastq/ERR108/006/ERR1082226/ERR1082226_2.fastq.gz	87089018;85810654	c75f1b5674d023778b08d8c33876394d;ea09bfa83f168ef4aae21bcc63187eec
ERR1082227	2	8	PAIRED	ftp.sra.ebi.ac.uk/vol1/fastq/ERR108/007/ERR1082227/ERR1082227_1.fastq.gz;ftp.sra.ebi.ac.uk/vol1/fastq/ERR108/007/ERR1082227/ERR1082227_2.fastq.gz	85221997;85074969	b4eb0ed079d5c884b337bb1668c7e562;222615f3f80746985e360fc5091311a2
ERR1082228	2	2	PAIRED	ftp.sra.ebi.ac.uk/vol1/fastq/ERR108/008/ERR1082228/ERR1082228_1.fastq.gz;ftp.sra.ebi.ac.uk/vol1/fastq/ERR108/008/ERR1082228/ERR1082228_2.fastq.gz	104820943;103850856	868f4d2e8bfe043e6e1c915431b3759f;68aa947a2e44d3eb708caa62c8cfbf30
ERR1082229	2	8	PAIRED	ftp.sra.ebi.ac.uk/vol1/fastq/ERR108/009/ERR1082229/ERR1082229_1.fastq.gz;ftp.sra.ebi.ac.uk/vol1/fastq/ERR108/009/ERR1082229/ERR1082229_2.fastq.gz	96020141;94993626	110feba70998516103c3b3ddbb401e18;8ce3a0c12b3969cef3f8d9f11a6d00a4
ERR1082230	2	8	PAIRED	ftp.sra.ebi.ac.uk/vol1/fastq/ERR108/000/ERR1082230/ERR1082230_1.fastq.gz;ftp.sra.ebi.ac.uk/vol1/fastq/ERR108/000/ERR1082230/ERR1082230_2.fastq.gz	79296693;76852037	a9348dd1de6a4b8c0ac5b98d007857fb;445b1ceeef927bd9e56a21bdbfa6e0bc
ERR1082231	2	8	PAIRED	ftp.sra.ebi.ac.uk/vol1/fastq/ERR108/001/ERR1082231/ERR1082231_1.fastq.gz;ftp.sra.ebi.ac.uk/vol1/fastq/ERR108/001/ERR1082231/ERR1082231_2.fastq.gz	96614920;93305590	47f37ca089c789166e6107f32a8c2247;7d0299783ba42057f0a1b3f3c9ab8178
ERR1082232	2	8	PAIRED	ftp.sra.ebi.ac.uk/vol1/fastq/ERR108/002/ERR1082232/ERR1082232_1.fastq.gz;ftp.sra.ebi.ac.uk/vol1/fastq/ERR108/002/ERR1082232/ERR1082232_2.fastq.gz	93978709;90692517	c3403cf3dd93c7a7d2dcff71225311b0;b4f0e73af672518098de856cfbba9e59
ERR1082233	2	8	PAIRED	ftp.sra.ebi.ac.uk/vol1/fastq/ERR108/003/ERR1082233/ERR1082233_1.fastq.gz;ftp.sra.ebi.ac.uk/vol1/fastq/ERR108/003/ERR1082233/ERR1082233_2.fastq.gz	86809414;87197580	8dba39c41d217ca3988a28bb1b041099;fe764f375515e88836c690d6fd613f88
ERR1082234	2	8	PAIRED	ftp.sra.ebi.ac.uk/vol1/fastq/ERR108/004/ERR1082234/ERR1082234_1.fastq.gz;ftp.sra.ebi.ac.uk/vol1/fastq/ERR108/004/ERR1082234/ERR1082234_2.fastq.gz	74067188;74326248	8380c7b0f1b8287ebce7fcd35cdd6035;9fcfb7f54e2981f50f3a80a6a7655e14
ERR1082235	2	2	PAIRED	ftp.sra.ebi.ac.uk/vol1/fastq/ERR108/005/ERR1082235/ERR1082235_1.fastq.gz;ftp.sra.ebi.ac.uk/vol1/fastq/ERR108/005/ERR1082235/ERR1082235_2.fastq.gz	90810265;88522782	cc77201640da0f7d4e2e2bb2540cb6e5;a8b9e0b93c77180715c0708fd78494d6
ERR1082236	2	2	PAIRED	ftp.sra.ebi.ac.uk/vol1/fastq/ERR108/006/ERR1082236/ERR1082236_1.fastq.gz;ftp.sra.ebi.ac.uk/vol1/fastq/ERR108/006/ERR1082236/ERR1082236_2.fastq.gz	96568577;94131439	12b75c7ffb1e128536ab0068e6d13be8;bd0854c5785845f60a1bc60d9056b462
ERR1082237	2	2	PAIRED	ftp.sra.ebi.ac.uk/vol1/fastq/ERR108/007/ERR1082237/ERR1082237_1.fastq.gz;ftp.sra.ebi.ac.uk/vol1/fastq/ERR108/007/ERR1082237/ERR1082237_2.fastq.gz	105796252;107081515	c19058dc0f8f19dca3d4a9c89d676f63;a138a5e926ca099437dec97515c950f5
ERR1082238	2	4	PAIRED	ftp.sra.ebi.ac.uk/vol1/fastq/ERR108/008/ERR1082238/ERR1082238_1.fastq.gz;ftp.sra.ebi.ac.uk/vol1/fastq/ERR108/008/ERR1082238/ERR1082238_2.fastq.gz	92422685;89886506	5d3259529c497b95fc076c38adc8afc5;1f343264a753564a0b61dabcf24d6214
ERR1082239	2	2	PAIRED	ftp.sra.ebi.ac.uk/vol1/fastq/ERR108/009/ERR1082239/ERR1082239_1.fastq.gz;ftp.sra.ebi.ac.uk/vol1/fastq/ERR108/009/ERR1082239/ERR1082239_2.fastq.gz	115826872;115432884	643935603f21960e580092c3b0b97b29;d6c712c9a92551172adb32e548060820
ERR1082240	2	4	PAIRED	ftp.sra.ebi.ac.uk/vol1/fastq/ERR108/000/ERR1082240/ERR1082240_1.fastq.gz;ftp.sra.ebi.ac.uk/vol1/fastq/ERR108/000/ERR1082240/ERR1082240_2.fastq.gz	93005534;97815949	613f05726121be30a2477ebfab11b632;5b2ccc91dfd2377b908c9e2a6a1c7b1e
ERR1082241	2	2	PAIRED	ftp.sra.ebi.ac.uk/vol1/fastq/ERR108/001/ERR1082241/ERR1082241_1.fastq.gz;ftp.sra.ebi.ac.uk/vol1/fastq/ERR108/001/ERR1082241/ERR1082241_2.fastq.gz	86186804;84525617	0c699c3c21ba970dc99f321430e46d5c;389edde6fdc34e0861d3a26bb0041036
ERR1082242	2	2	PAIRED	ftp.sra.ebi.ac.uk/vol1/fastq/ERR108/002/ERR1082242/ERR1082242_1.fastq.gz;ftp.sra.ebi.ac.uk/vol1/fastq/ERR108/002/ERR1082242/ERR1082242_2.fastq.gz	78867170;78744868	80088a17c21a6fce1fa65aca302ffee0;3c694a904e8c57e0e5900a3ac5117e7c
ERR1082243	2	16	PAIRED	ftp.sra.ebi.ac.uk/vol1/fastq/ERR108/003/ERR1082243/ERR1082243_1.fastq.gz;ftp.sra.ebi.ac.uk/vol1/fastq/ERR108/003/ERR1082243/ERR1082243_2.fastq.gz	82798185;83107260	ebd5d5b1e4a95a3324c93bd0cea0e6af;a341965f29187a0afe9f9e5008feb10e
ERR1082244	2	2	PAIRED	ftp.sra.ebi.ac.uk/vol1/fastq/ERR108/004/ERR1082244/ERR1082244_1.fastq.gz;ftp.sra.ebi.ac.uk/vol1/fastq/ERR108/004/ERR1082244/ERR1082244_2.fastq.gz	102100259;100203994	b1feddc62e2ea66a3c7cdb8e7b48ffb7;16abc58f0fe2c59910f62161124d28d3
ERR1082245	2	2	PAIRED	ftp.sra.ebi.ac.uk/vol1/fastq/ERR108/005/ERR1082245/ERR1082245_1.fastq.gz;ftp.sra.ebi.ac.uk/vol1/fastq/ERR108/005/ERR1082245/ERR1082245_2.fastq.gz	90720389;93058149	214f41066567f9bd76c16031c6784375;42d5a750417b3779ab75fc931922cdf0
ERR1082246	2	2	PAIRED	ftp.sra.ebi.ac.uk/vol1/fastq/ERR108/006/ERR1082246/ERR1082246_1.fastq.gz;ftp.sra.ebi.ac.uk/vol1/fastq/ERR108/006/ERR1082246/ERR1082246_2.fastq.gz	112361181;112763395	5b49e15e4d2f3ddd2bd3515f4a8fc678;28132b3e508b805d37ffb5cfc774c484
ERR1082247	2	2	PAIRED	ftp.sra.ebi.ac.uk/vol1/fastq/ERR108/007/ERR1082247/ERR1082247_1.fastq.gz;ftp.sra.ebi.ac.uk/vol1/fastq/ERR108/007/ERR1082247/ERR1082247_2.fastq.gz	110779144;110718916	0a7e5a646bfa9cd2cbab65340c869a58;3878a98c37951939bd725c75bbd50479
ERR1082248	2	4	PAIRED	ftp.sra.ebi.ac.uk/vol1/fastq/ERR108/008/ERR1082248/ERR1082248_1.fastq.gz;ftp.sra.ebi.ac.uk/vol1/fastq/ERR108/008/ERR1082248/ERR1082248_2.fastq.gz	108028711;111980216	dce501afda1ab0f7004daeb3e7f7e35d;dd1823ccf8a96c64013932cec35b95b5
ERR1082249	2	2	PAIRED	ftp.sra.ebi.ac.uk/vol1/fastq/ERR108/009/ERR1082249/ERR1082249_1.fastq.gz;ftp.sra.ebi.ac.uk/vol1/fastq/ERR108/009/ERR1082249/ERR1082249_2.fastq.gz	90308664;90422747	d54d21115a7bcfbe6408dee48a880501;f1d13b921ef9ab3a51aa01c3a07d48e3
ERR1082251	2	2	PAIRED	ftp.sra.ebi.ac.uk/vol1/fastq/ERR108/001/ERR1082251/ERR1082251_1.fastq.gz;ftp.sra.ebi.ac.uk/vol1/fastq/ERR108/001/ERR1082251/ERR1082251_2.fastq.gz	97231243;98503659	4cdf187cc6882bc84ac676b1ce186205;11be0d204bbce8cfec46448b23c4ff4b
ERR1082252	2	2	PAIRED	ftp.sra.ebi.ac.uk/vol1/fastq/ERR108/002/ERR1082252/ERR1082252_1.fastq.gz;ftp.sra.ebi.ac.uk/vol1/fastq/ERR108/002/ERR1082252/ERR1082252_2.fastq.gz	90062339;89956500	5c0942631a3b8cd653a8ab60f7bf4e81;13f91424dbc19898e930e2e24136e385
ERR1082253	2	16	PAIRED	ftp.sra.ebi.ac.uk/vol1/fastq/ERR108/003/ERR1082253/ERR1082253_1.fastq.gz;ftp.sra.ebi.ac.uk/vol1/fastq/ERR108/003/ERR1082253/ERR1082253_2.fastq.gz	98384944;98271349	e1821231bb914059ca40062fd1a0cc92;44671498e57dba33d1e22f2ca5ae279a
ERR1082254	2	4	PAIRED	ftp.sra.ebi.ac.uk/vol1/fastq/ERR108/004/ERR1082254/ERR1082254_1.fastq.gz;ftp.sra.ebi.ac.uk/vol1/fastq/ERR108/004/ERR1082254/ERR1082254_2.fastq.gz	94612870;94220542	f97bacbdf4446c8ad2699bcdbf43daf0;3620f32b902ecec2d38736a6d60da4cb
ERR1082255	2	4	PAIRED	ftp.sra.ebi.ac.uk/vol1/fastq/ERR108/005/ERR1082255/ERR1082255_1.fastq.gz;ftp.sra.ebi.ac.uk/vol1/fastq/ERR108/005/ERR1082255/ERR1082255_2.fastq.gz	103760791;106803434	d221537139d9b3f038dbdbe7afd528bc;f960c1f83c7cb60b5ebd7a21a05be5f5
ERR1082256	2	2	PAIRED	ftp.sra.ebi.ac.uk/vol1/fastq/ERR108/006/ERR1082256/ERR1082256_1.fastq.gz;ftp.sra.ebi.ac.uk/vol1/fastq/ERR108/006/ERR1082256/ERR1082256_2.fastq.gz	101577035;104305621	538f809f8378e25d68a171217714fd64;7263c9be2091ee359cd25ccb75d33fb7
ERR1082257	2	2	PAIRED	ftp.sra.ebi.ac.uk/vol1/fastq/ERR108/007/ERR1082257/ERR1082257_1.fastq.gz;ftp.sra.ebi.ac.uk/vol1/fastq/ERR108/007/ERR1082257/ERR1082257_2.fastq.gz	92457748;96054487	dbabb19f0f87005c3a3de7db29f6d03b;e7bbefa360a38af34f08a68b5f9d96ac
ERR1082258	2	2	PAIRED	ftp.sra.ebi.ac.uk/vol1/fastq/ERR108/008/ERR1082258/ERR1082258_1.fastq.gz;ftp.sra.ebi.ac.uk/vol1/fastq/ERR108/008/ERR1082258/ERR1082258_2.fastq.gz	85986395;87647328	870acea9b02dfaaf335383841e6faa94;1f4fbc9937f9c4bb62c731058c2106bd
ERR1082259	2	4	PAIRED	ftp.sra.ebi.ac.uk/vol1/fastq/ERR108/009/ERR1082259/ERR1082259_1.fastq.gz;ftp.sra.ebi.ac.uk/vol1/fastq/ERR108/009/ERR1082259/ERR1082259_2.fastq.gz	92429705;93184592	d7f1e483d9b5264c50d1201aa603a7d5;bd119d66f688b83e59f11d39d0bf9d31
ERR1082260	2	2	PAIRED	ftp.sra.ebi.ac.uk/vol1/fastq/ERR108/000/ERR1082260/ERR1082260_1.fastq.gz;ftp.sra.ebi.ac.uk/vol1/fastq/ERR108/000/ERR1082260/ERR1082260_2.fastq.gz	103709126;108685916	cb39899f651f2a46631a0ae98acd6ec4;8785ec0dced0dd8ac69f644499a3d9b5
ERR1082261	2	16	PAIRED	ftp.sra.ebi.ac.uk/vol1/fastq/ERR108/001/ERR1082261/ERR1082261_1.fastq.gz;ftp.sra.ebi.ac.uk/vol1/fastq/ERR108/001/ERR1082261/ERR1082261_2.fastq.gz	105569732;101292560	c247dce85c9837821045ca5c35cc979f;eea283c805967e655836a813c277dc3c
ERR1082262	2	2	PAIRED	ftp.sra.ebi.ac.uk/vol1/fastq/ERR108/002/ERR1082262/ERR1082262_1.fastq.gz;ftp.sra.ebi.ac.uk/vol1/fastq/ERR108/002/ERR1082262/ERR1082262_2.fastq.gz	102712240;104543172	10a09cb7735b6f91233ac9f0759ebcb3;6cc8d3c64231de2ca1aedc1914446bcf
ERR191730	2 and 3	1	PAIRED	ftp.sra.ebi.ac.uk/vol1/fastq/ERR191/ERR191730/ERR191730_1.fastq.gz;ftp.sra.ebi.ac.uk/vol1/fastq/ERR191/ERR191730/ERR191730_2.fastq.gz	216974739;223895094	bb78b0a5d75a28e641f95c778b85eac5;f70ddf069df6e29d0386b8ccf5fd3d09
ERR191731	2 and 3	1	PAIRED	ftp.sra.ebi.ac.uk/vol1/fastq/ERR191/ERR191731/ERR191731_1.fastq.gz;ftp.sra.ebi.ac.uk/vol1/fastq/ERR191/ERR191731/ERR191731_2.fastq.gz	336070650;346844829	c691b6cc531024fe56a52a47d89fe81c;28bf99dbe287ab8536a817acee17c15a
ERR191732	2 and 3	1	PAIRED	ftp.sra.ebi.ac.uk/vol1/fastq/ERR191/ERR191732/ERR191732_1.fastq.gz;ftp.sra.ebi.ac.uk/vol1/fastq/ERR191/ERR191732/ERR191732_2.fastq.gz	171707804;177333176	3aebd61cef5824627e95fc9ac18babe1;6970b315b430bd661394558f1747c305
ERR191733	2 and 3	1	PAIRED	ftp.sra.ebi.ac.uk/vol1/fastq/ERR191/ERR191733/ERR191733_1.fastq.gz;ftp.sra.ebi.ac.uk/vol1/fastq/ERR191/ERR191733/ERR191733_2.fastq.gz	173354765;178743490	d8613331c8c3a87eb1a9190a2d08409c;884409255dac3280a6c1b583d0b9e30d
ERR191734	2 and 3	1	PAIRED	ftp.sra.ebi.ac.uk/vol1/fastq/ERR191/ERR191734/ERR191734_1.fastq.gz;ftp.sra.ebi.ac.uk/vol1/fastq/ERR191/ERR191734/ERR191734_2.fastq.gz	191496480;197589219	a8f581e5bf19a4c68755cddbc0fbbc2a;5f96661ef84557c592e468be7a5da302
ERR191735	2 and 3	1	PAIRED	ftp.sra.ebi.ac.uk/vol1/fastq/ERR191/ERR191735/ERR191735_1.fastq.gz;ftp.sra.ebi.ac.uk/vol1/fastq/ERR191/ERR191735/ERR191735_2.fastq.gz	281607460;290757866	93562ec5898af82b87971b437a898a83;3835fa14efbbd95e1389ce14111bc13d
ERR191736	2 and 3	0.5	PAIRED	ftp.sra.ebi.ac.uk/vol1/fastq/ERR191/ERR191736/ERR191736_1.fastq.gz;ftp.sra.ebi.ac.uk/vol1/fastq/ERR191/ERR191736/ERR191736_2.fastq.gz	237224886;244683230	5c5ab79978cc6003ae82b0464501145c;46366f854caddaddbce67efe110a237e
ERR191737	2 and 3	0.25	PAIRED	ftp.sra.ebi.ac.uk/vol1/fastq/ERR191/ERR191737/ERR191737_1.fastq.gz;ftp.sra.ebi.ac.uk/vol1/fastq/ERR191/ERR191737/ERR191737_2.fastq.gz	275513289;284128012	542c9e0eb3655503dbbd288867336c04;67c4000108a080be222a748904673309
ERR191738	2 and 3	0.25	PAIRED	ftp.sra.ebi.ac.uk/vol1/fastq/ERR191/ERR191738/ERR191738_1.fastq.gz;ftp.sra.ebi.ac.uk/vol1/fastq/ERR191/ERR191738/ERR191738_2.fastq.gz	173708376;179253969	8ae8d9fe02411d39cbdb38431b9c7184;5d2ed61dbe1896a57f8ce5d7e6223dd3
ERR191739	2 and 3	0.5	PAIRED	ftp.sra.ebi.ac.uk/vol1/fastq/ERR191/ERR191739/ERR191739_1.fastq.gz;ftp.sra.ebi.ac.uk/vol1/fastq/ERR191/ERR191739/ERR191739_2.fastq.gz	185867608;191579331	772db370e7d549e6048a3e3a8d664625;0c68c1e34d15390be5c98d50ec4929aa
ERR191741	2 and 3	0.25	PAIRED	ftp.sra.ebi.ac.uk/vol1/fastq/ERR191/ERR191741/ERR191741_1.fastq.gz;ftp.sra.ebi.ac.uk/vol1/fastq/ERR191/ERR191741/ERR191741_2.fastq.gz	273263973;281768481	9c31c1079b0f950396cc5fbebdf0cae5;c5c7a29fac028ef6e29f04221fc1af08
ERR191743	2	0.5	PAIRED	ftp.sra.ebi.ac.uk/vol1/fastq/ERR191/ERR191743/ERR191743_1.fastq.gz;ftp.sra.ebi.ac.uk/vol1/fastq/ERR191/ERR191743/ERR191743_2.fastq.gz	277934595;286432956	6815ae11d3d9f86b48fc192f65d70e94;36fe739e29febf235a904368d04aa1c5
ERR191746	2 and 3	1	PAIRED	ftp.sra.ebi.ac.uk/vol1/fastq/ERR191/ERR191746/ERR191746_1.fastq.gz;ftp.sra.ebi.ac.uk/vol1/fastq/ERR191/ERR191746/ERR191746_2.fastq.gz	337610298;348134965	5857a90644d759ba8359568763a9f816;ea7a28fd60b3ffec0b5c2df2bd5ed5f5
ERR191747	2 and 3	8	PAIRED	ftp.sra.ebi.ac.uk/vol1/fastq/ERR191/ERR191747/ERR191747_1.fastq.gz;ftp.sra.ebi.ac.uk/vol1/fastq/ERR191/ERR191747/ERR191747_2.fastq.gz	175924747;181729623	f68eceeb12997253d3058add0205d1d4;78f911b00cb61dcdaf177c13e136b97a
ERR191748	2 and 3	1	PAIRED	ftp.sra.ebi.ac.uk/vol1/fastq/ERR191/ERR191748/ERR191748_1.fastq.gz;ftp.sra.ebi.ac.uk/vol1/fastq/ERR191/ERR191748/ERR191748_2.fastq.gz	219452355;226729526	f0e716b54615d04689d4c8442334c5de;e96e8e82ef5f0f6ddd315d04c6ad5b42
ERR191749	2 and 3	0.5	PAIRED	ftp.sra.ebi.ac.uk/vol1/fastq/ERR191/ERR191749/ERR191749_1.fastq.gz;ftp.sra.ebi.ac.uk/vol1/fastq/ERR191/ERR191749/ERR191749_2.fastq.gz	229368679;236590027	fcb24f4805e2dc92da22031cf1e86e88;0d58b693fc9d748715cbe83bf508b24b
ERR191750	2 and 3	1	PAIRED	ftp.sra.ebi.ac.uk/vol1/fastq/ERR191/ERR191750/ERR191750_1.fastq.gz;ftp.sra.ebi.ac.uk/vol1/fastq/ERR191/ERR191750/ERR191750_2.fastq.gz	370661534;381986132	e91cd64ebd7d496d64fc0cdf3b599653;647596a8199ebe68df080e07c5a69625
ERR191751	2 and 3	0.5	PAIRED	ftp.sra.ebi.ac.uk/vol1/fastq/ERR191/ERR191751/ERR191751_1.fastq.gz;ftp.sra.ebi.ac.uk/vol1/fastq/ERR191/ERR191751/ERR191751_2.fastq.gz	218435623;225248783	a8e4de870f737c17e711044704d4b55c;9234a569bc35b26aa46447a80f639b29
ERR191752	2 and 3	0.5	PAIRED	ftp.sra.ebi.ac.uk/vol1/fastq/ERR191/ERR191752/ERR191752_1.fastq.gz;ftp.sra.ebi.ac.uk/vol1/fastq/ERR191/ERR191752/ERR191752_2.fastq.gz	292330038;301057088	649ed85cb2e5a30ffa790faef42d7fba;27b6f28da67edeffdfd470e21b570fce
ERR191753	2 and 3	0.5	PAIRED	ftp.sra.ebi.ac.uk/vol1/fastq/ERR191/ERR191753/ERR191753_1.fastq.gz;ftp.sra.ebi.ac.uk/vol1/fastq/ERR191/ERR191753/ERR191753_2.fastq.gz	211086998;217828208	97a8c488bbb2af7c543278b38710d977;28c28bfea779f12835d64e4682409bfd
ERR191755	2 and 3	0.5	PAIRED	ftp.sra.ebi.ac.uk/vol1/fastq/ERR191/ERR191755/ERR191755_1.fastq.gz;ftp.sra.ebi.ac.uk/vol1/fastq/ERR191/ERR191755/ERR191755_2.fastq.gz	154491624;159248389	5ad59aded00d89756128a913fbb313a2;0237c244524b977a19dd830a3f9c2da3
ERR191756	2 and 3	0.5	PAIRED	ftp.sra.ebi.ac.uk/vol1/fastq/ERR191/ERR191756/ERR191756_1.fastq.gz;ftp.sra.ebi.ac.uk/vol1/fastq/ERR191/ERR191756/ERR191756_2.fastq.gz	148198826;153095144	d43f2bed2feb45d55987a5c1e5190e74;09f60859bc1acefd07db0151dd22241d
ERR191757	2 and 3	1	PAIRED	ftp.sra.ebi.ac.uk/vol1/fastq/ERR191/ERR191757/ERR191757_1.fastq.gz;ftp.sra.ebi.ac.uk/vol1/fastq/ERR191/ERR191757/ERR191757_2.fastq.gz	197791783;204478353	dc9bd8a09885933460f9392b9a4f784a;d11cb7404f3b3f990424552ce12c9b92
ERR191759	2 and 3	1	PAIRED	ftp.sra.ebi.ac.uk/vol1/fastq/ERR191/ERR191759/ERR191759_1.fastq.gz;ftp.sra.ebi.ac.uk/vol1/fastq/ERR191/ERR191759/ERR191759_2.fastq.gz	177901827;183431430	3e753768dda5923833378d94fea6c928;baa346d42acc6b4888a7a1fc9ce528c9
ERR191760	2 and 3	0.5	PAIRED	ftp.sra.ebi.ac.uk/vol1/fastq/ERR191/ERR191760/ERR191760_1.fastq.gz;ftp.sra.ebi.ac.uk/vol1/fastq/ERR191/ERR191760/ERR191760_2.fastq.gz	186373993;192293845	8d961a9707acb647e3c4acdde84f69aa;1f58cbe6b2e731a09180a101bcdb28f1
ERR191761	2 and 3	0.5	PAIRED	ftp.sra.ebi.ac.uk/vol1/fastq/ERR191/ERR191761/ERR191761_1.fastq.gz;ftp.sra.ebi.ac.uk/vol1/fastq/ERR191/ERR191761/ERR191761_2.fastq.gz	191818376;197607977	cfc4ed9d735afbafacfad8d0ce276d21;adda2c7c2df675ffc104306c97dcb700
ERR191762	2 and 3	0.25	PAIRED	ftp.sra.ebi.ac.uk/vol1/fastq/ERR191/ERR191762/ERR191762_1.fastq.gz;ftp.sra.ebi.ac.uk/vol1/fastq/ERR191/ERR191762/ERR191762_2.fastq.gz	179804184;185687927	57294be7362b943b045cf2635d36d5b1;26f48c498a5e30832e8676df5489348f
ERR191763	2 and 3	1	PAIRED	ftp.sra.ebi.ac.uk/vol1/fastq/ERR191/ERR191763/ERR191763_1.fastq.gz;ftp.sra.ebi.ac.uk/vol1/fastq/ERR191/ERR191763/ERR191763_2.fastq.gz	187077680;193292278	1e672ab4c321aceb9c9a43f99ce62e33;3c30d2d39940090ef71db7b22f344b3f
ERR191764	2 and 3	1	PAIRED	ftp.sra.ebi.ac.uk/vol1/fastq/ERR191/ERR191764/ERR191764_1.fastq.gz;ftp.sra.ebi.ac.uk/vol1/fastq/ERR191/ERR191764/ERR191764_2.fastq.gz	525023339;540863828	37cfd299cd2393527329709f49a643ed;f7bc21bf89d0327849847375d8dc98c1
ERR191765	2 and 3	0.5	PAIRED	ftp.sra.ebi.ac.uk/vol1/fastq/ERR191/ERR191765/ERR191765_1.fastq.gz;ftp.sra.ebi.ac.uk/vol1/fastq/ERR191/ERR191765/ERR191765_2.fastq.gz	402102480;415190384	a44362e090bfefeff237f6d9a0f9bfea;e618eb3143a9057d36b3a6bef1e6c2f7
ERR191766	2 and 3	0.5	PAIRED	ftp.sra.ebi.ac.uk/vol1/fastq/ERR191/ERR191766/ERR191766_1.fastq.gz;ftp.sra.ebi.ac.uk/vol1/fastq/ERR191/ERR191766/ERR191766_2.fastq.gz	332891986;342906690	f8dc4bde987683fe9f310b190355cc36;1311e2f62ab80bfe8328174b06644b78
ERR191767	2 and 3	8	PAIRED	ftp.sra.ebi.ac.uk/vol1/fastq/ERR191/ERR191767/ERR191767_1.fastq.gz;ftp.sra.ebi.ac.uk/vol1/fastq/ERR191/ERR191767/ERR191767_2.fastq.gz	174056477;179295472	e41bf31d88cdef5f9dd89572d4c5618a;56b2d6198733d4021238f5905f29f4b4
ERR191768	2 and 3	1	PAIRED	ftp.sra.ebi.ac.uk/vol1/fastq/ERR191/ERR191768/ERR191768_1.fastq.gz;ftp.sra.ebi.ac.uk/vol1/fastq/ERR191/ERR191768/ERR191768_2.fastq.gz	260447047;268669220	87d4ea1a960e241e435c64d6409ff144;77adac3748d681cf0fe13a54effed8fb
ERR191769	2 and 3	0.125	PAIRED	ftp.sra.ebi.ac.uk/vol1/fastq/ERR191/ERR191769/ERR191769_1.fastq.gz;ftp.sra.ebi.ac.uk/vol1/fastq/ERR191/ERR191769/ERR191769_2.fastq.gz	173523954;179112717	43117f9954a29551a3ce5815345dae96;b50a451ac488d24a42a4433469ef81e4
ERR191770	2 and 3	1	PAIRED	ftp.sra.ebi.ac.uk/vol1/fastq/ERR191/ERR191770/ERR191770_1.fastq.gz;ftp.sra.ebi.ac.uk/vol1/fastq/ERR191/ERR191770/ERR191770_2.fastq.gz	176058408;181649123	9ed9b38c3dd370e796e9d0ce6607212b;0e6bbd6ceaf916222741f5e7270f3a5f
ERR191771	2 and 3	1	PAIRED	ftp.sra.ebi.ac.uk/vol1/fastq/ERR191/ERR191771/ERR191771_1.fastq.gz;ftp.sra.ebi.ac.uk/vol1/fastq/ERR191/ERR191771/ERR191771_2.fastq.gz	166634324;172134956	798e297139d79d3346d55957d8d0a070;3257fe818b1b3162f8455c6ee2f9bb74
ERR191772	2 and 3	1	PAIRED	ftp.sra.ebi.ac.uk/vol1/fastq/ERR191/ERR191772/ERR191772_1.fastq.gz;ftp.sra.ebi.ac.uk/vol1/fastq/ERR191/ERR191772/ERR191772_2.fastq.gz	187598500;193912994	b095685873960d3ec118dad90652cfd6;2bff30a46878a89ee8df2b95d11c246d
ERR191773	2 and 3	0.5	PAIRED	ftp.sra.ebi.ac.uk/vol1/fastq/ERR191/ERR191773/ERR191773_1.fastq.gz;ftp.sra.ebi.ac.uk/vol1/fastq/ERR191/ERR191773/ERR191773_2.fastq.gz	240909874;248244538	80781c6e428f850d8e38a99c15fae977;71c5f5615fd2e20c80e9c3b36f7c4c18
ERR191774	2 and 3	1	PAIRED	ftp.sra.ebi.ac.uk/vol1/fastq/ERR191/ERR191774/ERR191774_1.fastq.gz;ftp.sra.ebi.ac.uk/vol1/fastq/ERR191/ERR191774/ERR191774_2.fastq.gz	178402381;183856948	4bee188623e4bb59f6f72669ee400461;cc419267207818553a9a35c12f7998a7
ERR191775	2 and 3	1	PAIRED	ftp.sra.ebi.ac.uk/vol1/fastq/ERR191/ERR191775/ERR191775_1.fastq.gz;ftp.sra.ebi.ac.uk/vol1/fastq/ERR191/ERR191775/ERR191775_2.fastq.gz	179819211;185829709	4516117fe855f16c0e1cf3bdc117238c;121c1ba2889aa6cd459ce0b93058ef02
ERR191776	2 and 3	1	PAIRED	ftp.sra.ebi.ac.uk/vol1/fastq/ERR191/ERR191776/ERR191776_1.fastq.gz;ftp.sra.ebi.ac.uk/vol1/fastq/ERR191/ERR191776/ERR191776_2.fastq.gz	194735880;200806881	191bdbb4e9093d20facd2117b2ee5db2;9eb50d14405d90ddcf362416bd758419
ERR191778	2 and 3	1	PAIRED	ftp.sra.ebi.ac.uk/vol1/fastq/ERR191/ERR191778/ERR191778_1.fastq.gz;ftp.sra.ebi.ac.uk/vol1/fastq/ERR191/ERR191778/ERR191778_2.fastq.gz	292361418;301766459	df83a987a327cdf9037bd338b4d53187;470f2056b75557a93f2b89eab4264562
ERR191779	2 and 3	<=0.03	PAIRED	ftp.sra.ebi.ac.uk/vol1/fastq/ERR191/ERR191779/ERR191779_1.fastq.gz;ftp.sra.ebi.ac.uk/vol1/fastq/ERR191/ERR191779/ERR191779_2.fastq.gz	207043889;213791748	1f86fcee6516ee0d9ab74d4129fab0cc;733baf6100c594b788ee4e6c8475dcbd
ERR191780	2 and 3	0.5	PAIRED	ftp.sra.ebi.ac.uk/vol1/fastq/ERR191/ERR191780/ERR191780_1.fastq.gz;ftp.sra.ebi.ac.uk/vol1/fastq/ERR191/ERR191780/ERR191780_2.fastq.gz	181510087;187080223	5bf7c8407c4a2b22f38acdb5a596a35e;eac5247d6a76055232b83587595ea85f
ERR191781	2 and 3	0.5	PAIRED	ftp.sra.ebi.ac.uk/vol1/fastq/ERR191/ERR191781/ERR191781_1.fastq.gz;ftp.sra.ebi.ac.uk/vol1/fastq/ERR191/ERR191781/ERR191781_2.fastq.gz	167903337;173489490	e1c1e5852ed8a80a7ab7aed646a9dcaf;f3f20bb2edab38caad860f11c7981965
ERR191782	2 and 3	1	PAIRED	ftp.sra.ebi.ac.uk/vol1/fastq/ERR191/ERR191782/ERR191782_1.fastq.gz;ftp.sra.ebi.ac.uk/vol1/fastq/ERR191/ERR191782/ERR191782_2.fastq.gz	177758510;183609364	4650e4d744ebbd993887a6f20f2346c2;ec368e0b48959c6cb98ec8ae6847771c
ERR191783	2 and 3	1	PAIRED	ftp.sra.ebi.ac.uk/vol1/fastq/ERR191/ERR191783/ERR191783_1.fastq.gz;ftp.sra.ebi.ac.uk/vol1/fastq/ERR191/ERR191783/ERR191783_2.fastq.gz	188684916;194592728	de034b8f2d70150459b603248c452e95;8d20a7e2f7fd84f02cdc859714f5abfe
ERR191784	2 and 3	1	PAIRED	ftp.sra.ebi.ac.uk/vol1/fastq/ERR191/ERR191784/ERR191784_1.fastq.gz;ftp.sra.ebi.ac.uk/vol1/fastq/ERR191/ERR191784/ERR191784_2.fastq.gz	220841428;228111754	52d8e8936d8e5c2050bd1d71a42d0a15;4f44e02a85de510515fd2fcb3f7e70ef
ERR191785	2 and 3	0.5	PAIRED	ftp.sra.ebi.ac.uk/vol1/fastq/ERR191/ERR191785/ERR191785_1.fastq.gz;ftp.sra.ebi.ac.uk/vol1/fastq/ERR191/ERR191785/ERR191785_2.fastq.gz	191722796;197706574	0ec98b7c8acaed51dcf0332515a1df32;e3976263f71b20da1012bec3fa3e32c0
ERR191786	2 and 3	0.5	PAIRED	ftp.sra.ebi.ac.uk/vol1/fastq/ERR191/ERR191786/ERR191786_1.fastq.gz;ftp.sra.ebi.ac.uk/vol1/fastq/ERR191/ERR191786/ERR191786_2.fastq.gz	386751599;398553386	e48ef89d9a5b5ee4fc5fc739b0f6d40c;2e66cb1971936ef1df7442f52cd8df24
ERR191787	2 and 3	0.5	PAIRED	ftp.sra.ebi.ac.uk/vol1/fastq/ERR191/ERR191787/ERR191787_1.fastq.gz;ftp.sra.ebi.ac.uk/vol1/fastq/ERR191/ERR191787/ERR191787_2.fastq.gz	201142392;207604346	41d03f8440776c9d6d399570320dc443;f8f7a6ecffd51f7c3fa63db9d07fca68
ERR191788	2 and 3	1	PAIRED	ftp.sra.ebi.ac.uk/vol1/fastq/ERR191/ERR191788/ERR191788_1.fastq.gz;ftp.sra.ebi.ac.uk/vol1/fastq/ERR191/ERR191788/ERR191788_2.fastq.gz	190071774;195932536	5bba7557e713019a9d6c142749636dc9;d1562ec3e695c2271d9e0b54f74c09b0
ERR191789	2 and 3	0.5	PAIRED	ftp.sra.ebi.ac.uk/vol1/fastq/ERR191/ERR191789/ERR191789_1.fastq.gz;ftp.sra.ebi.ac.uk/vol1/fastq/ERR191/ERR191789/ERR191789_2.fastq.gz	287595055;296872423	bb1e60367a2037200e7533ed32f52089;adcc7ef672f08050f932bc83aa273893
ERR191791	2 and 3	0.25	PAIRED	ftp.sra.ebi.ac.uk/vol1/fastq/ERR191/ERR191791/ERR191791_1.fastq.gz;ftp.sra.ebi.ac.uk/vol1/fastq/ERR191/ERR191791/ERR191791_2.fastq.gz	199462764;205725694	90e2999e879d1dd6c3012ce24ca16d58;372a215cb1e0381b6231f257a3393da3
ERR191792	2 and 3	0.5	PAIRED	ftp.sra.ebi.ac.uk/vol1/fastq/ERR191/ERR191792/ERR191792_1.fastq.gz;ftp.sra.ebi.ac.uk/vol1/fastq/ERR191/ERR191792/ERR191792_2.fastq.gz	206897792;213262314	a968e237f8f57b99272a2feec021e2f5;91c2543a1dca0c7db059187b023a8a64
ERR191793	2 and 3	1	PAIRED	ftp.sra.ebi.ac.uk/vol1/fastq/ERR191/ERR191793/ERR191793_1.fastq.gz;ftp.sra.ebi.ac.uk/vol1/fastq/ERR191/ERR191793/ERR191793_2.fastq.gz	193169138;199325809	0f14503cd29ea39654abcc6a43173ada;3668523ec6d48110bb194c82721add88
ERR191794	2 and 3	0.5	PAIRED	ftp.sra.ebi.ac.uk/vol1/fastq/ERR191/ERR191794/ERR191794_1.fastq.gz;ftp.sra.ebi.ac.uk/vol1/fastq/ERR191/ERR191794/ERR191794_2.fastq.gz	167333605;172371882	066f5be60144eceab360e6a73fba11dc;5b08bc0950462adb685958b293fe7ce2
ERR191795	2 and 3	1	PAIRED	ftp.sra.ebi.ac.uk/vol1/fastq/ERR191/ERR191795/ERR191795_1.fastq.gz;ftp.sra.ebi.ac.uk/vol1/fastq/ERR191/ERR191795/ERR191795_2.fastq.gz	176229002;181614863	fdfeaca840a2a24a34c3348dc026c949;b34879f93192fc7d450d8d44fef751f3
ERR191796	2 and 3	0.5	PAIRED	ftp.sra.ebi.ac.uk/vol1/fastq/ERR191/ERR191796/ERR191796_1.fastq.gz;ftp.sra.ebi.ac.uk/vol1/fastq/ERR191/ERR191796/ERR191796_2.fastq.gz	184608603;190607902	808d4d7e54ce9378399d8aeb204b9059;c4376247f56329dc3e1c15c626a68a67
ERR191797	2 and 3	0.5	PAIRED	ftp.sra.ebi.ac.uk/vol1/fastq/ERR191/ERR191797/ERR191797_1.fastq.gz;ftp.sra.ebi.ac.uk/vol1/fastq/ERR191/ERR191797/ERR191797_2.fastq.gz	377047415;388326319	627b0d81496d1c036bfd56a88fa5f9c8;9b41b120df78c3770844356f55dd1e7f
ERR191798	2 and 3	1	PAIRED	ftp.sra.ebi.ac.uk/vol1/fastq/ERR191/ERR191798/ERR191798_1.fastq.gz;ftp.sra.ebi.ac.uk/vol1/fastq/ERR191/ERR191798/ERR191798_2.fastq.gz	246150289;253640951	18a6125e33e2baa3c7846d26b4e7fba8;14570727c5554af037759b050d11370e
ERR191799	2 and 3	0.5	PAIRED	ftp.sra.ebi.ac.uk/vol1/fastq/ERR191/ERR191799/ERR191799_1.fastq.gz;ftp.sra.ebi.ac.uk/vol1/fastq/ERR191/ERR191799/ERR191799_2.fastq.gz	243975429;251656684	74c5c156e2b510cbc40e9ea7d53bbb16;19e0744d382c42c6b9e917fc2d016074
ERR191800	2 and 3	0.5	PAIRED	ftp.sra.ebi.ac.uk/vol1/fastq/ERR191/ERR191800/ERR191800_1.fastq.gz;ftp.sra.ebi.ac.uk/vol1/fastq/ERR191/ERR191800/ERR191800_2.fastq.gz	147845182;152456019	50c639adb746b2f1f6820fe1163dacc2;9138f13ec57bec66d43bd41533c55b96
ERR191801	2 and 3	0.5	PAIRED	ftp.sra.ebi.ac.uk/vol1/fastq/ERR191/ERR191801/ERR191801_1.fastq.gz;ftp.sra.ebi.ac.uk/vol1/fastq/ERR191/ERR191801/ERR191801_2.fastq.gz	271363418;279684419	4f683bbf567062e877a89e76121613dd;9eef09681d9434cd45867eba7cddfbcf
ERR191802	2 and 3	0.25	PAIRED	ftp.sra.ebi.ac.uk/vol1/fastq/ERR191/ERR191802/ERR191802_1.fastq.gz;ftp.sra.ebi.ac.uk/vol1/fastq/ERR191/ERR191802/ERR191802_2.fastq.gz	417760060;430522321	7fff764184007a03e484d0688ec9f9de;1e2ce92065a61ec855fdcd4be3b429ff
ERR191803	2 and 3	0.25	PAIRED	ftp.sra.ebi.ac.uk/vol1/fastq/ERR191/ERR191803/ERR191803_1.fastq.gz;ftp.sra.ebi.ac.uk/vol1/fastq/ERR191/ERR191803/ERR191803_2.fastq.gz	382298807;393251635	e8fc15ef0d4567bad7b8c46c53f6b05b;409e7762925582ade410d2152a6e06c1
ERR191804	2 and 3	0.5	PAIRED	ftp.sra.ebi.ac.uk/vol1/fastq/ERR191/ERR191804/ERR191804_1.fastq.gz;ftp.sra.ebi.ac.uk/vol1/fastq/ERR191/ERR191804/ERR191804_2.fastq.gz	190120145;195921153	d11382c63db67d9deacb4822dd298ad0;78aa9c4aaee9856eee564b0365333e1f
ERR191805	2 and 3	0.25	PAIRED	ftp.sra.ebi.ac.uk/vol1/fastq/ERR191/ERR191805/ERR191805_1.fastq.gz;ftp.sra.ebi.ac.uk/vol1/fastq/ERR191/ERR191805/ERR191805_2.fastq.gz	177535170;183171433	a5025672423b8dd1e629cbdfad74ff8a;1190723bd69a4a96aa05a792ac220d1d
ERR191806	2 and 3	1	PAIRED	ftp.sra.ebi.ac.uk/vol1/fastq/ERR191/ERR191806/ERR191806_1.fastq.gz;ftp.sra.ebi.ac.uk/vol1/fastq/ERR191/ERR191806/ERR191806_2.fastq.gz	203980328;209879745	e617ce803b8003507e379f08dafa4972;5a8f1d873f226ad20d35adcf64b881e9
ERR191807	2 and 3	0.06	PAIRED	ftp.sra.ebi.ac.uk/vol1/fastq/ERR191/ERR191807/ERR191807_1.fastq.gz;ftp.sra.ebi.ac.uk/vol1/fastq/ERR191/ERR191807/ERR191807_2.fastq.gz	184328373;189880784	7de9a3af266fb90cab41c61cc27053b0;4461acd9c1f7b740f552d383050f7ad7
ERR191808	2 and 3	0.5	PAIRED	ftp.sra.ebi.ac.uk/vol1/fastq/ERR191/ERR191808/ERR191808_1.fastq.gz;ftp.sra.ebi.ac.uk/vol1/fastq/ERR191/ERR191808/ERR191808_2.fastq.gz	247936442;255193437	9f0d272f826adc2b77c751c27f0b1798;96ed891b2015949e6f3eba55dc340686
ERR191809	2 and 3	1	PAIRED	ftp.sra.ebi.ac.uk/vol1/fastq/ERR191/ERR191809/ERR191809_1.fastq.gz;ftp.sra.ebi.ac.uk/vol1/fastq/ERR191/ERR191809/ERR191809_2.fastq.gz	211402904;217680247	d1f17d1378115724ac35cac73124161f;9c4dc861f024b0964aba0b87ead2c1ec
ERR191810	2 and 3	0.125	PAIRED	ftp.sra.ebi.ac.uk/vol1/fastq/ERR191/ERR191810/ERR191810_1.fastq.gz;ftp.sra.ebi.ac.uk/vol1/fastq/ERR191/ERR191810/ERR191810_2.fastq.gz	180330851;185682565	ee02b7a6cd5e4c54228271e3ff8c52c0;7a5f506c4f94f369c4096e61cf158c6d
ERR191811	2 and 3	0.25	PAIRED	ftp.sra.ebi.ac.uk/vol1/fastq/ERR191/ERR191811/ERR191811_1.fastq.gz;ftp.sra.ebi.ac.uk/vol1/fastq/ERR191/ERR191811/ERR191811_2.fastq.gz	413739028;428617057	308ac12df7f5c09f18baf6529969036f;7eacd2ab5399aa2d213795f287a184bf
ERR191812	2 and 3	0.5	PAIRED	ftp.sra.ebi.ac.uk/vol1/fastq/ERR191/ERR191812/ERR191812_1.fastq.gz;ftp.sra.ebi.ac.uk/vol1/fastq/ERR191/ERR191812/ERR191812_2.fastq.gz	268420975;276420721	1e14ff18310f63188e66c5c3cf0a898c;d27a446bad148560185959e5a2e8cfdd
ERR191813	2 and 3	1	PAIRED	ftp.sra.ebi.ac.uk/vol1/fastq/ERR191/ERR191813/ERR191813_1.fastq.gz;ftp.sra.ebi.ac.uk/vol1/fastq/ERR191/ERR191813/ERR191813_2.fastq.gz	209803036;216221408	2cf4bea536d42a179831c54213b77ca0;e56c1e0f0a08e63dba105e46151d1b64
ERR191814	2 and 3	0.5	PAIRED	ftp.sra.ebi.ac.uk/vol1/fastq/ERR191/ERR191814/ERR191814_1.fastq.gz;ftp.sra.ebi.ac.uk/vol1/fastq/ERR191/ERR191814/ERR191814_2.fastq.gz	411482929;424397944	e17da7faefc167738cad7d26c72d17d8;daf28359e453a62444be9015d8e35939
ERR191815	2 and 3	1	PAIRED	ftp.sra.ebi.ac.uk/vol1/fastq/ERR191/ERR191815/ERR191815_1.fastq.gz;ftp.sra.ebi.ac.uk/vol1/fastq/ERR191/ERR191815/ERR191815_2.fastq.gz	272281277;280509179	c39eadd0ad41cb2101e6ead242d0212c;b8f46a80d9cc19e558c28085a043cb37
ERR191816	2 and 3	0.5	PAIRED	ftp.sra.ebi.ac.uk/vol1/fastq/ERR191/ERR191816/ERR191816_1.fastq.gz;ftp.sra.ebi.ac.uk/vol1/fastq/ERR191/ERR191816/ERR191816_2.fastq.gz	162586960;167917279	ad965a63fdb5f548b0895b463f15dc1d;da086abb636867fb9397ff6dbf4b40cc
ERR191817	2 and 3	0.5	PAIRED	ftp.sra.ebi.ac.uk/vol1/fastq/ERR191/ERR191817/ERR191817_1.fastq.gz;ftp.sra.ebi.ac.uk/vol1/fastq/ERR191/ERR191817/ERR191817_2.fastq.gz	209330701;216140173	b0cf9a3142ad12d2ab9c4416525044fc;2a8710060aac9b196e254807e93af675
ERR191818	2 and 3	1	PAIRED	ftp.sra.ebi.ac.uk/vol1/fastq/ERR191/ERR191818/ERR191818_1.fastq.gz;ftp.sra.ebi.ac.uk/vol1/fastq/ERR191/ERR191818/ERR191818_2.fastq.gz	251313376;259168815	8414295984b9ab593e8706e1a9087c14;43e2b4f85f43b5acfc6ab1a2ff466c9f
ERR191819	2 and 3	0.25	PAIRED	ftp.sra.ebi.ac.uk/vol1/fastq/ERR191/ERR191819/ERR191819_1.fastq.gz;ftp.sra.ebi.ac.uk/vol1/fastq/ERR191/ERR191819/ERR191819_2.fastq.gz	198662636;204516935	94448ff2f3b362e063129eff7131e0a0;279721a87cc44ca2d7bf79514b1b6e30
ERR191820	2 and 3	1	PAIRED	ftp.sra.ebi.ac.uk/vol1/fastq/ERR191/ERR191820/ERR191820_1.fastq.gz;ftp.sra.ebi.ac.uk/vol1/fastq/ERR191/ERR191820/ERR191820_2.fastq.gz	182679262;188115254	beca7cb2a0674221f7575934b739fec0;242599921156f0bc5f3ab145671eaf49
ERR191821	2 and 3	0.25	PAIRED	ftp.sra.ebi.ac.uk/vol1/fastq/ERR191/ERR191821/ERR191821_1.fastq.gz;ftp.sra.ebi.ac.uk/vol1/fastq/ERR191/ERR191821/ERR191821_2.fastq.gz	218270175;224887720	47a6a48e992363c8059001d8f0000e48;bf2efde5c3310d30694c1fe08c532b35
ERR191822	2 and 3	1	PAIRED	ftp.sra.ebi.ac.uk/vol1/fastq/ERR191/ERR191822/ERR191822_1.fastq.gz;ftp.sra.ebi.ac.uk/vol1/fastq/ERR191/ERR191822/ERR191822_2.fastq.gz	219648630;226270315	f958062006b35faecc94d363df154b5d;ebfe4c2f3d12b0a6e76f77441166d4df
ERR191823	2 and 3	1	PAIRED	ftp.sra.ebi.ac.uk/vol1/fastq/ERR191/ERR191823/ERR191823_1.fastq.gz;ftp.sra.ebi.ac.uk/vol1/fastq/ERR191/ERR191823/ERR191823_2.fastq.gz	398912419;411307184	e97a3b56cdb43e864b8798e3d23b34ea;3bb9197496b9c40d0935832d13298bdb
ERR191824	2 and 3	1	PAIRED	ftp.sra.ebi.ac.uk/vol1/fastq/ERR191/ERR191824/ERR191824_1.fastq.gz;ftp.sra.ebi.ac.uk/vol1/fastq/ERR191/ERR191824/ERR191824_2.fastq.gz	215248333;221769272	b976a76c7cd998544a5b39d35692556e;a7a4b3af0a76d20023359d4d38ba0e7b
ERR191825	2 and 3	16	PAIRED	ftp.sra.ebi.ac.uk/vol1/fastq/ERR191/ERR191825/ERR191825_1.fastq.gz;ftp.sra.ebi.ac.uk/vol1/fastq/ERR191/ERR191825/ERR191825_2.fastq.gz	267822027;275905251	4db1c549c779c4fa156d9a9a72501da1;50f40efea3358e1cfb055ba284318847
ERR222892	2	0.5	PAIRED	ftp.sra.ebi.ac.uk/vol1/fastq/ERR222/ERR222892/ERR222892_1.fastq.gz;ftp.sra.ebi.ac.uk/vol1/fastq/ERR222/ERR222892/ERR222892_2.fastq.gz	267749918;276130600	eb606fbf1c8207ed4c92d413fd380995;4eaa2ea87134613486794bb4fd48d4dd
ERR222893	2	0.5	PAIRED	ftp.sra.ebi.ac.uk/vol1/fastq/ERR222/ERR222893/ERR222893_1.fastq.gz;ftp.sra.ebi.ac.uk/vol1/fastq/ERR222/ERR222893/ERR222893_2.fastq.gz	170135479;176268277	99ca8537f9b24eacce2ecd68c82387f5;fbab9792c9a814900e05af4759513aea
ERR222894	2	0.5	PAIRED	ftp.sra.ebi.ac.uk/vol1/fastq/ERR222/ERR222894/ERR222894_1.fastq.gz;ftp.sra.ebi.ac.uk/vol1/fastq/ERR222/ERR222894/ERR222894_2.fastq.gz	137505622;142682474	2057187e07934f41528d254dce859118;8d6b3d37e242fa1410ecc8fbeeeb663e
ERR222895	2	1	PAIRED	ftp.sra.ebi.ac.uk/vol1/fastq/ERR222/ERR222895/ERR222895_1.fastq.gz;ftp.sra.ebi.ac.uk/vol1/fastq/ERR222/ERR222895/ERR222895_2.fastq.gz	166516932;172733515	5ca306a65957dad0970a7c318954354f;10b0bcf28991fef635a46c5704824893
ERR222896	2	0.5	PAIRED	ftp.sra.ebi.ac.uk/vol1/fastq/ERR222/ERR222896/ERR222896_1.fastq.gz;ftp.sra.ebi.ac.uk/vol1/fastq/ERR222/ERR222896/ERR222896_2.fastq.gz	165334889;171351292	b70de1cbddfd905fe00ca65a99059fbd;1a70a40fdeac12efc8c3968fb282d646
ERR222897	2	16	PAIRED	ftp.sra.ebi.ac.uk/vol1/fastq/ERR222/ERR222897/ERR222897_1.fastq.gz;ftp.sra.ebi.ac.uk/vol1/fastq/ERR222/ERR222897/ERR222897_2.fastq.gz	133806366;138809587	5e74ef67bac5d92b67af9d79a72f825c;70329cc69b21c7e208a6e53619bd6eaa
ERR222898	2	0.5	PAIRED	ftp.sra.ebi.ac.uk/vol1/fastq/ERR222/ERR222898/ERR222898_1.fastq.gz;ftp.sra.ebi.ac.uk/vol1/fastq/ERR222/ERR222898/ERR222898_2.fastq.gz	93864259;97270838	9f22510b676acb214252ed8c387cf328;21acb94d2c390fd335863219a1f519ed
ERR222899	2	0.125	PAIRED	ftp.sra.ebi.ac.uk/vol1/fastq/ERR222/ERR222899/ERR222899_1.fastq.gz;ftp.sra.ebi.ac.uk/vol1/fastq/ERR222/ERR222899/ERR222899_2.fastq.gz	141726959;147076317	2f8fa5135704811ec75f580aae615f32;927964df947bd0085d995778b828706b
ERR222900	2	0.5	PAIRED	ftp.sra.ebi.ac.uk/vol1/fastq/ERR222/ERR222900/ERR222900_1.fastq.gz;ftp.sra.ebi.ac.uk/vol1/fastq/ERR222/ERR222900/ERR222900_2.fastq.gz	133722508;138588370	17e7b97397755546b54c98e465cbf80f;dc9c26a3173ec9b96a3f4aa4be8f36ea
ERR222901	2	8	PAIRED	ftp.sra.ebi.ac.uk/vol1/fastq/ERR222/ERR222901/ERR222901_1.fastq.gz;ftp.sra.ebi.ac.uk/vol1/fastq/ERR222/ERR222901/ERR222901_2.fastq.gz	168645253;174920737	9e2e27730378b4f4c69f604fa93a98e8;09844acc0411b6530683c51888c58d5c
ERR222902	2	0.5	PAIRED	ftp.sra.ebi.ac.uk/vol1/fastq/ERR222/ERR222902/ERR222902_1.fastq.gz;ftp.sra.ebi.ac.uk/vol1/fastq/ERR222/ERR222902/ERR222902_2.fastq.gz	151272329;156805819	0939f1e4caaf3d8c865444ac6474515e;98235fe87fbc5033d9e6417b98388a8b
ERR222903	2	8	PAIRED	ftp.sra.ebi.ac.uk/vol1/fastq/ERR222/ERR222903/ERR222903_1.fastq.gz;ftp.sra.ebi.ac.uk/vol1/fastq/ERR222/ERR222903/ERR222903_2.fastq.gz	150507767;156248533	b745f092d5fe652195358a672a943033;66da2b2554a1c3dc83114047244244ea
ERR222904	2	1	PAIRED	ftp.sra.ebi.ac.uk/vol1/fastq/ERR222/ERR222904/ERR222904_1.fastq.gz;ftp.sra.ebi.ac.uk/vol1/fastq/ERR222/ERR222904/ERR222904_2.fastq.gz	160118840;166327047	ae55c41ebbba54705f61c25b4cc66180;4fb36fb5256063ff33caafe6ca5ec098
ERR222905	2	0.06	PAIRED	ftp.sra.ebi.ac.uk/vol1/fastq/ERR222/ERR222905/ERR222905_1.fastq.gz;ftp.sra.ebi.ac.uk/vol1/fastq/ERR222/ERR222905/ERR222905_2.fastq.gz	136001431;141421128	0df8fcc8e36128b04407967459a784f0;b69ac0b03f0229e1dc49b6e9b18537a7
ERR222906	2	0.5	PAIRED	ftp.sra.ebi.ac.uk/vol1/fastq/ERR222/ERR222906/ERR222906_1.fastq.gz;ftp.sra.ebi.ac.uk/vol1/fastq/ERR222/ERR222906/ERR222906_2.fastq.gz	169821927;176250491	031e0ce43a5f0061d525d3a4ee8178da;59a73a4fe4047702c46ab706d1149dab
ERR222907	2	1	PAIRED	ftp.sra.ebi.ac.uk/vol1/fastq/ERR222/ERR222907/ERR222907_1.fastq.gz;ftp.sra.ebi.ac.uk/vol1/fastq/ERR222/ERR222907/ERR222907_2.fastq.gz	134638867;139667923	9b902239cc23ceecf4a1591fc15d5edb;1ac3cc403fea6f829868eeda220f1e84
ERR222908	2	0.5	PAIRED	ftp.sra.ebi.ac.uk/vol1/fastq/ERR222/ERR222908/ERR222908_1.fastq.gz;ftp.sra.ebi.ac.uk/vol1/fastq/ERR222/ERR222908/ERR222908_2.fastq.gz	172311133;178500759	a2617b07f84e51727a67e5546556c99c;e2dfb34bfc98db672339e05f5ba050f5
ERR222909	2	0.25	PAIRED	ftp.sra.ebi.ac.uk/vol1/fastq/ERR222/ERR222909/ERR222909_1.fastq.gz;ftp.sra.ebi.ac.uk/vol1/fastq/ERR222/ERR222909/ERR222909_2.fastq.gz	124908077;129551894	4e9b3d9764398ec9156c3743bbf779f4;da19407ff7215a4bd7e66b6ae70b1fb9
ERR222910	2	0.25	PAIRED	ftp.sra.ebi.ac.uk/vol1/fastq/ERR222/ERR222910/ERR222910_1.fastq.gz;ftp.sra.ebi.ac.uk/vol1/fastq/ERR222/ERR222910/ERR222910_2.fastq.gz	155744912;161744481	38380f4ee9720cc52aad2792fe8c97a6;a07d5e65f6a062a552ec8f02fbc5f445
ERR222911	2	0.25	PAIRED	ftp.sra.ebi.ac.uk/vol1/fastq/ERR222/ERR222911/ERR222911_1.fastq.gz;ftp.sra.ebi.ac.uk/vol1/fastq/ERR222/ERR222911/ERR222911_2.fastq.gz	147108756;152862637	ec880e47f9f80f6939e3450e53978dad;f19813792d08126bda421c66276b2b63
ERR222912	2	0.5	PAIRED	ftp.sra.ebi.ac.uk/vol1/fastq/ERR222/ERR222912/ERR222912_1.fastq.gz;ftp.sra.ebi.ac.uk/vol1/fastq/ERR222/ERR222912/ERR222912_2.fastq.gz	142642968;147710506	bd0e852b2d583f415b86bb45bbc2804c;5576fd10b74b7f7badc995cee314b5d9
ERR222913	2	0.5	PAIRED	ftp.sra.ebi.ac.uk/vol1/fastq/ERR222/ERR222913/ERR222913_1.fastq.gz;ftp.sra.ebi.ac.uk/vol1/fastq/ERR222/ERR222913/ERR222913_2.fastq.gz	100241482;104052742	08e129e6c10a3ddc0bc328ee9c030870;61b4b7b2ba0b10bfcb948ce43a9a0574
ERR222914	2	0.25	PAIRED	ftp.sra.ebi.ac.uk/vol1/fastq/ERR222/ERR222914/ERR222914_1.fastq.gz;ftp.sra.ebi.ac.uk/vol1/fastq/ERR222/ERR222914/ERR222914_2.fastq.gz	166733746;172855705	6f7d17253fd862653ac96866418bc327;e2694c4d6cf3e1330340ab388658f020
ERR222915	2	0.25	PAIRED	ftp.sra.ebi.ac.uk/vol1/fastq/ERR222/ERR222915/ERR222915_1.fastq.gz;ftp.sra.ebi.ac.uk/vol1/fastq/ERR222/ERR222915/ERR222915_2.fastq.gz	159906141;165593888	2eeb254028d88ae4e6340f6de7078fb9;ec0342e55f0f8b27195e743fc267d8b0
ERR222916	2	0.5	PAIRED	ftp.sra.ebi.ac.uk/vol1/fastq/ERR222/ERR222916/ERR222916_1.fastq.gz;ftp.sra.ebi.ac.uk/vol1/fastq/ERR222/ERR222916/ERR222916_2.fastq.gz	135734427;141020223	3102fc3325fd1150535a5de6fe6d53dc;6a1d7cc66d040445ae3f94ced8a8b856
ERR222917	2	16	PAIRED	ftp.sra.ebi.ac.uk/vol1/fastq/ERR222/ERR222917/ERR222917_1.fastq.gz;ftp.sra.ebi.ac.uk/vol1/fastq/ERR222/ERR222917/ERR222917_2.fastq.gz	154274158;160322654	c2015eb4b5d5edbd1a3c8c8e18ad36c8;cd493b146ff3f17de117e5eff7e8183f
ERR222918	2	0.5	PAIRED	ftp.sra.ebi.ac.uk/vol1/fastq/ERR222/ERR222918/ERR222918_1.fastq.gz;ftp.sra.ebi.ac.uk/vol1/fastq/ERR222/ERR222918/ERR222918_2.fastq.gz	140340801;145555609	a3edf69a415117755091dde1ff9c3c34;60276aa7f8fe70358b665bc4931e523b
ERR222919	2	0.06	PAIRED	ftp.sra.ebi.ac.uk/vol1/fastq/ERR222/ERR222919/ERR222919_1.fastq.gz;ftp.sra.ebi.ac.uk/vol1/fastq/ERR222/ERR222919/ERR222919_2.fastq.gz	158595941;164385429	1075b9c281a9a24c831abca452a0dd3f;507ebc5022e3bce7117d1a2b98d302f1
ERR222920	2	0.5	PAIRED	ftp.sra.ebi.ac.uk/vol1/fastq/ERR222/ERR222920/ERR222920_1.fastq.gz;ftp.sra.ebi.ac.uk/vol1/fastq/ERR222/ERR222920/ERR222920_2.fastq.gz	133963075;138596102	eb0d47a3f8671ebb49b71e6bcc9ffcb4;e9c800a83fc36cada83c14cffdbd6716
ERR222922	2	0.5	PAIRED	ftp.sra.ebi.ac.uk/vol1/fastq/ERR222/ERR222922/ERR222922_1.fastq.gz;ftp.sra.ebi.ac.uk/vol1/fastq/ERR222/ERR222922/ERR222922_2.fastq.gz	96642997;99926961	b928a006eb3f23a456572b7a0bf859e4;69b1f79a857af2007a8ea5decbf9610b
ERR222923	2	8	PAIRED	ftp.sra.ebi.ac.uk/vol1/fastq/ERR222/ERR222923/ERR222923_1.fastq.gz;ftp.sra.ebi.ac.uk/vol1/fastq/ERR222/ERR222923/ERR222923_2.fastq.gz	191377589;197809978	aadfa35667e38d0343b3ab5df2192097;0efdfcbc47803e56405c979a3ce03b1f
ERR222924	2	0.5	PAIRED	ftp.sra.ebi.ac.uk/vol1/fastq/ERR222/ERR222924/ERR222924_1.fastq.gz;ftp.sra.ebi.ac.uk/vol1/fastq/ERR222/ERR222924/ERR222924_2.fastq.gz	141631758;146891916	ef829b819fd07aea24e6b48b3770888b;6bc855accc358bb10363985361279132
ERR222925	2	16	PAIRED	ftp.sra.ebi.ac.uk/vol1/fastq/ERR222/ERR222925/ERR222925_1.fastq.gz;ftp.sra.ebi.ac.uk/vol1/fastq/ERR222/ERR222925/ERR222925_2.fastq.gz	86570103;89816551	4d51b6bdd1564405b131171003924004;31f766d00c2da651f84efed826c1e8cb
ERR222926	2	1	PAIRED	ftp.sra.ebi.ac.uk/vol1/fastq/ERR222/ERR222926/ERR222926_1.fastq.gz;ftp.sra.ebi.ac.uk/vol1/fastq/ERR222/ERR222926/ERR222926_2.fastq.gz	152079424;157496293	7eede80003318772c640315605f89fa6;ff5537ab03b85ddbb90bf4fab01ec681
ERR222927	2	2	PAIRED	ftp.sra.ebi.ac.uk/vol1/fastq/ERR222/ERR222927/ERR222927_1.fastq.gz;ftp.sra.ebi.ac.uk/vol1/fastq/ERR222/ERR222927/ERR222927_2.fastq.gz	154798159;160192930	fd4140da454dbc53718ea602ecff2454;6d4debccac6261bd31d8ef60c1c5bbab
ERR222928	2	0.5	PAIRED	ftp.sra.ebi.ac.uk/vol1/fastq/ERR222/ERR222928/ERR222928_1.fastq.gz;ftp.sra.ebi.ac.uk/vol1/fastq/ERR222/ERR222928/ERR222928_2.fastq.gz	180951906;187113688	d6b65e1dc6c8c6e25af2bc558f9a3068;61def73052ac0cb62a0a127bdf2dc69a
ERR222929	2	8	PAIRED	ftp.sra.ebi.ac.uk/vol1/fastq/ERR222/ERR222929/ERR222929_1.fastq.gz;ftp.sra.ebi.ac.uk/vol1/fastq/ERR222/ERR222929/ERR222929_2.fastq.gz	188103124;194820672	2ba2864ba3afa939b02e6aad07919f1d;1ff781dde4e678f6aba79fc28053f3bc
ERR222930	2	0.25	PAIRED	ftp.sra.ebi.ac.uk/vol1/fastq/ERR222/ERR222930/ERR222930_1.fastq.gz;ftp.sra.ebi.ac.uk/vol1/fastq/ERR222/ERR222930/ERR222930_2.fastq.gz	130249111;134585580	1db05f46f8177146a21098bc8d8cebec;6747c9285761ace1595aac929ad33153
ERR222931	2	0.5	PAIRED	ftp.sra.ebi.ac.uk/vol1/fastq/ERR222/ERR222931/ERR222931_1.fastq.gz;ftp.sra.ebi.ac.uk/vol1/fastq/ERR222/ERR222931/ERR222931_2.fastq.gz	126409626;132058094	2479ad299def100ddc3c525ee1ed29fa;507f0151f2511d02a02aff8af5acdaf2
ERR222932	2	0.5	PAIRED	ftp.sra.ebi.ac.uk/vol1/fastq/ERR222/ERR222932/ERR222932_1.fastq.gz;ftp.sra.ebi.ac.uk/vol1/fastq/ERR222/ERR222932/ERR222932_2.fastq.gz	159918709;165309793	29771614289e2ce91ddb874e82ef18e5;d133b82f15e0258e53dad790bd52e625
ERR222933	2	0.5	PAIRED	ftp.sra.ebi.ac.uk/vol1/fastq/ERR222/ERR222933/ERR222933_1.fastq.gz;ftp.sra.ebi.ac.uk/vol1/fastq/ERR222/ERR222933/ERR222933_2.fastq.gz	104734285;108365979	8e7ee3e7389e75d52965a04c09490d6c;9a0a3b9a541756ca783e7065cf97a9ae
ERR222934	2	0.25	PAIRED	ftp.sra.ebi.ac.uk/vol1/fastq/ERR222/ERR222934/ERR222934_1.fastq.gz;ftp.sra.ebi.ac.uk/vol1/fastq/ERR222/ERR222934/ERR222934_2.fastq.gz	130152824;135007145	78dd9c7fce046c624dac2f8808efa0d8;d144d2595c4ce008b36871818ba0957f
ERR222935	2	0.5	PAIRED	ftp.sra.ebi.ac.uk/vol1/fastq/ERR222/ERR222935/ERR222935_1.fastq.gz;ftp.sra.ebi.ac.uk/vol1/fastq/ERR222/ERR222935/ERR222935_2.fastq.gz	168086007;174383559	2e9ac874e4ef7a8098cf454336f4a5bf;e1bd15e696b04c408462863b3adb0d47
ERR222936	2	0.25	PAIRED	ftp.sra.ebi.ac.uk/vol1/fastq/ERR222/ERR222936/ERR222936_1.fastq.gz;ftp.sra.ebi.ac.uk/vol1/fastq/ERR222/ERR222936/ERR222936_2.fastq.gz	121915081;126088759	474901cfbc8e73c428f5437293d9cfbf;5e65e4e21cc8d3aacb403423203c4d4c
ERR222937	2	0.5	PAIRED	ftp.sra.ebi.ac.uk/vol1/fastq/ERR222/ERR222937/ERR222937_1.fastq.gz;ftp.sra.ebi.ac.uk/vol1/fastq/ERR222/ERR222937/ERR222937_2.fastq.gz	143030869;148764338	2e2aa1bd7157b8293a26206f0fcd33d8;e4a6290508d3d3a8ea253de3ee415723
ERR222939	2	0.5	PAIRED	ftp.sra.ebi.ac.uk/vol1/fastq/ERR222/ERR222939/ERR222939_1.fastq.gz;ftp.sra.ebi.ac.uk/vol1/fastq/ERR222/ERR222939/ERR222939_2.fastq.gz	171755517;177629790	cab5334628b253b4651d432c8079764a;99e3d7a04609cb938846505217d62fb0
ERR222940	2	0.5	PAIRED	ftp.sra.ebi.ac.uk/vol1/fastq/ERR222/ERR222940/ERR222940_1.fastq.gz;ftp.sra.ebi.ac.uk/vol1/fastq/ERR222/ERR222940/ERR222940_2.fastq.gz	140148892;145210003	e14690c4a30a4ccc14536f1a8d1eb74e;acebd8a230fabb2d5a709c972df60930
ERR222941	2	0.125	PAIRED	ftp.sra.ebi.ac.uk/vol1/fastq/ERR222/ERR222941/ERR222941_1.fastq.gz;ftp.sra.ebi.ac.uk/vol1/fastq/ERR222/ERR222941/ERR222941_2.fastq.gz	113338463;117366461	87e3fb0a2e4575dac58f45dcd30a09dc;1099628939e8b49c05ccdfb10eaee0da
ERR223603	2 and 3	0.5	PAIRED	ftp.sra.ebi.ac.uk/vol1/fastq/ERR223/ERR223603/ERR223603_1.fastq.gz;ftp.sra.ebi.ac.uk/vol1/fastq/ERR223/ERR223603/ERR223603_2.fastq.gz	162640286;168769680	7b700a5ef6bf8691a1da769c6ce0fa96;58bce0253fc1bf0262fe2a7164c4550e
ERR223604	2 and 3	16	PAIRED	ftp.sra.ebi.ac.uk/vol1/fastq/ERR223/ERR223604/ERR223604_1.fastq.gz;ftp.sra.ebi.ac.uk/vol1/fastq/ERR223/ERR223604/ERR223604_2.fastq.gz	193241553;200409168	b33d038aff2e39f93cfc4409ab48d432;c9a1893aa2d15d62adaa381bd9f704af
ERR223605	2 and 3	1	PAIRED	ftp.sra.ebi.ac.uk/vol1/fastq/ERR223/ERR223605/ERR223605_1.fastq.gz;ftp.sra.ebi.ac.uk/vol1/fastq/ERR223/ERR223605/ERR223605_2.fastq.gz	181472674;189001066	90ef8f4e3beeb1e6886c0da4bb731902;582f290575e87eee628b6553b3508c52
ERR223606	2 and 3	0.25	PAIRED	ftp.sra.ebi.ac.uk/vol1/fastq/ERR223/ERR223606/ERR223606_1.fastq.gz;ftp.sra.ebi.ac.uk/vol1/fastq/ERR223/ERR223606/ERR223606_2.fastq.gz	174249503;181396576	722b9ca4800fb295ee83188b0b9d8983;5d7d17c4e88fec8349e254cc1c6fb980
ERR223607	2 and 3	0.125	PAIRED	ftp.sra.ebi.ac.uk/vol1/fastq/ERR223/ERR223607/ERR223607_1.fastq.gz;ftp.sra.ebi.ac.uk/vol1/fastq/ERR223/ERR223607/ERR223607_2.fastq.gz	184142106;191376691	ef8dbd4a3c75a532b26ba303140b612e;32f47e2e909265390f5b5df4e41ff27b
ERR223608	2 and 3	2	PAIRED	ftp.sra.ebi.ac.uk/vol1/fastq/ERR223/ERR223608/ERR223608_1.fastq.gz;ftp.sra.ebi.ac.uk/vol1/fastq/ERR223/ERR223608/ERR223608_2.fastq.gz	155820226;161855487	f750f5b11c01a25d2317a098be1c4198;f08dc98d2a41a475c9165f46480d7971
ERR223609	2 and 3	0.5	PAIRED	ftp.sra.ebi.ac.uk/vol1/fastq/ERR223/ERR223609/ERR223609_1.fastq.gz;ftp.sra.ebi.ac.uk/vol1/fastq/ERR223/ERR223609/ERR223609_2.fastq.gz	170514995;177177065	821ffa82ba04466eee5e9135be69e12a;4b19e7466265c1fcfd8b91e6b5f513ec
ERR223610	2 and 3	2	PAIRED	ftp.sra.ebi.ac.uk/vol1/fastq/ERR223/ERR223610/ERR223610_1.fastq.gz;ftp.sra.ebi.ac.uk/vol1/fastq/ERR223/ERR223610/ERR223610_2.fastq.gz	177449976;184481702	c1327f4294e6a81d00c127a10b446497;7c09d73b39cc097478dba7fe3b273d15
ERR223611	2 and 3	0.5	PAIRED	ftp.sra.ebi.ac.uk/vol1/fastq/ERR223/ERR223611/ERR223611_1.fastq.gz;ftp.sra.ebi.ac.uk/vol1/fastq/ERR223/ERR223611/ERR223611_2.fastq.gz	167207630;173325583	baecaaeb67c6a44b4620d354f8d0a373;64539018ee7c7133358ce6c7e8cf61d6
ERR223612	2 and 3	8	PAIRED	ftp.sra.ebi.ac.uk/vol1/fastq/ERR223/ERR223612/ERR223612_1.fastq.gz;ftp.sra.ebi.ac.uk/vol1/fastq/ERR223/ERR223612/ERR223612_2.fastq.gz	155928011;161902576	458fc51fa1268cebe8ed4390d227ecd8;d6229f9461a08071d33f509ad7dc6574
ERR223613	2 and 3	0.5	PAIRED	ftp.sra.ebi.ac.uk/vol1/fastq/ERR223/ERR223613/ERR223613_1.fastq.gz;ftp.sra.ebi.ac.uk/vol1/fastq/ERR223/ERR223613/ERR223613_2.fastq.gz	175911723;182506110	6165f961180c55a714454dba74d4ecad;f3960ac53f57bea59238d90f04225d14
ERR223614	2 and 3	0.25	PAIRED	ftp.sra.ebi.ac.uk/vol1/fastq/ERR223/ERR223614/ERR223614_1.fastq.gz;ftp.sra.ebi.ac.uk/vol1/fastq/ERR223/ERR223614/ERR223614_2.fastq.gz	190627139;198001226	f10c82583b392de9d1e64838881ace3d;67ff7dd343904d7718ba1fd047981a4c
ERR223615	2 and 3	0.5	PAIRED	ftp.sra.ebi.ac.uk/vol1/fastq/ERR223/ERR223615/ERR223615_1.fastq.gz;ftp.sra.ebi.ac.uk/vol1/fastq/ERR223/ERR223615/ERR223615_2.fastq.gz	188459279;194845424	11e859d4f47e604a198c2788e0fbbe8d;5a435def7b7a88f96d140b0bcc51c36b
ERR223616	2 and 3	16	PAIRED	ftp.sra.ebi.ac.uk/vol1/fastq/ERR223/ERR223616/ERR223616_1.fastq.gz;ftp.sra.ebi.ac.uk/vol1/fastq/ERR223/ERR223616/ERR223616_2.fastq.gz	241324906;250425865	0d4757f705b41b0b1e455b6c28f82972;00893b13772b2fafc9d35c31f193af76
ERR223617	2	0.5	PAIRED	ftp.sra.ebi.ac.uk/vol1/fastq/ERR223/ERR223617/ERR223617_1.fastq.gz;ftp.sra.ebi.ac.uk/vol1/fastq/ERR223/ERR223617/ERR223617_2.fastq.gz	238633805;247656908	422a1cc5c2cddd5e99d0eb7d36d7e872;6089b0b5135fc4353a35db5e74ac75f7
ERR223619	2 and 3	0.5	PAIRED	ftp.sra.ebi.ac.uk/vol1/fastq/ERR223/ERR223619/ERR223619_1.fastq.gz;ftp.sra.ebi.ac.uk/vol1/fastq/ERR223/ERR223619/ERR223619_2.fastq.gz	161213164;167336537	03c368ac5d0c35b821dc75de18603fc4;88667166c8233c5bf1ab26f762949c2d
ERR223620	2 and 3	0.125	PAIRED	ftp.sra.ebi.ac.uk/vol1/fastq/ERR223/ERR223620/ERR223620_1.fastq.gz;ftp.sra.ebi.ac.uk/vol1/fastq/ERR223/ERR223620/ERR223620_2.fastq.gz	181068241;188006668	3eea495a28f4117f889416660071d45a;c382dadb149d29f9cba7e266c867430e
ERR223621	2 and 3	0.5	PAIRED	ftp.sra.ebi.ac.uk/vol1/fastq/ERR223/ERR223621/ERR223621_1.fastq.gz;ftp.sra.ebi.ac.uk/vol1/fastq/ERR223/ERR223621/ERR223621_2.fastq.gz	153337123;159281747	b551c4d5b0c11ab3af6c5b3c8f0281e7;dbd3320378a8709415bcb7da0ad92c9d
ERR223622	2 and 3	0.06	PAIRED	ftp.sra.ebi.ac.uk/vol1/fastq/ERR223/ERR223622/ERR223622_1.fastq.gz;ftp.sra.ebi.ac.uk/vol1/fastq/ERR223/ERR223622/ERR223622_2.fastq.gz	130598149;135387003	2cdb7a211accc694b8f3b1ca234b2130;122b7f0ab633ccd42b04f4a50ded83b1
ERR223623	2 and 3	0.25	PAIRED	ftp.sra.ebi.ac.uk/vol1/fastq/ERR223/ERR223623/ERR223623_1.fastq.gz;ftp.sra.ebi.ac.uk/vol1/fastq/ERR223/ERR223623/ERR223623_2.fastq.gz	151429963;156947396	273ae6945d7411e5c8ab01cab0d013ba;8278c32fd4b6bf4af3dfcddd2a69b5bc
ERR223624	2 and 3	8	PAIRED	ftp.sra.ebi.ac.uk/vol1/fastq/ERR223/ERR223624/ERR223624_1.fastq.gz;ftp.sra.ebi.ac.uk/vol1/fastq/ERR223/ERR223624/ERR223624_2.fastq.gz	180136543;187019714	dffef313cda7a9e4cf0ccb997380d5ee;acf42898d44ece9ff4e2339be8edfaf9
ERR223625	2 and 3	0.25	PAIRED	ftp.sra.ebi.ac.uk/vol1/fastq/ERR223/ERR223625/ERR223625_1.fastq.gz;ftp.sra.ebi.ac.uk/vol1/fastq/ERR223/ERR223625/ERR223625_2.fastq.gz	187642579;194576973	aa511f9751131c65245f2f363a826953;8b5bdb803a5bdc53c125c0b66e64313a
ERR223626	2 and 3	8	PAIRED	ftp.sra.ebi.ac.uk/vol1/fastq/ERR223/ERR223626/ERR223626_1.fastq.gz;ftp.sra.ebi.ac.uk/vol1/fastq/ERR223/ERR223626/ERR223626_2.fastq.gz	181306060;188168059	438bc14b811a81cbc1354103586ca2b6;1cf7e9882577a3b8a106e8dd07f54809
ERR223627	2 and 3	0.5	PAIRED	ftp.sra.ebi.ac.uk/vol1/fastq/ERR223/ERR223627/ERR223627_1.fastq.gz;ftp.sra.ebi.ac.uk/vol1/fastq/ERR223/ERR223627/ERR223627_2.fastq.gz	180815384;187202792	ba8c1d4e9721b72d210597a9c382d404;69ddc75f5b9d9284c28ce908fb2e49d6
ERR223628	2 and 3	0.25	PAIRED	ftp.sra.ebi.ac.uk/vol1/fastq/ERR223/ERR223628/ERR223628_1.fastq.gz;ftp.sra.ebi.ac.uk/vol1/fastq/ERR223/ERR223628/ERR223628_2.fastq.gz	305868065;317700786	d37c87043fdcdc1b70740cac16942ada;370c5a0d4aea135f7fc978e22ea458e5
ERR223629	2 and 3	0.5	PAIRED	ftp.sra.ebi.ac.uk/vol1/fastq/ERR223/ERR223629/ERR223629_1.fastq.gz;ftp.sra.ebi.ac.uk/vol1/fastq/ERR223/ERR223629/ERR223629_2.fastq.gz	162112081;168032373	36d301cc60408f8442438fef7546148e;5c39bb8d876ca87ba93bc9ac05cef620
ERR223630	2 and 3	<=0.03	PAIRED	ftp.sra.ebi.ac.uk/vol1/fastq/ERR223/ERR223630/ERR223630_1.fastq.gz;ftp.sra.ebi.ac.uk/vol1/fastq/ERR223/ERR223630/ERR223630_2.fastq.gz	218113109;226543525	a03a51c889b177ed30900673a01d4488;60684f9906c167d50733abad7335cbc2
ERR223631	2 and 3	0.5	PAIRED	ftp.sra.ebi.ac.uk/vol1/fastq/ERR223/ERR223631/ERR223631_1.fastq.gz;ftp.sra.ebi.ac.uk/vol1/fastq/ERR223/ERR223631/ERR223631_2.fastq.gz	271582154;281701430	5835b5dc6fbb53ad267005d37cc44ec9;4f7283ae96b44c2ceb63df35c221d13c
ERR223632	2 and 3	0.25	PAIRED	ftp.sra.ebi.ac.uk/vol1/fastq/ERR223/ERR223632/ERR223632_1.fastq.gz;ftp.sra.ebi.ac.uk/vol1/fastq/ERR223/ERR223632/ERR223632_2.fastq.gz	191877257;199135510	b8886b643df72212be971f8e2d68e44c;55f6eda209a1439a51abdf64bc59f7b8
ERR223633	2 and 3	0.25	PAIRED	ftp.sra.ebi.ac.uk/vol1/fastq/ERR223/ERR223633/ERR223633_1.fastq.gz;ftp.sra.ebi.ac.uk/vol1/fastq/ERR223/ERR223633/ERR223633_2.fastq.gz	159782295;165824225	9c177417ece242e7847f59512edd4b2d;7a1a9c127426d6a37cc3f1c7d66742e8
ERR223634	2 and 3	8	PAIRED	ftp.sra.ebi.ac.uk/vol1/fastq/ERR223/ERR223634/ERR223634_1.fastq.gz;ftp.sra.ebi.ac.uk/vol1/fastq/ERR223/ERR223634/ERR223634_2.fastq.gz	182886245;189934957	c69187b8111b46cf1b55e982f428152e;21a5e1e1db3293a7c84d751d25482ca1
ERR223635	2 and 3	0.5	PAIRED	ftp.sra.ebi.ac.uk/vol1/fastq/ERR223/ERR223635/ERR223635_1.fastq.gz;ftp.sra.ebi.ac.uk/vol1/fastq/ERR223/ERR223635/ERR223635_2.fastq.gz	163488817;169853872	7275f92b70d64e5914d11eddda39a1d4;b38ca076ab76b088b7fcf4d30c08b736
ERR223636	2 and 3	0.5	PAIRED	ftp.sra.ebi.ac.uk/vol1/fastq/ERR223/ERR223636/ERR223636_1.fastq.gz;ftp.sra.ebi.ac.uk/vol1/fastq/ERR223/ERR223636/ERR223636_2.fastq.gz	190254976;197418025	60cb7159abc56854ce1017e6252b0a4e;4b0247d1edda2c42b09ec41cedcb7f6d
ERR223637	2 and 3	0.5	PAIRED	ftp.sra.ebi.ac.uk/vol1/fastq/ERR223/ERR223637/ERR223637_1.fastq.gz;ftp.sra.ebi.ac.uk/vol1/fastq/ERR223/ERR223637/ERR223637_2.fastq.gz	173355436;180083707	a96250720f92464cbe4a76717fad3e25;8296172c34dbce4d4c5a0d0949846b71
ERR223638	2 and 3	0.5	PAIRED	ftp.sra.ebi.ac.uk/vol1/fastq/ERR223/ERR223638/ERR223638_1.fastq.gz;ftp.sra.ebi.ac.uk/vol1/fastq/ERR223/ERR223638/ERR223638_2.fastq.gz	164020464;170517695	345aeb25ae8fdc57218885fd2120ee7a;ca34ca026f7113dfb57be2c967993196
ERR223640	2 and 3	0.5	PAIRED	ftp.sra.ebi.ac.uk/vol1/fastq/ERR223/ERR223640/ERR223640_1.fastq.gz;ftp.sra.ebi.ac.uk/vol1/fastq/ERR223/ERR223640/ERR223640_2.fastq.gz	177368623;184118013	636291e118ff2fa9a637955bb156be1f;c9eeb5b8a64b96ab2ba2ae250dc4fb48
ERR223641	2 and 3	0.5	PAIRED	ftp.sra.ebi.ac.uk/vol1/fastq/ERR223/ERR223641/ERR223641_1.fastq.gz;ftp.sra.ebi.ac.uk/vol1/fastq/ERR223/ERR223641/ERR223641_2.fastq.gz	148213390;153900906	73a3f24b2bdc6c9621a3dfed64640fb7;422f8f3f269d17384bf2255a2bc32687
ERR223642	2 and 3	8	PAIRED	ftp.sra.ebi.ac.uk/vol1/fastq/ERR223/ERR223642/ERR223642_1.fastq.gz;ftp.sra.ebi.ac.uk/vol1/fastq/ERR223/ERR223642/ERR223642_2.fastq.gz	157780290;163738065	6c30fc2750a4ca4ec6cc9b88a4f3abdd;7aa732c44ef944d42c4cb1cc46b94afd
ERR223643	2 and 3	0.5	PAIRED	ftp.sra.ebi.ac.uk/vol1/fastq/ERR223/ERR223643/ERR223643_1.fastq.gz;ftp.sra.ebi.ac.uk/vol1/fastq/ERR223/ERR223643/ERR223643_2.fastq.gz	127507638;132459867	9df74af164ae67209dfbff9ca12ace2d;479441e720e991e53dbc8e83ba8e2782
ERR223644	2 and 3	16	PAIRED	ftp.sra.ebi.ac.uk/vol1/fastq/ERR223/ERR223644/ERR223644_1.fastq.gz;ftp.sra.ebi.ac.uk/vol1/fastq/ERR223/ERR223644/ERR223644_2.fastq.gz	217501061;226106373	d72d921600e9c423d2b20448344b9363;d5b8b31f2ac442f3dd053ae33686d68c
ERR223645	2 and 3	1	PAIRED	ftp.sra.ebi.ac.uk/vol1/fastq/ERR223/ERR223645/ERR223645_1.fastq.gz;ftp.sra.ebi.ac.uk/vol1/fastq/ERR223/ERR223645/ERR223645_2.fastq.gz	167047240;173645904	931843b660dd9f1a1f693c977ff51aa9;bc8ac49c770854ee7b67d77ae166b843
ERR223647	2 and 3	0.5	PAIRED	ftp.sra.ebi.ac.uk/vol1/fastq/ERR223/ERR223647/ERR223647_1.fastq.gz;ftp.sra.ebi.ac.uk/vol1/fastq/ERR223/ERR223647/ERR223647_2.fastq.gz	179897830;187142830	209268c785790623a60d7a0c94311f4a;25fc90486fa0ef9ef1c6688c20dacc8c
ERR223648	2 and 3	2	PAIRED	ftp.sra.ebi.ac.uk/vol1/fastq/ERR223/ERR223648/ERR223648_1.fastq.gz;ftp.sra.ebi.ac.uk/vol1/fastq/ERR223/ERR223648/ERR223648_2.fastq.gz	157797680;164163784	72fdd4f9a27553deb706915cd394bb2b;80f544715107500f6b00ee377d0df6c1
ERR223649	2 and 3	0.5	PAIRED	ftp.sra.ebi.ac.uk/vol1/fastq/ERR223/ERR223649/ERR223649_1.fastq.gz;ftp.sra.ebi.ac.uk/vol1/fastq/ERR223/ERR223649/ERR223649_2.fastq.gz	156817257;163130987	033cc0aefb7be24af290c236e8506453;76b436991e4ee1e2e60d790c72e75868
ERR223650	2 and 3	0.5	PAIRED	ftp.sra.ebi.ac.uk/vol1/fastq/ERR223/ERR223650/ERR223650_1.fastq.gz;ftp.sra.ebi.ac.uk/vol1/fastq/ERR223/ERR223650/ERR223650_2.fastq.gz	174919281;181833678	0539c8ff9180b10f9e2e8a061dc6abe5;b9ac05c1df561d47fe7509f5d23f57f7
ERR223651	2 and 3	1	PAIRED	ftp.sra.ebi.ac.uk/vol1/fastq/ERR223/ERR223651/ERR223651_1.fastq.gz;ftp.sra.ebi.ac.uk/vol1/fastq/ERR223/ERR223651/ERR223651_2.fastq.gz	284109864;294522040	b2b2fe81fef162f254b88278073758b7;e9945a32d9546ebfd81a561d39cd0189
ERR223652	2 and 3	0.25	PAIRED	ftp.sra.ebi.ac.uk/vol1/fastq/ERR223/ERR223652/ERR223652_1.fastq.gz;ftp.sra.ebi.ac.uk/vol1/fastq/ERR223/ERR223652/ERR223652_2.fastq.gz	241030459;250138095	8631aaefcb0de301ec6ae759e2c7935a;1c2982befd05d2f176b0323fd7a6d7bf
ERR223653	2 and 3	1	PAIRED	ftp.sra.ebi.ac.uk/vol1/fastq/ERR223/ERR223653/ERR223653_1.fastq.gz;ftp.sra.ebi.ac.uk/vol1/fastq/ERR223/ERR223653/ERR223653_2.fastq.gz	209804683;217721100	45117ad4fed39d8301e03552e8c70f54;2c4c8afdf2686f78457e4ca729d0c74b
ERR223655	2 and 3	0.5	PAIRED	ftp.sra.ebi.ac.uk/vol1/fastq/ERR223/ERR223655/ERR223655_1.fastq.gz;ftp.sra.ebi.ac.uk/vol1/fastq/ERR223/ERR223655/ERR223655_2.fastq.gz	158422274;164629309	9602439d24f086ecef7378d34175d0e6;e998d34fa628baf9d62a39a8314b6010
ERR223656	2 and 3	0.5	PAIRED	ftp.sra.ebi.ac.uk/vol1/fastq/ERR223/ERR223656/ERR223656_1.fastq.gz;ftp.sra.ebi.ac.uk/vol1/fastq/ERR223/ERR223656/ERR223656_2.fastq.gz	215731419;223609958	306a4ce24fb01a2e9960a38ff8dfc7da;fb113179f4e2874aa2ec29dfd9809193
ERR223657	2 and 3	1	PAIRED	ftp.sra.ebi.ac.uk/vol1/fastq/ERR223/ERR223657/ERR223657_1.fastq.gz;ftp.sra.ebi.ac.uk/vol1/fastq/ERR223/ERR223657/ERR223657_2.fastq.gz	214948729;222882793	2483128629a093e460706b8228458761;bf0d10b9f2c9e9b3c6f71e9501b1505b
ERR223658	2 and 3	0.5	PAIRED	ftp.sra.ebi.ac.uk/vol1/fastq/ERR223/ERR223658/ERR223658_1.fastq.gz;ftp.sra.ebi.ac.uk/vol1/fastq/ERR223/ERR223658/ERR223658_2.fastq.gz	190581753;198152026	c50f5175468d8ab653168938b0c04171;d74f50387324286a74e763f76ff2eea4
ERR223659	2 and 3	0.5	PAIRED	ftp.sra.ebi.ac.uk/vol1/fastq/ERR223/ERR223659/ERR223659_1.fastq.gz;ftp.sra.ebi.ac.uk/vol1/fastq/ERR223/ERR223659/ERR223659_2.fastq.gz	174153089;180776202	2127364f58fff93e046ca660797ef8e5;9255dcba559db675ecbaeb4241c9327c
ERR223661	2 and 3	1	PAIRED	ftp.sra.ebi.ac.uk/vol1/fastq/ERR223/ERR223661/ERR223661_1.fastq.gz;ftp.sra.ebi.ac.uk/vol1/fastq/ERR223/ERR223661/ERR223661_2.fastq.gz	180674401;187739195	b18d4c7ca56d35de5a92e13be6b383ef;4542abea4d8a9e4132277d72ab860d6a
ERR223662	2 and 3	16	PAIRED	ftp.sra.ebi.ac.uk/vol1/fastq/ERR223/ERR223662/ERR223662_1.fastq.gz;ftp.sra.ebi.ac.uk/vol1/fastq/ERR223/ERR223662/ERR223662_2.fastq.gz	182428900;189492197	9dc18a774182aecb7fd1115e32fd4876;28bf8137d2eddbbb34b75417faec92ee
ERR223663	2 and 3	1	PAIRED	ftp.sra.ebi.ac.uk/vol1/fastq/ERR223/ERR223663/ERR223663_1.fastq.gz;ftp.sra.ebi.ac.uk/vol1/fastq/ERR223/ERR223663/ERR223663_2.fastq.gz	177374862;184228383	efbcf4ff2708eeb4b7022e0f7f98a2ed;75b1ef964004941d72f295bf66792332
ERR223664	2 and 3	0.25	PAIRED	ftp.sra.ebi.ac.uk/vol1/fastq/ERR223/ERR223664/ERR223664_1.fastq.gz;ftp.sra.ebi.ac.uk/vol1/fastq/ERR223/ERR223664/ERR223664_2.fastq.gz	377899592;393134325	59ecbe0c66b5ad93ead9577308724bce;668fb209d9ef01b1897c1105e09ef7ba
ERR223666	2 and 3	1	PAIRED	ftp.sra.ebi.ac.uk/vol1/fastq/ERR223/ERR223666/ERR223666_1.fastq.gz;ftp.sra.ebi.ac.uk/vol1/fastq/ERR223/ERR223666/ERR223666_2.fastq.gz	178706504;185586231	bf258dc6a82e6ae555e7468c0f477001;4571a3dd68e4eedfff24fd6cb9b9f29b
ERR223667	2 and 3	0.5	PAIRED	ftp.sra.ebi.ac.uk/vol1/fastq/ERR223/ERR223667/ERR223667_1.fastq.gz;ftp.sra.ebi.ac.uk/vol1/fastq/ERR223/ERR223667/ERR223667_2.fastq.gz	202567560;210483050	65db600ae6dac417ec7f213cedaf52dd;f6cbc669d4c708d0bc6701362cb28d8a
ERR223668	2 and 3	0.5	PAIRED	ftp.sra.ebi.ac.uk/vol1/fastq/ERR223/ERR223668/ERR223668_1.fastq.gz;ftp.sra.ebi.ac.uk/vol1/fastq/ERR223/ERR223668/ERR223668_2.fastq.gz	407009317;422921609	461ac11ec13beb7d2c96e9f4311c220c;9aeb6479e739b2a56ae930002f150dc1
ERR223669	2 and 3	0.5	PAIRED	ftp.sra.ebi.ac.uk/vol1/fastq/ERR223/ERR223669/ERR223669_1.fastq.gz;ftp.sra.ebi.ac.uk/vol1/fastq/ERR223/ERR223669/ERR223669_2.fastq.gz	160183363;166376657	d5ea6fc3dd269eb58343a555073916a3;d023409a57a3d8af3d75c49a47cca1fe
ERR223670	2 and 3	0.25	PAIRED	ftp.sra.ebi.ac.uk/vol1/fastq/ERR223/ERR223670/ERR223670_1.fastq.gz;ftp.sra.ebi.ac.uk/vol1/fastq/ERR223/ERR223670/ERR223670_2.fastq.gz	145895533;151546533	6d2ecd3356b97442de55bd11163702ee;e242d442ccfa9b036d52a7c8c89ac8ed
ERR223671	2 and 3	1	PAIRED	ftp.sra.ebi.ac.uk/vol1/fastq/ERR223/ERR223671/ERR223671_1.fastq.gz;ftp.sra.ebi.ac.uk/vol1/fastq/ERR223/ERR223671/ERR223671_2.fastq.gz	164845873;171422254	8e212474d103e265044397b7e3467b5d;8d9284db2f5d0d6f5e27ebc2a084804d
ERR223672	2 and 3	1	PAIRED	ftp.sra.ebi.ac.uk/vol1/fastq/ERR223/ERR223672/ERR223672_1.fastq.gz;ftp.sra.ebi.ac.uk/vol1/fastq/ERR223/ERR223672/ERR223672_2.fastq.gz	181028083;187904596	c76083607e1ee196784182072aed3160;a449fe7c4817281b109b4c4e619e9c12
ERR223673	2 and 3	0.5	PAIRED	ftp.sra.ebi.ac.uk/vol1/fastq/ERR223/ERR223673/ERR223673_1.fastq.gz;ftp.sra.ebi.ac.uk/vol1/fastq/ERR223/ERR223673/ERR223673_2.fastq.gz	191290646;198831073	e97f3d630924c12e7ae43ac242582a4b;42bc6db16686b2b6c546c5d18f13876a
ERR223674	2 and 3	1	PAIRED	ftp.sra.ebi.ac.uk/vol1/fastq/ERR223/ERR223674/ERR223674_1.fastq.gz;ftp.sra.ebi.ac.uk/vol1/fastq/ERR223/ERR223674/ERR223674_2.fastq.gz	208257235;215893641	b38a7bb200ac8b3a112d2fd14422670d;18a37d292fbd81fab7ade41a7f46cb2c
ERR223675	2 and 3	0.5	PAIRED	ftp.sra.ebi.ac.uk/vol1/fastq/ERR223/ERR223675/ERR223675_1.fastq.gz;ftp.sra.ebi.ac.uk/vol1/fastq/ERR223/ERR223675/ERR223675_2.fastq.gz	255393605;264584943	136fa171db69b11270ee8bf5a40b77ff;d6bc160d4bfee275230641b94b0b25f5
ERR223676	2 and 3	0.5	PAIRED	ftp.sra.ebi.ac.uk/vol1/fastq/ERR223/ERR223676/ERR223676_1.fastq.gz;ftp.sra.ebi.ac.uk/vol1/fastq/ERR223/ERR223676/ERR223676_2.fastq.gz	344527410;356142531	374d56068c5e77d4cfdec8544d676678;d0b198ddc3033db0d4e0849c3be8ff8e
ERR223677	2 and 3	0.5	PAIRED	ftp.sra.ebi.ac.uk/vol1/fastq/ERR223/ERR223677/ERR223677_1.fastq.gz;ftp.sra.ebi.ac.uk/vol1/fastq/ERR223/ERR223677/ERR223677_2.fastq.gz	185815016;192641887	f845169bcc8363c6c921b59f799a878d;5a9704c1cd7496322aea709488d4efa5
ERR223678	2 and 3	2	PAIRED	ftp.sra.ebi.ac.uk/vol1/fastq/ERR223/ERR223678/ERR223678_1.fastq.gz;ftp.sra.ebi.ac.uk/vol1/fastq/ERR223/ERR223678/ERR223678_2.fastq.gz	176430631;182800136	6d2108897efccaab3f28d49448b72dd3;7273d4c981f33e3478d8dcaec88b1880
ERR223679	2 and 3	1	PAIRED	ftp.sra.ebi.ac.uk/vol1/fastq/ERR223/ERR223679/ERR223679_1.fastq.gz;ftp.sra.ebi.ac.uk/vol1/fastq/ERR223/ERR223679/ERR223679_2.fastq.gz	210159611;217541973	5da7a4d914ba85e91ae5ce3e9139e22d;1402598d9add8a0e5cc8bdf14733c25c
ERR223680	2 and 3	16	PAIRED	ftp.sra.ebi.ac.uk/vol1/fastq/ERR223/ERR223680/ERR223680_1.fastq.gz;ftp.sra.ebi.ac.uk/vol1/fastq/ERR223/ERR223680/ERR223680_2.fastq.gz	162827040;168678144	fcef593717e0b703fb7476e094c8536b;e907e3d4ea9a80a99d59fc436fdee959
ERR223681	2 and 3	0.5	PAIRED	ftp.sra.ebi.ac.uk/vol1/fastq/ERR223/ERR223681/ERR223681_1.fastq.gz;ftp.sra.ebi.ac.uk/vol1/fastq/ERR223/ERR223681/ERR223681_2.fastq.gz	223970172;232250571	c7999a9c482639d55d6074680b423d5e;4b52e44725438318465a824dc87a09ed
ERR223682	2 and 3	16	PAIRED	ftp.sra.ebi.ac.uk/vol1/fastq/ERR223/ERR223682/ERR223682_1.fastq.gz;ftp.sra.ebi.ac.uk/vol1/fastq/ERR223/ERR223682/ERR223682_2.fastq.gz	203446046;211194906	1f2570b230eb49b23bb7a10b1a37f54a;385ee595e9d1984f547b59ba25f82b14
ERR223683	2 and 3	1	PAIRED	ftp.sra.ebi.ac.uk/vol1/fastq/ERR223/ERR223683/ERR223683_1.fastq.gz;ftp.sra.ebi.ac.uk/vol1/fastq/ERR223/ERR223683/ERR223683_2.fastq.gz	198357784;205537126	d444820e54f8fa107b6099ff792230fb;393b711cb3b5ee837f64faef02a4b9ba
ERR223684	2 and 3	1	PAIRED	ftp.sra.ebi.ac.uk/vol1/fastq/ERR223/ERR223684/ERR223684_1.fastq.gz;ftp.sra.ebi.ac.uk/vol1/fastq/ERR223/ERR223684/ERR223684_2.fastq.gz	196073098;204907538	72b3862c26d0206e52d00d331411e1f8;475e400750b067747a41389d6ef14c6e
ERR223685	2 and 3	0.25	PAIRED	ftp.sra.ebi.ac.uk/vol1/fastq/ERR223/ERR223685/ERR223685_1.fastq.gz;ftp.sra.ebi.ac.uk/vol1/fastq/ERR223/ERR223685/ERR223685_2.fastq.gz	200139409;207499986	55c7afa6873a182a6245430998f8f156;7c909309b1aaf366e20738c3174d0003
ERR223686	2 and 3	0.25	PAIRED	ftp.sra.ebi.ac.uk/vol1/fastq/ERR223/ERR223686/ERR223686_1.fastq.gz;ftp.sra.ebi.ac.uk/vol1/fastq/ERR223/ERR223686/ERR223686_2.fastq.gz	199101380;206655956	5d058b527f538df4a56b9e57a5fc60f3;a08f1d474d3c66481372558632979fdb
ERR223687	2 and 3	0.25	PAIRED	ftp.sra.ebi.ac.uk/vol1/fastq/ERR223/ERR223687/ERR223687_1.fastq.gz;ftp.sra.ebi.ac.uk/vol1/fastq/ERR223/ERR223687/ERR223687_2.fastq.gz	299164134;309846006	89c18fa951d9e58f4111dbe31bd55a7d;d2da5dfd54011ab8a960182ecc25f238
ERR223688	2 and 3	0.5	PAIRED	ftp.sra.ebi.ac.uk/vol1/fastq/ERR223/ERR223688/ERR223688_1.fastq.gz;ftp.sra.ebi.ac.uk/vol1/fastq/ERR223/ERR223688/ERR223688_2.fastq.gz	529561823;548974863	7cec28e9c5123b8a4ec8dee92efe71c6;a7f04fcc8cddc16b3d54f267d551528c
ERR223689	2 and 3	0.25	PAIRED	ftp.sra.ebi.ac.uk/vol1/fastq/ERR223/ERR223689/ERR223689_1.fastq.gz;ftp.sra.ebi.ac.uk/vol1/fastq/ERR223/ERR223689/ERR223689_2.fastq.gz	340898223;352929364	b104434bdff641d7675b40ce908d589e;5f8df2a36fb01bc471a5a25af56d24f6
ERR223690	2 and 3	<=0.03	PAIRED	ftp.sra.ebi.ac.uk/vol1/fastq/ERR223/ERR223690/ERR223690_1.fastq.gz;ftp.sra.ebi.ac.uk/vol1/fastq/ERR223/ERR223690/ERR223690_2.fastq.gz	456642401;474765791	a4aec6b07d0a6fec4b7fb1790e0b9b0a;70376384f9157c0c823d574960e01832
ERR223691	2 and 3	0.25	PAIRED	ftp.sra.ebi.ac.uk/vol1/fastq/ERR223/ERR223691/ERR223691_1.fastq.gz;ftp.sra.ebi.ac.uk/vol1/fastq/ERR223/ERR223691/ERR223691_2.fastq.gz	207675745;214896054	b94609aee9da128c09338368aa0fe1e3;07f3b542ebba2a8faa11fe83d3e0470f
ERR223692	2 and 3	0.25	PAIRED	ftp.sra.ebi.ac.uk/vol1/fastq/ERR223/ERR223692/ERR223692_1.fastq.gz;ftp.sra.ebi.ac.uk/vol1/fastq/ERR223/ERR223692/ERR223692_2.fastq.gz	286491805;296407048	8949f0127858cb6b6f86e2543ec0eae7;4d367738e74c98b217a7b7f824ae27bd
ERR223693	2 and 3	0.25	PAIRED	ftp.sra.ebi.ac.uk/vol1/fastq/ERR223/ERR223693/ERR223693_1.fastq.gz;ftp.sra.ebi.ac.uk/vol1/fastq/ERR223/ERR223693/ERR223693_2.fastq.gz	200385217;208027780	302af6e90a84b7588ce4301579a87627;fe0c12afcb45a83f8c9278443e77eef3
ERR223694	2 and 3	0.25	PAIRED	ftp.sra.ebi.ac.uk/vol1/fastq/ERR223/ERR223694/ERR223694_1.fastq.gz;ftp.sra.ebi.ac.uk/vol1/fastq/ERR223/ERR223694/ERR223694_2.fastq.gz	169631815;175808178	7d9e246c014193d0dac39a479a125699;c0fdf0bef8bdc329d7ab59018f5fe1e1
ERR223695	2 and 3	1	PAIRED	ftp.sra.ebi.ac.uk/vol1/fastq/ERR223/ERR223695/ERR223695_1.fastq.gz;ftp.sra.ebi.ac.uk/vol1/fastq/ERR223/ERR223695/ERR223695_2.fastq.gz	187686065;194372265	4ecd13afb04728a8d21551bcc536b55e;af35caa0166df88ca84aa73207a7fa5e
ERR223696	2 and 3	1	PAIRED	ftp.sra.ebi.ac.uk/vol1/fastq/ERR223/ERR223696/ERR223696_1.fastq.gz;ftp.sra.ebi.ac.uk/vol1/fastq/ERR223/ERR223696/ERR223696_2.fastq.gz	184961011;191692714	65f22ac13703256135f799792a9c81b6;bf9722fa754951d171bfcf2f839dab14
ERR223697	2 and 3	0.5	PAIRED	ftp.sra.ebi.ac.uk/vol1/fastq/ERR223/ERR223697/ERR223697_1.fastq.gz;ftp.sra.ebi.ac.uk/vol1/fastq/ERR223/ERR223697/ERR223697_2.fastq.gz	223120659;231463471	67dc12abd443d638d8216c192f526d0f;56b9d0dcffcebb4d73afac82cddc8ce5
ERR223698	2 and 3	2	PAIRED	ftp.sra.ebi.ac.uk/vol1/fastq/ERR223/ERR223698/ERR223698_1.fastq.gz;ftp.sra.ebi.ac.uk/vol1/fastq/ERR223/ERR223698/ERR223698_2.fastq.gz	213780059;222174290	7ee2990dfa55275611aa96107d4ad141;ded2bdddd5121d2b991df89932b40ca7
ERR355924	2	0.5	PAIRED	ftp.sra.ebi.ac.uk/vol1/fastq/ERR355/ERR355924/ERR355924_1.fastq.gz;ftp.sra.ebi.ac.uk/vol1/fastq/ERR355/ERR355924/ERR355924_2.fastq.gz	140256692;150726717	bbf196e0271dab2339c4ae6f44ad7047;92df394241632ca601d7cc26e1193217
ERR355925	2	0.125	PAIRED	ftp.sra.ebi.ac.uk/vol1/fastq/ERR355/ERR355925/ERR355925_1.fastq.gz;ftp.sra.ebi.ac.uk/vol1/fastq/ERR355/ERR355925/ERR355925_2.fastq.gz	122067357;131103680	47511868825aceacf3c0626932d6056d;17cfaaec23c8173e8fcdd658c1ce1bac
ERR355926	2	0.25	PAIRED	ftp.sra.ebi.ac.uk/vol1/fastq/ERR355/ERR355926/ERR355926_1.fastq.gz;ftp.sra.ebi.ac.uk/vol1/fastq/ERR355/ERR355926/ERR355926_2.fastq.gz	164095056;175767601	b9385a8fb078b22bf6ed272a8d38d2aa;2629a7b03edb50568bd3e36932ad733b
ERR355927	2	0.25	PAIRED	ftp.sra.ebi.ac.uk/vol1/fastq/ERR355/ERR355927/ERR355927_1.fastq.gz;ftp.sra.ebi.ac.uk/vol1/fastq/ERR355/ERR355927/ERR355927_2.fastq.gz	99546633;106160695	da0c0980a549fce81b63627eb6636e1e;db6ccc25f0946419a8b6e4d63210a394
ERR854867	2	0.5	PAIRED	ftp.sra.ebi.ac.uk/vol1/fastq/ERR854/ERR854867/ERR854867_1.fastq.gz;ftp.sra.ebi.ac.uk/vol1/fastq/ERR854/ERR854867/ERR854867_2.fastq.gz	149268513;153810337	61fa5d29baa068c05ebadc104f53ce10;5f2e384f6ff3cefd4fddafeb0ecb0b13
ERR854868	2	0.5	PAIRED	ftp.sra.ebi.ac.uk/vol1/fastq/ERR854/ERR854868/ERR854868_1.fastq.gz;ftp.sra.ebi.ac.uk/vol1/fastq/ERR854/ERR854868/ERR854868_2.fastq.gz	132485325;135381095	30dea21408159e8275c1cf4ee746d846;f419ff80b869cee09e32d838ca149a4e
ERR854869	2	0.5	PAIRED	ftp.sra.ebi.ac.uk/vol1/fastq/ERR854/ERR854869/ERR854869_1.fastq.gz;ftp.sra.ebi.ac.uk/vol1/fastq/ERR854/ERR854869/ERR854869_2.fastq.gz	156390117;160873227	1df9080c7e7fa031ffcd925bd35ba77a;a7a90160573caf2e60e9f290a523d62f
ERR854870	2	0.5	PAIRED	ftp.sra.ebi.ac.uk/vol1/fastq/ERR854/ERR854870/ERR854870_1.fastq.gz;ftp.sra.ebi.ac.uk/vol1/fastq/ERR854/ERR854870/ERR854870_2.fastq.gz	157727605;162106772	ac99d7360142da6a088387178d1417b1;54e5325e634b379603d93efa362dc1e8
ERR854871	2	0.25	PAIRED	ftp.sra.ebi.ac.uk/vol1/fastq/ERR854/ERR854871/ERR854871_1.fastq.gz;ftp.sra.ebi.ac.uk/vol1/fastq/ERR854/ERR854871/ERR854871_2.fastq.gz	193096774;198301008	cfafe6f26c604fc18107ac2d56e4d8df;3e66cca90a15f517a5d62562e5084c55
ERR854872	2	2	PAIRED	ftp.sra.ebi.ac.uk/vol1/fastq/ERR854/ERR854872/ERR854872_1.fastq.gz;ftp.sra.ebi.ac.uk/vol1/fastq/ERR854/ERR854872/ERR854872_2.fastq.gz	163389325;167483107	4cd924eadc79867778cbaaf8ab9a6437;d68a4aec0340aa1e50cd5638c361c051
ERR854874	2	8	PAIRED	ftp.sra.ebi.ac.uk/vol1/fastq/ERR854/ERR854874/ERR854874_1.fastq.gz;ftp.sra.ebi.ac.uk/vol1/fastq/ERR854/ERR854874/ERR854874_2.fastq.gz	176267303;181733936	1719966140731fe00fd7c8d6e4b562b7;7670c4b8e529700863cdc5fc65e0e524
ERR854875	2	4	PAIRED	ftp.sra.ebi.ac.uk/vol1/fastq/ERR854/ERR854875/ERR854875_1.fastq.gz;ftp.sra.ebi.ac.uk/vol1/fastq/ERR854/ERR854875/ERR854875_2.fastq.gz	176024978;180387280	0ab29e5c36d1866250121d7eac37830d;f087bfde533e99442a88c36d436f0f08
ERR854876	2	4	PAIRED	ftp.sra.ebi.ac.uk/vol1/fastq/ERR854/ERR854876/ERR854876_1.fastq.gz;ftp.sra.ebi.ac.uk/vol1/fastq/ERR854/ERR854876/ERR854876_2.fastq.gz	158383401;162970725	9cbcb1d6b017e580e47a9748d3d3b425;d8cd628b548deeb994cdd054cd2f41a4
ERR854877	2	8	PAIRED	ftp.sra.ebi.ac.uk/vol1/fastq/ERR854/ERR854877/ERR854877_1.fastq.gz;ftp.sra.ebi.ac.uk/vol1/fastq/ERR854/ERR854877/ERR854877_2.fastq.gz	153903398;158715611	7ba83e84e0fce2a76739a7037fa1599d;cad232f42e300a8fcc8f4d82e9af802e
ERR854878	2	16	PAIRED	ftp.sra.ebi.ac.uk/vol1/fastq/ERR854/ERR854878/ERR854878_1.fastq.gz;ftp.sra.ebi.ac.uk/vol1/fastq/ERR854/ERR854878/ERR854878_2.fastq.gz	170167797;175038090	b5d4504db5a5a2f63c3e5cb86c43ba36;ad29807f5aef72c14c6c09556cf09c70
ERR854879	2	16	PAIRED	ftp.sra.ebi.ac.uk/vol1/fastq/ERR854/ERR854879/ERR854879_1.fastq.gz;ftp.sra.ebi.ac.uk/vol1/fastq/ERR854/ERR854879/ERR854879_2.fastq.gz	185970068;191552785	bae97d11c5763c06da736ead9dd7b08b;ce66504817e567aa39d22df078e9ff96
ERR854880	2	4	PAIRED	ftp.sra.ebi.ac.uk/vol1/fastq/ERR854/ERR854880/ERR854880_1.fastq.gz;ftp.sra.ebi.ac.uk/vol1/fastq/ERR854/ERR854880/ERR854880_2.fastq.gz	184547619;189879643	62acd94356702cdffbc1fdde3f1bfaab;bd32e401b04cc0d219539d83dd9d0d53
ERR854881	2	8	PAIRED	ftp.sra.ebi.ac.uk/vol1/fastq/ERR854/ERR854881/ERR854881_1.fastq.gz;ftp.sra.ebi.ac.uk/vol1/fastq/ERR854/ERR854881/ERR854881_2.fastq.gz	186218878;192048823	a6acc4c121478f664e202486a9ea1aaf;15988d20bd8c71f04538720effba4611
ERR854882	2	0.5	PAIRED	ftp.sra.ebi.ac.uk/vol1/fastq/ERR854/ERR854882/ERR854882_1.fastq.gz;ftp.sra.ebi.ac.uk/vol1/fastq/ERR854/ERR854882/ERR854882_2.fastq.gz	193108553;198327339	bcf15d32379a4f08421207e7ba8d9ace;69d1a0759ffe0712db46c345bfb9f821
ERR854883	2	0.5	PAIRED	ftp.sra.ebi.ac.uk/vol1/fastq/ERR854/ERR854883/ERR854883_1.fastq.gz;ftp.sra.ebi.ac.uk/vol1/fastq/ERR854/ERR854883/ERR854883_2.fastq.gz	171792426;176976042	b066291542a8c224cdb3dc9673fdb9be;08b3e7da8ccb3842eae914c1368dd658
ERR854884	2	0.5	PAIRED	ftp.sra.ebi.ac.uk/vol1/fastq/ERR854/ERR854884/ERR854884_1.fastq.gz;ftp.sra.ebi.ac.uk/vol1/fastq/ERR854/ERR854884/ERR854884_2.fastq.gz	177121082;182196675	98d71880a2f7d62c5d67993aae315bf1;a20818444ef5d6cb480514c4a83242ae
ERR854885	2	0.5	PAIRED	ftp.sra.ebi.ac.uk/vol1/fastq/ERR854/ERR854885/ERR854885_1.fastq.gz;ftp.sra.ebi.ac.uk/vol1/fastq/ERR854/ERR854885/ERR854885_2.fastq.gz	176390759;181590440	32f35ad81276a638e0040d41fb9de3c8;42c9b2dd6ba325c11fb3ce7ba1c0d53b
ERR854886	2	0.25	PAIRED	ftp.sra.ebi.ac.uk/vol1/fastq/ERR854/ERR854886/ERR854886_1.fastq.gz;ftp.sra.ebi.ac.uk/vol1/fastq/ERR854/ERR854886/ERR854886_2.fastq.gz	167642319;172579453	edd54447c3fadd7fc3a3e0aa96ef0687;f29e50640bc4029c9404dcb568567f22
ERR854887	2	1	PAIRED	ftp.sra.ebi.ac.uk/vol1/fastq/ERR854/ERR854887/ERR854887_1.fastq.gz;ftp.sra.ebi.ac.uk/vol1/fastq/ERR854/ERR854887/ERR854887_2.fastq.gz	174966890;179502609	297861515f7e1fadc9e1b0f64cb67496;7b94dcd89fbc1ff54c376e5072643532
ERR854888	2	0.5	PAIRED	ftp.sra.ebi.ac.uk/vol1/fastq/ERR854/ERR854888/ERR854888_1.fastq.gz;ftp.sra.ebi.ac.uk/vol1/fastq/ERR854/ERR854888/ERR854888_2.fastq.gz	176105455;181040173	3634a0bcea7a30ebbb70b110f63fadfd;ec9b4667ad874e55a7082bbec9fd7b15
ERR854889	2	0.25	PAIRED	ftp.sra.ebi.ac.uk/vol1/fastq/ERR854/ERR854889/ERR854889_1.fastq.gz;ftp.sra.ebi.ac.uk/vol1/fastq/ERR854/ERR854889/ERR854889_2.fastq.gz	175033716;179727111	254df727aebad6e0137f5a2791cccc52;12d8b7388ba7a65c263ec126601031f4
ERR854890	2	1	PAIRED	ftp.sra.ebi.ac.uk/vol1/fastq/ERR854/ERR854890/ERR854890_1.fastq.gz;ftp.sra.ebi.ac.uk/vol1/fastq/ERR854/ERR854890/ERR854890_2.fastq.gz	170837780;175733237	721cf85967647c4233d281a8974247e9;ae110b5c676b12feae275313f0584d59
ERR854891	2	0.5	PAIRED	ftp.sra.ebi.ac.uk/vol1/fastq/ERR854/ERR854891/ERR854891_1.fastq.gz;ftp.sra.ebi.ac.uk/vol1/fastq/ERR854/ERR854891/ERR854891_2.fastq.gz	160838259;165117024	a70af4fad0e98ed9d6372647bd7748ef;7e0ed97b4f32de2777f473437db1b22b
ERR854892	2	1	PAIRED	ftp.sra.ebi.ac.uk/vol1/fastq/ERR854/ERR854892/ERR854892_1.fastq.gz;ftp.sra.ebi.ac.uk/vol1/fastq/ERR854/ERR854892/ERR854892_2.fastq.gz	160990684;165114856	e463e0d70641e4963252f7449509154a;bb9f18b997789062095b2fc2c50c44e5
ERR854893	2	0.125	PAIRED	ftp.sra.ebi.ac.uk/vol1/fastq/ERR854/ERR854893/ERR854893_1.fastq.gz;ftp.sra.ebi.ac.uk/vol1/fastq/ERR854/ERR854893/ERR854893_2.fastq.gz	163567420;167951860	2d89cde144830495ebd40c65e8d26069;b03d624550df619e65b2ae5ebaface0d
ERR854894	2	1	PAIRED	ftp.sra.ebi.ac.uk/vol1/fastq/ERR854/ERR854894/ERR854894_1.fastq.gz;ftp.sra.ebi.ac.uk/vol1/fastq/ERR854/ERR854894/ERR854894_2.fastq.gz	159388454;164041916	c35732cfc495266748ff07ee95dc54d6;acb1d63e055a448ff8eaba285527be1c
ERR854895	2	0.5	PAIRED	ftp.sra.ebi.ac.uk/vol1/fastq/ERR854/ERR854895/ERR854895_1.fastq.gz;ftp.sra.ebi.ac.uk/vol1/fastq/ERR854/ERR854895/ERR854895_2.fastq.gz	162310050;166524827	f48d0231cc2a5c7a684bb7c98067c75d;70310990a7611270f74b0959c7fc0da2
ERR854896	2	1	PAIRED	ftp.sra.ebi.ac.uk/vol1/fastq/ERR854/ERR854896/ERR854896_1.fastq.gz;ftp.sra.ebi.ac.uk/vol1/fastq/ERR854/ERR854896/ERR854896_2.fastq.gz	162392429;166811964	79b462e40fec911a5409164fa23bc519;3d2a4a2d46f768e8f11455a2c2693a7a
ERR854897	2	1	PAIRED	ftp.sra.ebi.ac.uk/vol1/fastq/ERR854/ERR854897/ERR854897_1.fastq.gz;ftp.sra.ebi.ac.uk/vol1/fastq/ERR854/ERR854897/ERR854897_2.fastq.gz	163750637;168121933	a4714475310a5cb6c9b32cd5757b28ae;94a449e5cadffe0d758bd61fe5211216
ERR854898	2	0.5	PAIRED	ftp.sra.ebi.ac.uk/vol1/fastq/ERR854/ERR854898/ERR854898_1.fastq.gz;ftp.sra.ebi.ac.uk/vol1/fastq/ERR854/ERR854898/ERR854898_2.fastq.gz	172338683;176733949	e89967ecf58c0ae9e57db1fb6d40defb;52dc41e719b2ba51aae0a8c9975e6c8b
ERR854899	2	1	PAIRED	ftp.sra.ebi.ac.uk/vol1/fastq/ERR854/ERR854899/ERR854899_1.fastq.gz;ftp.sra.ebi.ac.uk/vol1/fastq/ERR854/ERR854899/ERR854899_2.fastq.gz	168235648;173075640	dcb3503384f988183242c1b764ce1fa9;3ae379d65c89732be165fa8779b440f3
ERR854900	2	1	PAIRED	ftp.sra.ebi.ac.uk/vol1/fastq/ERR854/ERR854900/ERR854900_1.fastq.gz;ftp.sra.ebi.ac.uk/vol1/fastq/ERR854/ERR854900/ERR854900_2.fastq.gz	159017017;163252869	6eac33b9bc4943b7a45c335bca48969c;d923149ffaa4c35a8428f8ef6de3c528
ERR854901	2	1	PAIRED	ftp.sra.ebi.ac.uk/vol1/fastq/ERR854/ERR854901/ERR854901_1.fastq.gz;ftp.sra.ebi.ac.uk/vol1/fastq/ERR854/ERR854901/ERR854901_2.fastq.gz	180315331;184927334	3b9e03aea4d6ed90c4a0ed27974280d5;a56f3caa95c489b5e0ecb58ef9f276dd
ERR854902	2	1	PAIRED	ftp.sra.ebi.ac.uk/vol1/fastq/ERR854/ERR854902/ERR854902_1.fastq.gz;ftp.sra.ebi.ac.uk/vol1/fastq/ERR854/ERR854902/ERR854902_2.fastq.gz	170667667;175889200	118261e5acb971b9ad23281ca8ff7e04;91adb7bc90ee3f5043a863d3b80baf21
ERR854903	2	0.5	PAIRED	ftp.sra.ebi.ac.uk/vol1/fastq/ERR854/ERR854903/ERR854903_1.fastq.gz;ftp.sra.ebi.ac.uk/vol1/fastq/ERR854/ERR854903/ERR854903_2.fastq.gz	187237538;191580469	c0048edccc7e177bf4a9afd991e7ac7c;db0d66d8d39333679f2fb107ffc1d8af
ERR854904	2	1	PAIRED	ftp.sra.ebi.ac.uk/vol1/fastq/ERR854/ERR854904/ERR854904_1.fastq.gz;ftp.sra.ebi.ac.uk/vol1/fastq/ERR854/ERR854904/ERR854904_2.fastq.gz	179038295;183894513	b3feeae46ff889af6aa87049052d53b9;1ddfa5a27552e864da8a252fc1663a0c
ERR854905	2	0.5	PAIRED	ftp.sra.ebi.ac.uk/vol1/fastq/ERR854/ERR854905/ERR854905_1.fastq.gz;ftp.sra.ebi.ac.uk/vol1/fastq/ERR854/ERR854905/ERR854905_2.fastq.gz	176947026;182171403	e101da171392fbb8101cb3004f132ced;a3f4d9de29607d1932acb2c3c0d2435d
ERR854906	2	0.5	PAIRED	ftp.sra.ebi.ac.uk/vol1/fastq/ERR854/ERR854906/ERR854906_1.fastq.gz;ftp.sra.ebi.ac.uk/vol1/fastq/ERR854/ERR854906/ERR854906_2.fastq.gz	173232102;177733345	4f73e464db53419b33b9951a081b903e;bcc9304ab4f8c7da0ddbf136f628b345
ERR854907	2	0.5	PAIRED	ftp.sra.ebi.ac.uk/vol1/fastq/ERR854/ERR854907/ERR854907_1.fastq.gz;ftp.sra.ebi.ac.uk/vol1/fastq/ERR854/ERR854907/ERR854907_2.fastq.gz	165779274;169843348	ee4c5e8539eb114c5574ba2b598eff31;35a9bc0196deeaa6839b83d57f63b1cb
ERR854908	2	0.5	PAIRED	ftp.sra.ebi.ac.uk/vol1/fastq/ERR854/ERR854908/ERR854908_1.fastq.gz;ftp.sra.ebi.ac.uk/vol1/fastq/ERR854/ERR854908/ERR854908_2.fastq.gz	152882074;157284618	897a5f56304a32f8b1cb48a07ce016e1;fd3dc6f2f2cb626145e56f0571ffef8c
ERR854909	2	1	PAIRED	ftp.sra.ebi.ac.uk/vol1/fastq/ERR854/ERR854909/ERR854909_1.fastq.gz;ftp.sra.ebi.ac.uk/vol1/fastq/ERR854/ERR854909/ERR854909_2.fastq.gz	166965266;171273105	1825179810f92ae56cd2f2a0e047684e;1417dec6401afc6b4d66ed54d30a9631
ERR854910	2	1	PAIRED	ftp.sra.ebi.ac.uk/vol1/fastq/ERR854/ERR854910/ERR854910_1.fastq.gz;ftp.sra.ebi.ac.uk/vol1/fastq/ERR854/ERR854910/ERR854910_2.fastq.gz	163453688;167683542	1d97c851f5ca84aa4e582e92455d8d58;7c7be97abe0121d8501a09a006add30c
ERR854911	2	0.25	PAIRED	ftp.sra.ebi.ac.uk/vol1/fastq/ERR854/ERR854911/ERR854911_1.fastq.gz;ftp.sra.ebi.ac.uk/vol1/fastq/ERR854/ERR854911/ERR854911_2.fastq.gz	168396896;172591883	3ee69d277839ee57cb1adfe0e0f334f6;9e7d2f9e4c913bdc5b3f710c9811915f
ERR854912	2	0.5	PAIRED	ftp.sra.ebi.ac.uk/vol1/fastq/ERR854/ERR854912/ERR854912_1.fastq.gz;ftp.sra.ebi.ac.uk/vol1/fastq/ERR854/ERR854912/ERR854912_2.fastq.gz	163392448;168731585	625475f35f13056b569b2754fe6629a4;3ebf0f27a02850f702cff0c4bab5b08f
ERR854913	2	0.5	PAIRED	ftp.sra.ebi.ac.uk/vol1/fastq/ERR854/ERR854913/ERR854913_1.fastq.gz;ftp.sra.ebi.ac.uk/vol1/fastq/ERR854/ERR854913/ERR854913_2.fastq.gz	179124279;183044440	1c7aedc765e3d8af38a0633bedf3d5ea;ce680149e0b7505e3476b5f2c26a756a
ERR854914	2	1	PAIRED	ftp.sra.ebi.ac.uk/vol1/fastq/ERR854/ERR854914/ERR854914_1.fastq.gz;ftp.sra.ebi.ac.uk/vol1/fastq/ERR854/ERR854914/ERR854914_2.fastq.gz	171465141;176136732	696e84336de81ae464999ed670e431f5;b3c022115a8244603d2c0335d9f38154
ERR854915	2	0.5	PAIRED	ftp.sra.ebi.ac.uk/vol1/fastq/ERR854/ERR854915/ERR854915_1.fastq.gz;ftp.sra.ebi.ac.uk/vol1/fastq/ERR854/ERR854915/ERR854915_2.fastq.gz	173465765;178471945	10ae3810672e491ec79d0e1fc4a304dd;ff521ae1b517c066225a3e009550bae8
ERR854916	2	0.5	PAIRED	ftp.sra.ebi.ac.uk/vol1/fastq/ERR854/ERR854916/ERR854916_1.fastq.gz;ftp.sra.ebi.ac.uk/vol1/fastq/ERR854/ERR854916/ERR854916_2.fastq.gz	178360354;182929550	75fba9b65fdc9af09e54e91878e17827;4dbe4db16be82a5b9e0782432593112c
ERR854917	2	1	PAIRED	ftp.sra.ebi.ac.uk/vol1/fastq/ERR854/ERR854917/ERR854917_1.fastq.gz;ftp.sra.ebi.ac.uk/vol1/fastq/ERR854/ERR854917/ERR854917_2.fastq.gz	187565914;192113149	821f98fbb522da1c2161532c302d272d;5916d9c7dc07712700f22b0dc1667be3
ERR854918	2	1	PAIRED	ftp.sra.ebi.ac.uk/vol1/fastq/ERR854/ERR854918/ERR854918_1.fastq.gz;ftp.sra.ebi.ac.uk/vol1/fastq/ERR854/ERR854918/ERR854918_2.fastq.gz	179676996;184009633	4d2c53be1352928e7a6c48d65f908af0;b1186221ae7cd32769f5f2609e4fcb8c
ERR854919	2	0.5	PAIRED	ftp.sra.ebi.ac.uk/vol1/fastq/ERR854/ERR854919/ERR854919_1.fastq.gz;ftp.sra.ebi.ac.uk/vol1/fastq/ERR854/ERR854919/ERR854919_2.fastq.gz	180850715;185830431	0ace30303ea4f8fd28e0b5e292f4bb6f;c98f2f7690c3f6ca79dc97d43613a8ef
ERR854920	2	0.5	PAIRED	ftp.sra.ebi.ac.uk/vol1/fastq/ERR854/ERR854920/ERR854920_1.fastq.gz;ftp.sra.ebi.ac.uk/vol1/fastq/ERR854/ERR854920/ERR854920_2.fastq.gz	175150803;180184785	1a39f9b46df2332b4ebea787e385c0f8;6c649ec8981d674eba4c1a835354852c
ERR854921	2	1	PAIRED	ftp.sra.ebi.ac.uk/vol1/fastq/ERR854/ERR854921/ERR854921_1.fastq.gz;ftp.sra.ebi.ac.uk/vol1/fastq/ERR854/ERR854921/ERR854921_2.fastq.gz	176192578;180041047	d8e3af3da7d644b3d4103ad4e111ba15;44c48fdf6da9b364645988d9ff60d27b
ERR854922	2	1	PAIRED	ftp.sra.ebi.ac.uk/vol1/fastq/ERR854/ERR854922/ERR854922_1.fastq.gz;ftp.sra.ebi.ac.uk/vol1/fastq/ERR854/ERR854922/ERR854922_2.fastq.gz	183805032;189143020	b9a1f2736069524d23f8d216267cebc3;1aa54dadcb22d736b4ff81b154139f29
ERR854923	2	0.5	PAIRED	ftp.sra.ebi.ac.uk/vol1/fastq/ERR854/ERR854923/ERR854923_1.fastq.gz;ftp.sra.ebi.ac.uk/vol1/fastq/ERR854/ERR854923/ERR854923_2.fastq.gz	189930049;195076303	081bf508220c915ae33131bb088573ea;b7e2cdf49c1c3131acd33b9d547bdb56
ERR854924	2	0.5	PAIRED	ftp.sra.ebi.ac.uk/vol1/fastq/ERR854/ERR854924/ERR854924_1.fastq.gz;ftp.sra.ebi.ac.uk/vol1/fastq/ERR854/ERR854924/ERR854924_2.fastq.gz	201454277;206589473	2b394b70371e4f93a4bd410c438ce2c9;a6d588b7d9d4507af3cb4edc113adc57
ERR854925	2	1	PAIRED	ftp.sra.ebi.ac.uk/vol1/fastq/ERR854/ERR854925/ERR854925_1.fastq.gz;ftp.sra.ebi.ac.uk/vol1/fastq/ERR854/ERR854925/ERR854925_2.fastq.gz	194783823;199840291	2dda8e9db759ba435c6b787c82120637;0fe8fe90164503ac1389532c1765e889
ERR854926	2	0.5	PAIRED	ftp.sra.ebi.ac.uk/vol1/fastq/ERR854/ERR854926/ERR854926_1.fastq.gz;ftp.sra.ebi.ac.uk/vol1/fastq/ERR854/ERR854926/ERR854926_2.fastq.gz	187631359;192435072	376fba211d7fb9ae9c9c081e3e48cfd5;e990907b6b1e395b8351f8676629954c
ERR854927	2	0.5	PAIRED	ftp.sra.ebi.ac.uk/vol1/fastq/ERR854/ERR854927/ERR854927_1.fastq.gz;ftp.sra.ebi.ac.uk/vol1/fastq/ERR854/ERR854927/ERR854927_2.fastq.gz	214142376;219115929	25a3a31e362197499ca9a3b571c3f11d;7e3063b3c12c19bf800a21300bbbdf33
ERR854928	2	1	PAIRED	ftp.sra.ebi.ac.uk/vol1/fastq/ERR854/ERR854928/ERR854928_1.fastq.gz;ftp.sra.ebi.ac.uk/vol1/fastq/ERR854/ERR854928/ERR854928_2.fastq.gz	183728704;189224366	edfcc41634b62fa46ef94e96cfe18be5;6426d5c2c9de6b90b7512898ff795a86
ERR854929	2	0.5	PAIRED	ftp.sra.ebi.ac.uk/vol1/fastq/ERR854/ERR854929/ERR854929_1.fastq.gz;ftp.sra.ebi.ac.uk/vol1/fastq/ERR854/ERR854929/ERR854929_2.fastq.gz	167499839;171652864	80c8ef2ef49b2f912437c42d396ff616;a2107c4fc68f29b18d9aa27e432b2e89
ERR854930	2	1	PAIRED	ftp.sra.ebi.ac.uk/vol1/fastq/ERR854/ERR854930/ERR854930_1.fastq.gz;ftp.sra.ebi.ac.uk/vol1/fastq/ERR854/ERR854930/ERR854930_2.fastq.gz	172955912;177395094	745d0aeefd8346d5688764079db2d541;9adfe80238fed5b40f75bebc8ecefd16
ERR854931	2	0.25	PAIRED	ftp.sra.ebi.ac.uk/vol1/fastq/ERR854/ERR854931/ERR854931_1.fastq.gz;ftp.sra.ebi.ac.uk/vol1/fastq/ERR854/ERR854931/ERR854931_2.fastq.gz	172754841;177898956	c8ef27ba191c3abceeb6e517fa183689;d3a907019a725b9ce3f181473c508b33
ERR854932	2	1	PAIRED	ftp.sra.ebi.ac.uk/vol1/fastq/ERR854/ERR854932/ERR854932_1.fastq.gz;ftp.sra.ebi.ac.uk/vol1/fastq/ERR854/ERR854932/ERR854932_2.fastq.gz	188116250;192657824	997ef726f24dcd28b0eb6d80a3f0d6c7;32f6c4bb79fc49e30da1687f137d00f3
ERR854933	2	1	PAIRED	ftp.sra.ebi.ac.uk/vol1/fastq/ERR854/ERR854933/ERR854933_1.fastq.gz;ftp.sra.ebi.ac.uk/vol1/fastq/ERR854/ERR854933/ERR854933_2.fastq.gz	201449260;206829768	41ae5a23c52e70bf971af7280557d5a3;44f2ce27bbb150e71ac3df0ad616b9f3
ERR854934	2	0.5	PAIRED	ftp.sra.ebi.ac.uk/vol1/fastq/ERR854/ERR854934/ERR854934_1.fastq.gz;ftp.sra.ebi.ac.uk/vol1/fastq/ERR854/ERR854934/ERR854934_2.fastq.gz	186955402;191963182	31cd013a5bc92e921bd3e0fb2f052a68;9e8a2ebc3a2992e0022e3a9e361ba571
ERR854935	2	0.5	PAIRED	ftp.sra.ebi.ac.uk/vol1/fastq/ERR854/ERR854935/ERR854935_1.fastq.gz;ftp.sra.ebi.ac.uk/vol1/fastq/ERR854/ERR854935/ERR854935_2.fastq.gz	192013858;197548971	8455b4df44da542a1de5b31d9676eb73;43b24bac47caef467cce9fec0f67345b
ERR854936	2	1	PAIRED	ftp.sra.ebi.ac.uk/vol1/fastq/ERR854/ERR854936/ERR854936_1.fastq.gz;ftp.sra.ebi.ac.uk/vol1/fastq/ERR854/ERR854936/ERR854936_2.fastq.gz	191248553;195572930	e26cc3bca0ecfd53aa20d50aa6eb23d5;4cd620ee3c66b5ec521170cc8d920641
ERR854937	2	0.5	PAIRED	ftp.sra.ebi.ac.uk/vol1/fastq/ERR854/ERR854937/ERR854937_1.fastq.gz;ftp.sra.ebi.ac.uk/vol1/fastq/ERR854/ERR854937/ERR854937_2.fastq.gz	165440412;169050916	0cab50be464e50a183c77ef086db6f45;6294ebff292c2a954609a52c54f76174
ERR854938	2	1	PAIRED	ftp.sra.ebi.ac.uk/vol1/fastq/ERR854/ERR854938/ERR854938_1.fastq.gz;ftp.sra.ebi.ac.uk/vol1/fastq/ERR854/ERR854938/ERR854938_2.fastq.gz	164091848;168081783	fbb36e47d1a3c2b324422778bf852de6;68e773aa0822851df8d5ce4507bbe09c
ERR854939	2	0.5	PAIRED	ftp.sra.ebi.ac.uk/vol1/fastq/ERR854/ERR854939/ERR854939_1.fastq.gz;ftp.sra.ebi.ac.uk/vol1/fastq/ERR854/ERR854939/ERR854939_2.fastq.gz	168659478;173130423	e6cfa8293c3d8aa7471ed3e7d70fff48;39baec3435fc93306c4d7ab62359970f
ERR854940	2	1	PAIRED	ftp.sra.ebi.ac.uk/vol1/fastq/ERR854/ERR854940/ERR854940_1.fastq.gz;ftp.sra.ebi.ac.uk/vol1/fastq/ERR854/ERR854940/ERR854940_2.fastq.gz	191935942;197117164	6f4bce161345d6cae68fc3e1502b7272;f93bc438e5745e2e725cc00a6a49255a
ERR854941	2	0.5	PAIRED	ftp.sra.ebi.ac.uk/vol1/fastq/ERR854/ERR854941/ERR854941_1.fastq.gz;ftp.sra.ebi.ac.uk/vol1/fastq/ERR854/ERR854941/ERR854941_2.fastq.gz	189350068;194268983	dabef524d5f332025b56684272602cf9;8c0c6988352d0e172dd24302036445c4
ERR854942	2	0.5	PAIRED	ftp.sra.ebi.ac.uk/vol1/fastq/ERR854/ERR854942/ERR854942_1.fastq.gz;ftp.sra.ebi.ac.uk/vol1/fastq/ERR854/ERR854942/ERR854942_2.fastq.gz	169941943;174935889	d345091a38d3f727a9a33f23123d0804;ac110f2592c8e49cc5fc522e1e43fbf4
ERR854943	2	0.5	PAIRED	ftp.sra.ebi.ac.uk/vol1/fastq/ERR854/ERR854943/ERR854943_1.fastq.gz;ftp.sra.ebi.ac.uk/vol1/fastq/ERR854/ERR854943/ERR854943_2.fastq.gz	177240266;181261292	20b672ebf3820d296d513184c3c32a8c;2f6ebde2505e8a200b84d39ae97ae504
ERR854944	2	0.5	PAIRED	ftp.sra.ebi.ac.uk/vol1/fastq/ERR854/ERR854944/ERR854944_1.fastq.gz;ftp.sra.ebi.ac.uk/vol1/fastq/ERR854/ERR854944/ERR854944_2.fastq.gz	162457194;166528706	e6e48fc13c8144856aa6fb5229b536d4;ab0eb9eccda046538558997b756d25bd
ERR854945	2	1	PAIRED	ftp.sra.ebi.ac.uk/vol1/fastq/ERR854/ERR854945/ERR854945_1.fastq.gz;ftp.sra.ebi.ac.uk/vol1/fastq/ERR854/ERR854945/ERR854945_2.fastq.gz	175475179;179964755	c3913786687ab6c1edebe54fbcfbdf08;298d5a106170f1756356e0c25c934187
ERR854946	2	0.125	PAIRED	ftp.sra.ebi.ac.uk/vol1/fastq/ERR854/ERR854946/ERR854946_1.fastq.gz;ftp.sra.ebi.ac.uk/vol1/fastq/ERR854/ERR854946/ERR854946_2.fastq.gz	150543790;154872279	5626428c173cf20d4664824ac737a220;49fb4609f2371c42be46e94ff38cddde
ERR854947	2	0.5	PAIRED	ftp.sra.ebi.ac.uk/vol1/fastq/ERR854/ERR854947/ERR854947_1.fastq.gz;ftp.sra.ebi.ac.uk/vol1/fastq/ERR854/ERR854947/ERR854947_2.fastq.gz	167959182;172048012	7a9c3ad4b2d31361f0d2326bf327e4b7;f3ef20e507b260c73f712deb1571a8b5
ERR854948	2	1	PAIRED	ftp.sra.ebi.ac.uk/vol1/fastq/ERR854/ERR854948/ERR854948_1.fastq.gz;ftp.sra.ebi.ac.uk/vol1/fastq/ERR854/ERR854948/ERR854948_2.fastq.gz	176005807;183170952	1364978d1aae33d30d992d43591250d5;9228e001e393d1894ae6d63cbefc194a
ERR854949	2	0.06	PAIRED	ftp.sra.ebi.ac.uk/vol1/fastq/ERR854/ERR854949/ERR854949_1.fastq.gz;ftp.sra.ebi.ac.uk/vol1/fastq/ERR854/ERR854949/ERR854949_2.fastq.gz	185763557;190502570	b543b22865fcd1c2e01f110ad8e905a1;977128e178d595084432af1e780d4d41
ERR854950	2	0.5	PAIRED	ftp.sra.ebi.ac.uk/vol1/fastq/ERR854/ERR854950/ERR854950_1.fastq.gz;ftp.sra.ebi.ac.uk/vol1/fastq/ERR854/ERR854950/ERR854950_2.fastq.gz	168943201;173711714	d956033a20e51fac01015b145d3c69a3;97c4a3bb9b8cb3383e5d816fef408161
ERR854951	2	0.25	PAIRED	ftp.sra.ebi.ac.uk/vol1/fastq/ERR854/ERR854951/ERR854951_1.fastq.gz;ftp.sra.ebi.ac.uk/vol1/fastq/ERR854/ERR854951/ERR854951_2.fastq.gz	171391999;175560304	fae7d8d72a291be592ed57f573639938;ea7bfec1e316a9f397418be22582e025
ERR854952	2	0.5	PAIRED	ftp.sra.ebi.ac.uk/vol1/fastq/ERR854/ERR854952/ERR854952_1.fastq.gz;ftp.sra.ebi.ac.uk/vol1/fastq/ERR854/ERR854952/ERR854952_2.fastq.gz	168629740;173656705	8919eaa3f570b3284e6c2b2f4503f5d8;b0d6743148fcc70137626a7ff4c291bb
ERR854953	2	0.5	PAIRED	ftp.sra.ebi.ac.uk/vol1/fastq/ERR854/ERR854953/ERR854953_1.fastq.gz;ftp.sra.ebi.ac.uk/vol1/fastq/ERR854/ERR854953/ERR854953_2.fastq.gz	161889809;166597724	0166178485ba6f474a51a0a19d370e73;d79545c48ca03d14e1e565ff0732219f
ERR854954	2	16	PAIRED	ftp.sra.ebi.ac.uk/vol1/fastq/ERR854/ERR854954/ERR854954_1.fastq.gz;ftp.sra.ebi.ac.uk/vol1/fastq/ERR854/ERR854954/ERR854954_2.fastq.gz	154255235;159124379	199d9a606ce9a0a4705106a5c602c9bd;5df2a03b7d13fc9810ec5608953f2ba0
ERR854955	2	1	PAIRED	ftp.sra.ebi.ac.uk/vol1/fastq/ERR854/ERR854955/ERR854955_1.fastq.gz;ftp.sra.ebi.ac.uk/vol1/fastq/ERR854/ERR854955/ERR854955_2.fastq.gz	171576724;176022221	a665d20dd4fa0550440d9f0e83643bd9;cba05587b03e640fc4a2a3fff650484e
ERR854956	2	0.5	PAIRED	ftp.sra.ebi.ac.uk/vol1/fastq/ERR854/ERR854956/ERR854956_1.fastq.gz;ftp.sra.ebi.ac.uk/vol1/fastq/ERR854/ERR854956/ERR854956_2.fastq.gz	173294199;176882094	82597c183646eb5b39aff43d4bf9d207;87bf6c741b88e95243a0baaff5c53775
ERR854957	2	0.5	PAIRED	ftp.sra.ebi.ac.uk/vol1/fastq/ERR854/ERR854957/ERR854957_1.fastq.gz;ftp.sra.ebi.ac.uk/vol1/fastq/ERR854/ERR854957/ERR854957_2.fastq.gz	180898766;185357021	4d86020e6281266db18249970e009305;f12f20aee549248cb4e84b10abdf55cb
ERR854958	2	0.06	PAIRED	ftp.sra.ebi.ac.uk/vol1/fastq/ERR854/ERR854958/ERR854958_1.fastq.gz;ftp.sra.ebi.ac.uk/vol1/fastq/ERR854/ERR854958/ERR854958_2.fastq.gz	171311386;176136816	0526337b2d411dc092d23993d755ee6d;4ab64789908d87831c255546989fb913
ERR854959	2	0.5	PAIRED	ftp.sra.ebi.ac.uk/vol1/fastq/ERR854/ERR854959/ERR854959_1.fastq.gz;ftp.sra.ebi.ac.uk/vol1/fastq/ERR854/ERR854959/ERR854959_2.fastq.gz	163615150;167573954	35c1cdb8b4b180ab81fa3a2822e34797;c90d3b8da13f4287783c9017bba524e7
ERR854960	2	1	PAIRED	ftp.sra.ebi.ac.uk/vol1/fastq/ERR854/ERR854960/ERR854960_1.fastq.gz;ftp.sra.ebi.ac.uk/vol1/fastq/ERR854/ERR854960/ERR854960_2.fastq.gz	172011733;175833439	5e1075e620871f9590dfd4a5eefab7b6;6e3c1bac93bce2870ea17530b9cf7e5f
ERR854961	2	0.25	PAIRED	ftp.sra.ebi.ac.uk/vol1/fastq/ERR854/ERR854961/ERR854961_1.fastq.gz;ftp.sra.ebi.ac.uk/vol1/fastq/ERR854/ERR854961/ERR854961_2.fastq.gz	182768631;186933166	b0be83e13de6c57050c7c0a274b5fbac;597a881985b8e8abc82b234d6a404bf4
ERR854962	2	0.25	PAIRED	ftp.sra.ebi.ac.uk/vol1/fastq/ERR854/ERR854962/ERR854962_1.fastq.gz;ftp.sra.ebi.ac.uk/vol1/fastq/ERR854/ERR854962/ERR854962_2.fastq.gz	144459523;148982886	1e5019f03c6256000687702c65a0cfd9;6a0cc91251dea7a92c755d77be5090db
ERR854963	2	0.5	PAIRED	ftp.sra.ebi.ac.uk/vol1/fastq/ERR854/ERR854963/ERR854963_1.fastq.gz;ftp.sra.ebi.ac.uk/vol1/fastq/ERR854/ERR854963/ERR854963_2.fastq.gz	143963650;148583195	f0f0e5dcadf5c5b1007d959d261d7f83;54a167ee5be64752ea79648a2f07768b
ERR854964	2	0.25	PAIRED	ftp.sra.ebi.ac.uk/vol1/fastq/ERR854/ERR854964/ERR854964_1.fastq.gz;ftp.sra.ebi.ac.uk/vol1/fastq/ERR854/ERR854964/ERR854964_2.fastq.gz	158052830;162881243	5c086794d69ee7e8ab2bcaa7023245ae;5a2fc49ece22e2ff019687535bd555fc
ERR854965	2	1	PAIRED	ftp.sra.ebi.ac.uk/vol1/fastq/ERR854/ERR854965/ERR854965_1.fastq.gz;ftp.sra.ebi.ac.uk/vol1/fastq/ERR854/ERR854965/ERR854965_2.fastq.gz	151247722;156484365	ffa9f3d97d3fb513fa289ac7a76ca555;aebd3d40517fc3d46a0a5bddd9992ff7
ERR854966	2	0.5	PAIRED	ftp.sra.ebi.ac.uk/vol1/fastq/ERR854/ERR854966/ERR854966_1.fastq.gz;ftp.sra.ebi.ac.uk/vol1/fastq/ERR854/ERR854966/ERR854966_2.fastq.gz	170592048;176289449	7edd18bb575689059a3f50d3c3e760e7;e44507cc5dcdc1352d8f760011cc93a3
ERR854967	2	0.25	PAIRED	ftp.sra.ebi.ac.uk/vol1/fastq/ERR854/ERR854967/ERR854967_1.fastq.gz;ftp.sra.ebi.ac.uk/vol1/fastq/ERR854/ERR854967/ERR854967_2.fastq.gz	168901161;174514933	b5736fb5c752d8f7d78034f863605afa;9609958a989b2339a6261649980229e6
ERR854968	2	0.125	PAIRED	ftp.sra.ebi.ac.uk/vol1/fastq/ERR854/ERR854968/ERR854968_1.fastq.gz;ftp.sra.ebi.ac.uk/vol1/fastq/ERR854/ERR854968/ERR854968_2.fastq.gz	178452145;183587266	1edd5e5df1e429411ab4eacf9ae46e60;5eb0f964a26327d08eb798a67443fd93
ERR854969	2	0.25	PAIRED	ftp.sra.ebi.ac.uk/vol1/fastq/ERR854/ERR854969/ERR854969_1.fastq.gz;ftp.sra.ebi.ac.uk/vol1/fastq/ERR854/ERR854969/ERR854969_2.fastq.gz	176436135;181402697	e1e5403f0c2fa3f9f0753439db7f97ab;f5cb34ef18ad21b265ae118da1a32917
ERR854970	2	<=0.03	PAIRED	ftp.sra.ebi.ac.uk/vol1/fastq/ERR854/ERR854970/ERR854970_1.fastq.gz;ftp.sra.ebi.ac.uk/vol1/fastq/ERR854/ERR854970/ERR854970_2.fastq.gz	176779104;181965832	a7eb4382b3d5f903b6f8349b926240a7;493f3eafae397a73d3a254804a252a44
ERR854971	2	0.25	PAIRED	ftp.sra.ebi.ac.uk/vol1/fastq/ERR854/ERR854971/ERR854971_1.fastq.gz;ftp.sra.ebi.ac.uk/vol1/fastq/ERR854/ERR854971/ERR854971_2.fastq.gz	154714020;160266800	c40fe7b4414002a80624e3fdfc246752;1be040d7830ef94b0f6628296e429aa9
ERR854972	2	1	PAIRED	ftp.sra.ebi.ac.uk/vol1/fastq/ERR854/ERR854972/ERR854972_1.fastq.gz;ftp.sra.ebi.ac.uk/vol1/fastq/ERR854/ERR854972/ERR854972_2.fastq.gz	151691563;156666297	23573d6e9bcc9930ce6d2c5fbf514c3d;a49f72dac46aeafbfd8d6bc37ba42b49
ERR854973	2	0.5	PAIRED	ftp.sra.ebi.ac.uk/vol1/fastq/ERR854/ERR854973/ERR854973_1.fastq.gz;ftp.sra.ebi.ac.uk/vol1/fastq/ERR854/ERR854973/ERR854973_2.fastq.gz	168696188;174119402	34379d689ffff58a641ca2a696798dd1;a155e2c3b6f095dbd53edaf77eeb284d
ERR854974	2	0.5	PAIRED	ftp.sra.ebi.ac.uk/vol1/fastq/ERR854/ERR854974/ERR854974_1.fastq.gz;ftp.sra.ebi.ac.uk/vol1/fastq/ERR854/ERR854974/ERR854974_2.fastq.gz	167048242;172452381	181e50238d86dcfa152a2e5654e30fab;b2975674b15e251facd7e64daa0d19db
ERR854975	2	0.5	PAIRED	ftp.sra.ebi.ac.uk/vol1/fastq/ERR854/ERR854975/ERR854975_1.fastq.gz;ftp.sra.ebi.ac.uk/vol1/fastq/ERR854/ERR854975/ERR854975_2.fastq.gz	173098385;178603876	6ffe8b572ae8a9c3e3b6b031b4131180;46b92a892a517f76bed1b8d5c32b394c
ERR854976	2	0.5	PAIRED	ftp.sra.ebi.ac.uk/vol1/fastq/ERR854/ERR854976/ERR854976_1.fastq.gz;ftp.sra.ebi.ac.uk/vol1/fastq/ERR854/ERR854976/ERR854976_2.fastq.gz	178799852;185066682	d974581f3fb0dc20545ab2125918e44c;ca1e7cb6f7ed6fa3bed3b6d5dc08951d
ERR854977	2	0.125	PAIRED	ftp.sra.ebi.ac.uk/vol1/fastq/ERR854/ERR854977/ERR854977_1.fastq.gz;ftp.sra.ebi.ac.uk/vol1/fastq/ERR854/ERR854977/ERR854977_2.fastq.gz	179417392;184717526	40758a126ddcf839fba80839748a7b20;60c55f892748f0d62993df270d28a133
ERR854978	2	0.25	PAIRED	ftp.sra.ebi.ac.uk/vol1/fastq/ERR854/ERR854978/ERR854978_1.fastq.gz;ftp.sra.ebi.ac.uk/vol1/fastq/ERR854/ERR854978/ERR854978_2.fastq.gz	158819345;164276072	32d58717f527c8ceeaa76d540b93c97a;b42f73133a35a15c122ad939a7d6b981
ERR854979	2	0.5	PAIRED	ftp.sra.ebi.ac.uk/vol1/fastq/ERR854/ERR854979/ERR854979_1.fastq.gz;ftp.sra.ebi.ac.uk/vol1/fastq/ERR854/ERR854979/ERR854979_2.fastq.gz	162919567;168241730	cfe3edaa50a59adbf62d257b4bfe3e09;53d8b7070b4a8e54994e4839e3e88ffc
ERR854980	2	1	PAIRED	ftp.sra.ebi.ac.uk/vol1/fastq/ERR854/ERR854980/ERR854980_1.fastq.gz;ftp.sra.ebi.ac.uk/vol1/fastq/ERR854/ERR854980/ERR854980_2.fastq.gz	161507173;167423700	f438b9e32358149d5c74bcca2a7f93b4;4b8aef61d27b67b4311035bc44391d9b
ERR854981	2	0.5	PAIRED	ftp.sra.ebi.ac.uk/vol1/fastq/ERR854/ERR854981/ERR854981_1.fastq.gz;ftp.sra.ebi.ac.uk/vol1/fastq/ERR854/ERR854981/ERR854981_2.fastq.gz	161028109;166356360	54295b9106defe5513a2b0e018918236;57067a59156204f3e2ecd352e9c82aed
ERR854982	2	0.125	PAIRED	ftp.sra.ebi.ac.uk/vol1/fastq/ERR854/ERR854982/ERR854982_1.fastq.gz;ftp.sra.ebi.ac.uk/vol1/fastq/ERR854/ERR854982/ERR854982_2.fastq.gz	170145324;175888886	f3803cf8f88d38954764aebcc52c2b93;9003a878a511929af1c5fbdc6498e37e
ERR854983	2	0.5	PAIRED	ftp.sra.ebi.ac.uk/vol1/fastq/ERR854/ERR854983/ERR854983_1.fastq.gz;ftp.sra.ebi.ac.uk/vol1/fastq/ERR854/ERR854983/ERR854983_2.fastq.gz	166184414;171386910	4d0ef00e17e6f09bfac12f49d3dea913;1e2c5a029f1b57ffed0d38282982fa99
ERR854984	2	0.25	PAIRED	ftp.sra.ebi.ac.uk/vol1/fastq/ERR854/ERR854984/ERR854984_1.fastq.gz;ftp.sra.ebi.ac.uk/vol1/fastq/ERR854/ERR854984/ERR854984_2.fastq.gz	171337821;176469211	01e767a21e29e9a5815de1eb4bfdfa0e;887f20629104f8f10868f6b329f4d68d
ERR854986	2	0.25	PAIRED	ftp.sra.ebi.ac.uk/vol1/fastq/ERR854/ERR854986/ERR854986_1.fastq.gz;ftp.sra.ebi.ac.uk/vol1/fastq/ERR854/ERR854986/ERR854986_2.fastq.gz	164665809;169519267	0386d764243c5892ee4bc2df909e68ed;35fd9015769dede42bccedba4811ff68
ERR854987	2	0.25	PAIRED	ftp.sra.ebi.ac.uk/vol1/fastq/ERR854/ERR854987/ERR854987_1.fastq.gz;ftp.sra.ebi.ac.uk/vol1/fastq/ERR854/ERR854987/ERR854987_2.fastq.gz	181872104;187654492	2e79e118def72d61b1c2b02406d58155;c2740586b72b9d872873a198bced8207
ERR854988	2	0.125	PAIRED	ftp.sra.ebi.ac.uk/vol1/fastq/ERR854/ERR854988/ERR854988_1.fastq.gz;ftp.sra.ebi.ac.uk/vol1/fastq/ERR854/ERR854988/ERR854988_2.fastq.gz	164628261;169859807	dce9127d53841e2fd89fbbda0eebb00d;d3aad47e7bc920caa0fd8e06721e3608
ERR854989	2	0.25	PAIRED	ftp.sra.ebi.ac.uk/vol1/fastq/ERR854/ERR854989/ERR854989_1.fastq.gz;ftp.sra.ebi.ac.uk/vol1/fastq/ERR854/ERR854989/ERR854989_2.fastq.gz	165311729;170696237	34bb7fb2dccfc2442ee0bb8557402698;bb02218d1c7829f98121b3257e0579ea
ERR854990	2	0.25	PAIRED	ftp.sra.ebi.ac.uk/vol1/fastq/ERR854/ERR854990/ERR854990_1.fastq.gz;ftp.sra.ebi.ac.uk/vol1/fastq/ERR854/ERR854990/ERR854990_2.fastq.gz	163476051;168394475	39ec84dff4ad51b2d14c9d7e794be3a9;b4f33173b2da01419821376b90c9e633
ERR854991	2	0.25	PAIRED	ftp.sra.ebi.ac.uk/vol1/fastq/ERR854/ERR854991/ERR854991_1.fastq.gz;ftp.sra.ebi.ac.uk/vol1/fastq/ERR854/ERR854991/ERR854991_2.fastq.gz	177059074;181778226	68a8ce1d69099401e8a52c0bdf31c984;dfcbb239da0c889896f607d965b05804
ERR854992	2	0.06	PAIRED	ftp.sra.ebi.ac.uk/vol1/fastq/ERR854/ERR854992/ERR854992_1.fastq.gz;ftp.sra.ebi.ac.uk/vol1/fastq/ERR854/ERR854992/ERR854992_2.fastq.gz	170166132;175788764	42f820c9052e3de5d1fb320b088d88e3;1bad49316e49a2db1bc174f0f19ed59b
ERR854993	2	0.25	PAIRED	ftp.sra.ebi.ac.uk/vol1/fastq/ERR854/ERR854993/ERR854993_1.fastq.gz;ftp.sra.ebi.ac.uk/vol1/fastq/ERR854/ERR854993/ERR854993_2.fastq.gz	193479906;198548581	c31536d413b4935522745f7c8fbf9147;3367b4dc733732493be6879529d4e7ea
ERR854994	2	0.25	PAIRED	ftp.sra.ebi.ac.uk/vol1/fastq/ERR854/ERR854994/ERR854994_1.fastq.gz;ftp.sra.ebi.ac.uk/vol1/fastq/ERR854/ERR854994/ERR854994_2.fastq.gz	150492122;155178908	bd6fcf63c5c774276818a4036fed2ce0;1b2a36bbaa910bffb800a33e79383a34
ERR854995	2	<=0.03	PAIRED	ftp.sra.ebi.ac.uk/vol1/fastq/ERR854/ERR854995/ERR854995_1.fastq.gz;ftp.sra.ebi.ac.uk/vol1/fastq/ERR854/ERR854995/ERR854995_2.fastq.gz	155786094;160723170	cc4864f51ac67308f2bb18a73c11351e;b0ef0f97c1cf129b1ac0a887f7c9c724
ERR854996	2	0.06	PAIRED	ftp.sra.ebi.ac.uk/vol1/fastq/ERR854/ERR854996/ERR854996_1.fastq.gz;ftp.sra.ebi.ac.uk/vol1/fastq/ERR854/ERR854996/ERR854996_2.fastq.gz	157995271;162881251	073266333b4b39cc52c4d436a936e980;40e761cbb2cc90d9aacb66ba98121263
ERR854997	2	<=0.03	PAIRED	ftp.sra.ebi.ac.uk/vol1/fastq/ERR854/ERR854997/ERR854997_1.fastq.gz;ftp.sra.ebi.ac.uk/vol1/fastq/ERR854/ERR854997/ERR854997_2.fastq.gz	153588121;158495063	45df301a587cf9c235189932bc13e815;70079955de2d535ad589d16b9ae9286b
ERR854998	2	0.06	PAIRED	ftp.sra.ebi.ac.uk/vol1/fastq/ERR854/ERR854998/ERR854998_1.fastq.gz;ftp.sra.ebi.ac.uk/vol1/fastq/ERR854/ERR854998/ERR854998_2.fastq.gz	167391800;172131431	a9494bbcfe69818e4428be07c3763973;bfdc80108635e5bf0940897343a0e4c8
ERR855000	2	0.125	PAIRED	ftp.sra.ebi.ac.uk/vol1/fastq/ERR855/ERR855000/ERR855000_1.fastq.gz;ftp.sra.ebi.ac.uk/vol1/fastq/ERR855/ERR855000/ERR855000_2.fastq.gz	171038004;176919410	4a35b04f4a202312d38c2cf211e07af1;37ae97ff951bba37581d8c7a3776aa86
ERR855001	2	0.25	PAIRED	ftp.sra.ebi.ac.uk/vol1/fastq/ERR855/ERR855001/ERR855001_1.fastq.gz;ftp.sra.ebi.ac.uk/vol1/fastq/ERR855/ERR855001/ERR855001_2.fastq.gz	172608217;178057008	ba0ac092fe48a97172956325249cd075;0f0f0a696c1d909842158cc3d97a3965
ERR855002	2	0.25	PAIRED	ftp.sra.ebi.ac.uk/vol1/fastq/ERR855/ERR855002/ERR855002_1.fastq.gz;ftp.sra.ebi.ac.uk/vol1/fastq/ERR855/ERR855002/ERR855002_2.fastq.gz	156276569;160915513	69dfbd14cf52b14407594b7c9ba5add0;9c7c6da5715633f48d25e2dea7c3bce0
ERR855003	2	0.5	PAIRED	ftp.sra.ebi.ac.uk/vol1/fastq/ERR855/ERR855003/ERR855003_1.fastq.gz;ftp.sra.ebi.ac.uk/vol1/fastq/ERR855/ERR855003/ERR855003_2.fastq.gz	149977947;155205205	48a8247999e8be8b3d9f0471110c8cd5;76b7315186261b15fc4bd8206fd360e3
ERR855004	2	0.125	PAIRED	ftp.sra.ebi.ac.uk/vol1/fastq/ERR855/ERR855004/ERR855004_1.fastq.gz;ftp.sra.ebi.ac.uk/vol1/fastq/ERR855/ERR855004/ERR855004_2.fastq.gz	145030094;150157441	cfcc9d9504243edd15442ae004c88193;c93a89c1bdba1ac8e07a1738060ea649
ERR855005	2	0.125	PAIRED	ftp.sra.ebi.ac.uk/vol1/fastq/ERR855/ERR855005/ERR855005_1.fastq.gz;ftp.sra.ebi.ac.uk/vol1/fastq/ERR855/ERR855005/ERR855005_2.fastq.gz	161399496;166279709	311782bc619cf9252c480f1a2667dc09;4a854287ea517c7d6ea249b354585f5e
ERR855006	2	0.5	PAIRED	ftp.sra.ebi.ac.uk/vol1/fastq/ERR855/ERR855006/ERR855006_1.fastq.gz;ftp.sra.ebi.ac.uk/vol1/fastq/ERR855/ERR855006/ERR855006_2.fastq.gz	172598410;178068083	d064c3e556bc14cec7d754c42b91b2d8;c5b370c0c22d0e669183e579198938ba
ERR855007	2	0.25	PAIRED	ftp.sra.ebi.ac.uk/vol1/fastq/ERR855/ERR855007/ERR855007_1.fastq.gz;ftp.sra.ebi.ac.uk/vol1/fastq/ERR855/ERR855007/ERR855007_2.fastq.gz	165481734;169846648	2bc70a28b5b04c9a94e34d2bf5b70de7;af0a0c6cb70ec60f9184d4aec6619562
ERR855008	2	0.06	PAIRED	ftp.sra.ebi.ac.uk/vol1/fastq/ERR855/ERR855008/ERR855008_1.fastq.gz;ftp.sra.ebi.ac.uk/vol1/fastq/ERR855/ERR855008/ERR855008_2.fastq.gz	166745606;171754621	1181cc70f307adcc05f66fee603e17e1;c0585dfd899c1a9f51c289a6e0eca558
ERR855009	2	0.125	PAIRED	ftp.sra.ebi.ac.uk/vol1/fastq/ERR855/ERR855009/ERR855009_1.fastq.gz;ftp.sra.ebi.ac.uk/vol1/fastq/ERR855/ERR855009/ERR855009_2.fastq.gz	171881150;177088439	dd5cde3e0f4c6ac15b618868a57303dc;edf7d110504b314168b7fa1d45e0ec40
ERR855010	2	0.25	PAIRED	ftp.sra.ebi.ac.uk/vol1/fastq/ERR855/ERR855010/ERR855010_1.fastq.gz;ftp.sra.ebi.ac.uk/vol1/fastq/ERR855/ERR855010/ERR855010_2.fastq.gz	157329990;162165506	8d1d94e62394d37071444dcbd074baf9;084465b06a70248d60047d0cde2d9315
ERR855011	2	0.5	PAIRED	ftp.sra.ebi.ac.uk/vol1/fastq/ERR855/ERR855011/ERR855011_1.fastq.gz;ftp.sra.ebi.ac.uk/vol1/fastq/ERR855/ERR855011/ERR855011_2.fastq.gz	143141773;147836949	79ad26bd9d31a0f7cb29975d0663c39c;d6bf7da0f907614488bf1d2fe9959f07
ERR855012	2	0.5	PAIRED	ftp.sra.ebi.ac.uk/vol1/fastq/ERR855/ERR855012/ERR855012_1.fastq.gz;ftp.sra.ebi.ac.uk/vol1/fastq/ERR855/ERR855012/ERR855012_2.fastq.gz	148898102;153783532	46312561226467ab4e564c3073f6ff37;d9fc00f75000b4e895e28dde63ee306d
ERR855013	2	0.5	PAIRED	ftp.sra.ebi.ac.uk/vol1/fastq/ERR855/ERR855013/ERR855013_1.fastq.gz;ftp.sra.ebi.ac.uk/vol1/fastq/ERR855/ERR855013/ERR855013_2.fastq.gz	162298676;166899812	b059056c699791d4f5443061f71e8f7f;f3a83c79af8ebd15fdd6f1bca1e3cd35
ERR855014	2	0.5	PAIRED	ftp.sra.ebi.ac.uk/vol1/fastq/ERR855/ERR855014/ERR855014_1.fastq.gz;ftp.sra.ebi.ac.uk/vol1/fastq/ERR855/ERR855014/ERR855014_2.fastq.gz	161145387;165635139	a351435fd8a416f68e99e8043993b19a;cd4cc29a53e4ae03e2f14af264e25303
ERR855015	2	1	PAIRED	ftp.sra.ebi.ac.uk/vol1/fastq/ERR855/ERR855015/ERR855015_1.fastq.gz;ftp.sra.ebi.ac.uk/vol1/fastq/ERR855/ERR855015/ERR855015_2.fastq.gz	166022579;171330672	e5edea9608d3bdf7e928c94631956933;ab5eec2d513790704c44be70a433806f
ERR855016	2	0.06	PAIRED	ftp.sra.ebi.ac.uk/vol1/fastq/ERR855/ERR855016/ERR855016_1.fastq.gz;ftp.sra.ebi.ac.uk/vol1/fastq/ERR855/ERR855016/ERR855016_2.fastq.gz	187647329;192182400	063a089de6c5a8658e32917bc7f4f9c5;64471378bff2d6f66637158a349f833c
ERR855017	2	0.25	PAIRED	ftp.sra.ebi.ac.uk/vol1/fastq/ERR855/ERR855017/ERR855017_1.fastq.gz;ftp.sra.ebi.ac.uk/vol1/fastq/ERR855/ERR855017/ERR855017_2.fastq.gz	169850085;175896295	5fe45c3695d12ee252c40ea464f6268f;6af972eb509dffdb6ba8cd5676be17cb
ERR855018	2	0.25	PAIRED	ftp.sra.ebi.ac.uk/vol1/fastq/ERR855/ERR855018/ERR855018_1.fastq.gz;ftp.sra.ebi.ac.uk/vol1/fastq/ERR855/ERR855018/ERR855018_2.fastq.gz	152558508;157143953	3bca9d20fd98a088b611274236a3b27b;8515e9bd5e85b36d9ad9571821070706
ERR855019	2	0.125	PAIRED	ftp.sra.ebi.ac.uk/vol1/fastq/ERR855/ERR855019/ERR855019_1.fastq.gz;ftp.sra.ebi.ac.uk/vol1/fastq/ERR855/ERR855019/ERR855019_2.fastq.gz	153995077;158027642	7781d541003aab33e3ac917b5f88dea1;7ae3cd316fdc29307da501bfb90f5678
ERR855020	2	0.25	PAIRED	ftp.sra.ebi.ac.uk/vol1/fastq/ERR855/ERR855020/ERR855020_1.fastq.gz;ftp.sra.ebi.ac.uk/vol1/fastq/ERR855/ERR855020/ERR855020_2.fastq.gz	177915053;182695125	e159ebdffcb91a1aab145de62703a8aa;fb95d83beb8cf963bf32818fabfbaf88
ERR855021	2	0.25	PAIRED	ftp.sra.ebi.ac.uk/vol1/fastq/ERR855/ERR855021/ERR855021_1.fastq.gz;ftp.sra.ebi.ac.uk/vol1/fastq/ERR855/ERR855021/ERR855021_2.fastq.gz	185135478;190554331	0b6602c852fc4e7b30f7c6bb3590a73b;7e39d8efb2c39b63ce25ce632b446f74
ERR855022	2	0.125	PAIRED	ftp.sra.ebi.ac.uk/vol1/fastq/ERR855/ERR855022/ERR855022_1.fastq.gz;ftp.sra.ebi.ac.uk/vol1/fastq/ERR855/ERR855022/ERR855022_2.fastq.gz	174914715;180309252	5dd2d5e869875046cab33a515ba1af8b;09992162f84607c77ce4ea5e4de72fc3
ERR855023	2	0.5	PAIRED	ftp.sra.ebi.ac.uk/vol1/fastq/ERR855/ERR855023/ERR855023_1.fastq.gz;ftp.sra.ebi.ac.uk/vol1/fastq/ERR855/ERR855023/ERR855023_2.fastq.gz	169119217;175086625	ceb759bd3222ebf5e7ac710179063aa8;89fb7cb3a8468b11df0ec5629a992dab
ERR855024	2	0.25	PAIRED	ftp.sra.ebi.ac.uk/vol1/fastq/ERR855/ERR855024/ERR855024_1.fastq.gz;ftp.sra.ebi.ac.uk/vol1/fastq/ERR855/ERR855024/ERR855024_2.fastq.gz	165634954;170846767	d6c0334cdd673184a42f312dd1333dcd;944369612bc2e6768e1c0da036cff79f
ERR855025	2	0.25	PAIRED	ftp.sra.ebi.ac.uk/vol1/fastq/ERR855/ERR855025/ERR855025_1.fastq.gz;ftp.sra.ebi.ac.uk/vol1/fastq/ERR855/ERR855025/ERR855025_2.fastq.gz	167100992;172210205	9a3f5749ccc6bab15b11a6b707b9d4f6;a064a9db186ab4619ad748e518733c32
ERR855026	2	0.125	PAIRED	ftp.sra.ebi.ac.uk/vol1/fastq/ERR855/ERR855026/ERR855026_1.fastq.gz;ftp.sra.ebi.ac.uk/vol1/fastq/ERR855/ERR855026/ERR855026_2.fastq.gz	166514846;171380425	a7e48246b3f103e65e1824fa9825533a;7c98c692e7fe465f459138c27def3112
ERR855027	2	0.125	PAIRED	ftp.sra.ebi.ac.uk/vol1/fastq/ERR855/ERR855027/ERR855027_1.fastq.gz;ftp.sra.ebi.ac.uk/vol1/fastq/ERR855/ERR855027/ERR855027_2.fastq.gz	159765309;164653089	6f9c51008fe9b4c1a154d14b1a37d535;692d9b5960ca57c8fa2a29fc436911ae
ERR855028	2	0.06	PAIRED	ftp.sra.ebi.ac.uk/vol1/fastq/ERR855/ERR855028/ERR855028_1.fastq.gz;ftp.sra.ebi.ac.uk/vol1/fastq/ERR855/ERR855028/ERR855028_2.fastq.gz	164967989;169950687	264a23c09730b5225d35cc35e9a9d811;fd7d3b7787ca89ebd075806676a66c99
ERR855029	2	0.25	PAIRED	ftp.sra.ebi.ac.uk/vol1/fastq/ERR855/ERR855029/ERR855029_1.fastq.gz;ftp.sra.ebi.ac.uk/vol1/fastq/ERR855/ERR855029/ERR855029_2.fastq.gz	159618259;164729069	8798ec8d2f7160f82306976033a38657;d28536b4ceb19759cfae042ecc4a5763
ERR855030	2	0.5	PAIRED	ftp.sra.ebi.ac.uk/vol1/fastq/ERR855/ERR855030/ERR855030_1.fastq.gz;ftp.sra.ebi.ac.uk/vol1/fastq/ERR855/ERR855030/ERR855030_2.fastq.gz	170353785;175503067	d71ba526841ac8cebff91101e5f65708;57548c58d78ea73f9ad7af6263b40ebf
ERR855031	2	0.25	PAIRED	ftp.sra.ebi.ac.uk/vol1/fastq/ERR855/ERR855031/ERR855031_1.fastq.gz;ftp.sra.ebi.ac.uk/vol1/fastq/ERR855/ERR855031/ERR855031_2.fastq.gz	170960681;175606678	b4196f0b3c2fda51c25d55c19503fd2f;36df01a85d77e61618fe4e992ad6fa16
ERR855032	2	0.25	PAIRED	ftp.sra.ebi.ac.uk/vol1/fastq/ERR855/ERR855032/ERR855032_1.fastq.gz;ftp.sra.ebi.ac.uk/vol1/fastq/ERR855/ERR855032/ERR855032_2.fastq.gz	169161594;173931376	ac92be74117fe22727f2f26a581ad362;bb6b056359966450aac2b34c1ad8b8b2
ERR855033	2	0.06	PAIRED	ftp.sra.ebi.ac.uk/vol1/fastq/ERR855/ERR855033/ERR855033_1.fastq.gz;ftp.sra.ebi.ac.uk/vol1/fastq/ERR855/ERR855033/ERR855033_2.fastq.gz	161235724;166002297	ea4821b65d3e63972693e389190d2f91;706e167e8d29f5d5d38eb42ec3a762a1
ERR855034	2	1	PAIRED	ftp.sra.ebi.ac.uk/vol1/fastq/ERR855/ERR855034/ERR855034_1.fastq.gz;ftp.sra.ebi.ac.uk/vol1/fastq/ERR855/ERR855034/ERR855034_2.fastq.gz	174420375;179327014	c5c7a55a3da4bcccba609c27559da03c;48602c050698ac3f29ab2d2896560cf7
ERR855035	2	0.125	PAIRED	ftp.sra.ebi.ac.uk/vol1/fastq/ERR855/ERR855035/ERR855035_1.fastq.gz;ftp.sra.ebi.ac.uk/vol1/fastq/ERR855/ERR855035/ERR855035_2.fastq.gz	168142844;172986011	e151edba2744e6acff93a5e12c781519;fbfdd1fd532190cc252624aa12c12b73
ERR855036	2	0.5	PAIRED	ftp.sra.ebi.ac.uk/vol1/fastq/ERR855/ERR855036/ERR855036_1.fastq.gz;ftp.sra.ebi.ac.uk/vol1/fastq/ERR855/ERR855036/ERR855036_2.fastq.gz	164464857;169505986	05d0edd01dcd51587e7aeb3ca5e3b532;fc3fc317ddc6152549cc94b507b1f811
ERR855037	2	0.25	PAIRED	ftp.sra.ebi.ac.uk/vol1/fastq/ERR855/ERR855037/ERR855037_1.fastq.gz;ftp.sra.ebi.ac.uk/vol1/fastq/ERR855/ERR855037/ERR855037_2.fastq.gz	167954207;172899909	789f5eeeb4cec49c1d3c607194a4f86f;d4dde7127dc2afc5b8e7cea4fa0c7ca9
ERR855038	2	0.5	PAIRED	ftp.sra.ebi.ac.uk/vol1/fastq/ERR855/ERR855038/ERR855038_1.fastq.gz;ftp.sra.ebi.ac.uk/vol1/fastq/ERR855/ERR855038/ERR855038_2.fastq.gz	162759112;167278170	3651c1b828d8831798e4b099713db933;b0b11e4eaa9e68acd7ef366780bc0655
ERR855039	2	0.5	PAIRED	ftp.sra.ebi.ac.uk/vol1/fastq/ERR855/ERR855039/ERR855039_1.fastq.gz;ftp.sra.ebi.ac.uk/vol1/fastq/ERR855/ERR855039/ERR855039_2.fastq.gz	169284273;174192987	741fbdf9f0d78986b4622509938fac1e;cbb44c0cfaa9dd4f66e3d76b9907c8b0
ERR855040	2	2	PAIRED	ftp.sra.ebi.ac.uk/vol1/fastq/ERR855/ERR855040/ERR855040_1.fastq.gz;ftp.sra.ebi.ac.uk/vol1/fastq/ERR855/ERR855040/ERR855040_2.fastq.gz	159000414;164157294	a149c36c0e69314adfae3ea83902c796;79a1cb31facea94ef8e7bf24944b34d0
ERR855041	2	0.06	PAIRED	ftp.sra.ebi.ac.uk/vol1/fastq/ERR855/ERR855041/ERR855041_1.fastq.gz;ftp.sra.ebi.ac.uk/vol1/fastq/ERR855/ERR855041/ERR855041_2.fastq.gz	160503817;165347520	8f01d7194b888ea122da68282c8f2b52;b4b89b8626ee9f0bcd83609022855f41
ERR855042	2	0.5	PAIRED	ftp.sra.ebi.ac.uk/vol1/fastq/ERR855/ERR855042/ERR855042_1.fastq.gz;ftp.sra.ebi.ac.uk/vol1/fastq/ERR855/ERR855042/ERR855042_2.fastq.gz	156200831;160562312	a05aeab96a9425b5758aeaea435dbfea;ed23597a20fc0541316ff3efbe8184d2
ERR855043	2	0.25	PAIRED	ftp.sra.ebi.ac.uk/vol1/fastq/ERR855/ERR855043/ERR855043_1.fastq.gz;ftp.sra.ebi.ac.uk/vol1/fastq/ERR855/ERR855043/ERR855043_2.fastq.gz	149983191;156735280	00acbcb2c2a61094e43c9b2f44377722;8e6351c42d1be4c3fa6471980cbd4f4f
ERR855044	2	0.25	PAIRED	ftp.sra.ebi.ac.uk/vol1/fastq/ERR855/ERR855044/ERR855044_1.fastq.gz;ftp.sra.ebi.ac.uk/vol1/fastq/ERR855/ERR855044/ERR855044_2.fastq.gz	160505689;165376873	fd98c2c343899a0fc2b531abecd8efc6;1fa801dec0ea77f576a15746d0149594
ERR855045	2	0.06	PAIRED	ftp.sra.ebi.ac.uk/vol1/fastq/ERR855/ERR855045/ERR855045_1.fastq.gz;ftp.sra.ebi.ac.uk/vol1/fastq/ERR855/ERR855045/ERR855045_2.fastq.gz	154771930;159543235	667f3f45a9d031761f7a1e28af228021;e5f18d8da6a786ac4cbdec98d0980563
ERR855046	2	0.25	PAIRED	ftp.sra.ebi.ac.uk/vol1/fastq/ERR855/ERR855046/ERR855046_1.fastq.gz;ftp.sra.ebi.ac.uk/vol1/fastq/ERR855/ERR855046/ERR855046_2.fastq.gz	157051386;162034536	ebaaaa44dfa7166526e4455f67943c09;6d938483de4dc567633db07360fed21c
ERR855047	2	0.125	PAIRED	ftp.sra.ebi.ac.uk/vol1/fastq/ERR855/ERR855047/ERR855047_1.fastq.gz;ftp.sra.ebi.ac.uk/vol1/fastq/ERR855/ERR855047/ERR855047_2.fastq.gz	169538702;174797582	41933e4b5109b1eab4c51808b774ec27;9d52ae8aa18d5dc64068c67727f5bfa1
ERR855048	2	1	PAIRED	ftp.sra.ebi.ac.uk/vol1/fastq/ERR855/ERR855048/ERR855048_1.fastq.gz;ftp.sra.ebi.ac.uk/vol1/fastq/ERR855/ERR855048/ERR855048_2.fastq.gz	155041435;160164627	553c813ba182b96fc64026e145475d26;6c39642a06256cbf26aaafce74434427
ERR855049	2	0.5	PAIRED	ftp.sra.ebi.ac.uk/vol1/fastq/ERR855/ERR855049/ERR855049_1.fastq.gz;ftp.sra.ebi.ac.uk/vol1/fastq/ERR855/ERR855049/ERR855049_2.fastq.gz	161741598;167355211	85627d0cfdba9049792e93d6f1d797cf;00bdace8e68c116d7cce81f5fc1a92eb
ERR855050	2	0.5	PAIRED	ftp.sra.ebi.ac.uk/vol1/fastq/ERR855/ERR855050/ERR855050_1.fastq.gz;ftp.sra.ebi.ac.uk/vol1/fastq/ERR855/ERR855050/ERR855050_2.fastq.gz	161519530;165644195	ff93e6d6d462302473650f8729c03b2c;02bfd59c29136194808e52bcc5f2de98
ERR855051	2	0.125	PAIRED	ftp.sra.ebi.ac.uk/vol1/fastq/ERR855/ERR855051/ERR855051_1.fastq.gz;ftp.sra.ebi.ac.uk/vol1/fastq/ERR855/ERR855051/ERR855051_2.fastq.gz	146036123;150169823	c920a03d2a39a6e7033b90a471549ee2;494cc2583ec723144f8923d3b1eff23c
ERR855052	2	0.125	PAIRED	ftp.sra.ebi.ac.uk/vol1/fastq/ERR855/ERR855052/ERR855052_1.fastq.gz;ftp.sra.ebi.ac.uk/vol1/fastq/ERR855/ERR855052/ERR855052_2.fastq.gz	145233746;149886748	819d75d49e96ae1a5fa260fc12009187;882d018aeae0de93b5f194ffd9524802
ERR855053	2	1	PAIRED	ftp.sra.ebi.ac.uk/vol1/fastq/ERR855/ERR855053/ERR855053_1.fastq.gz;ftp.sra.ebi.ac.uk/vol1/fastq/ERR855/ERR855053/ERR855053_2.fastq.gz	156702932;161661411	a1c977b057c3556da09ef4e35db9d762;85d1c700fa6e3a59112a06cde9cbfe1c
ERR855054	2	1	PAIRED	ftp.sra.ebi.ac.uk/vol1/fastq/ERR855/ERR855054/ERR855054_1.fastq.gz;ftp.sra.ebi.ac.uk/vol1/fastq/ERR855/ERR855054/ERR855054_2.fastq.gz	151396967;156366336	5e8395ef935143e8e8638fb655dceb24;ec5db31811c2ced0c58cf9cbbadf0edb
ERR855055	2	0.5	PAIRED	ftp.sra.ebi.ac.uk/vol1/fastq/ERR855/ERR855055/ERR855055_1.fastq.gz;ftp.sra.ebi.ac.uk/vol1/fastq/ERR855/ERR855055/ERR855055_2.fastq.gz	151735133;156471458	d25396dae671fd7b69158468bc253bc8;0b78d23416ffef2dba4e175120832e9d
ERR855056	2	0.5	PAIRED	ftp.sra.ebi.ac.uk/vol1/fastq/ERR855/ERR855056/ERR855056_1.fastq.gz;ftp.sra.ebi.ac.uk/vol1/fastq/ERR855/ERR855056/ERR855056_2.fastq.gz	162378932;167542091	530068c633f6ff907d5e515b28d9c2fd;d00809583fb9334dfafc36f585e3618c
ERR855057	2	0.125	PAIRED	ftp.sra.ebi.ac.uk/vol1/fastq/ERR855/ERR855057/ERR855057_1.fastq.gz;ftp.sra.ebi.ac.uk/vol1/fastq/ERR855/ERR855057/ERR855057_2.fastq.gz	146428927;150390413	3946d059074e68a848bd7248f27ad10e;20326d20a00e8619c9dfa2a93e7e8d5a
ERR855058	2	0.125	PAIRED	ftp.sra.ebi.ac.uk/vol1/fastq/ERR855/ERR855058/ERR855058_1.fastq.gz;ftp.sra.ebi.ac.uk/vol1/fastq/ERR855/ERR855058/ERR855058_2.fastq.gz	134831342;138891688	13864fc4e523c10d2827792b03c73ae9;da4ea2e6303c62b40332fe2bdd244038
ERR855059	2	0.25	PAIRED	ftp.sra.ebi.ac.uk/vol1/fastq/ERR855/ERR855059/ERR855059_1.fastq.gz;ftp.sra.ebi.ac.uk/vol1/fastq/ERR855/ERR855059/ERR855059_2.fastq.gz	153538312;158527650	1d25afc7239653b20313d70832589e19;7c215000582fccb7e49c6f3e1baa4113
ERR855060	2	0.5	PAIRED	ftp.sra.ebi.ac.uk/vol1/fastq/ERR855/ERR855060/ERR855060_1.fastq.gz;ftp.sra.ebi.ac.uk/vol1/fastq/ERR855/ERR855060/ERR855060_2.fastq.gz	148242213;153279822	463561b6ce94293f1aa443620b7b1ff7;a048070ac10f7dfdf2cfd0d3b89c5876
ERR855061	2	0.125	PAIRED	ftp.sra.ebi.ac.uk/vol1/fastq/ERR855/ERR855061/ERR855061_1.fastq.gz;ftp.sra.ebi.ac.uk/vol1/fastq/ERR855/ERR855061/ERR855061_2.fastq.gz	153666325;158421600	901c125f2cd992f96c7ed871a287976c;7fd53be6e0657cc41875e8df107c36df
ERR855062	2	0.25	PAIRED	ftp.sra.ebi.ac.uk/vol1/fastq/ERR855/ERR855062/ERR855062_1.fastq.gz;ftp.sra.ebi.ac.uk/vol1/fastq/ERR855/ERR855062/ERR855062_2.fastq.gz	156137107;160864571	ea33aae765f49cc7c1ca751e9700c9a8;7b37ad549569eb72c98ffe5432ca6738
ERR855063	2	0.5	PAIRED	ftp.sra.ebi.ac.uk/vol1/fastq/ERR855/ERR855063/ERR855063_1.fastq.gz;ftp.sra.ebi.ac.uk/vol1/fastq/ERR855/ERR855063/ERR855063_2.fastq.gz	154166951;158670918	68c442b8e42a0cf3a2acc92e76f13390;1634eb6ebac7a74af9e80d594a585ba4
ERR855064	2	0.5	PAIRED	ftp.sra.ebi.ac.uk/vol1/fastq/ERR855/ERR855064/ERR855064_1.fastq.gz;ftp.sra.ebi.ac.uk/vol1/fastq/ERR855/ERR855064/ERR855064_2.fastq.gz	166231019;170779004	4d4fc650357013bc973bd74811780d80;c05b8edf316ee9bb0044ba67885518c7
ERR855065	2	0.25	PAIRED	ftp.sra.ebi.ac.uk/vol1/fastq/ERR855/ERR855065/ERR855065_1.fastq.gz;ftp.sra.ebi.ac.uk/vol1/fastq/ERR855/ERR855065/ERR855065_2.fastq.gz	147488460;151587616	b977a1ba8307d319ca4a53a59fe78749;336bfad58df6a05e6de7cac33d093dd1
ERR855066	2	0.5	PAIRED	ftp.sra.ebi.ac.uk/vol1/fastq/ERR855/ERR855066/ERR855066_1.fastq.gz;ftp.sra.ebi.ac.uk/vol1/fastq/ERR855/ERR855066/ERR855066_2.fastq.gz	131246792;135123668	6d0daade8a168dc92e88b3688ea0225a;7669ca2a9cde2499230ccfc75094453e
ERR855067	2	4	PAIRED	ftp.sra.ebi.ac.uk/vol1/fastq/ERR855/ERR855067/ERR855067_1.fastq.gz;ftp.sra.ebi.ac.uk/vol1/fastq/ERR855/ERR855067/ERR855067_2.fastq.gz	144143457;148021308	dfbf552ada22f28100f4b48ca7578316;5f7eb9f3b020bd2f1165ba10421ec2a3
ERR855068	2	4	PAIRED	ftp.sra.ebi.ac.uk/vol1/fastq/ERR855/ERR855068/ERR855068_1.fastq.gz;ftp.sra.ebi.ac.uk/vol1/fastq/ERR855/ERR855068/ERR855068_2.fastq.gz	143906838;148354754	884c04956ae7335b231393542147228e;f63fc617794c5a3316b854f6eb78c2d6
ERR855069	2	2	PAIRED	ftp.sra.ebi.ac.uk/vol1/fastq/ERR855/ERR855069/ERR855069_1.fastq.gz;ftp.sra.ebi.ac.uk/vol1/fastq/ERR855/ERR855069/ERR855069_2.fastq.gz	145824917;150297160	49c3fd956f3cf7c40a5507093ce1e31e;5b859cff0f5ea4c1babec472904bdf26
ERR855071	2	4	PAIRED	ftp.sra.ebi.ac.uk/vol1/fastq/ERR855/ERR855071/ERR855071_1.fastq.gz;ftp.sra.ebi.ac.uk/vol1/fastq/ERR855/ERR855071/ERR855071_2.fastq.gz	154733786;159271369	4797d6da33b1eb2045fa974cb90b1732;0ef115a82e903fa93be223821aaaf09c
ERR855072	2	2	PAIRED	ftp.sra.ebi.ac.uk/vol1/fastq/ERR855/ERR855072/ERR855072_1.fastq.gz;ftp.sra.ebi.ac.uk/vol1/fastq/ERR855/ERR855072/ERR855072_2.fastq.gz	164952641;169503968	e5d482917c7d98ac9d6c158f4961f26f;2e22ea4a9145a2ef6856ad8b166a1a8f
ERR855073	2	2	PAIRED	ftp.sra.ebi.ac.uk/vol1/fastq/ERR855/ERR855073/ERR855073_1.fastq.gz;ftp.sra.ebi.ac.uk/vol1/fastq/ERR855/ERR855073/ERR855073_2.fastq.gz	154395087;159135983	c14c71162e64781e8066e42ecca5925c;a51a584db97ad80e01e7fd417b565444
ERR855074	2	8	PAIRED	ftp.sra.ebi.ac.uk/vol1/fastq/ERR855/ERR855074/ERR855074_1.fastq.gz;ftp.sra.ebi.ac.uk/vol1/fastq/ERR855/ERR855074/ERR855074_2.fastq.gz	133476411;137852793	896abd3aee18c0edec335f9247c9e927;5ff25532615075dbee4e5eaacc0a4a50
ERR855075	2	2	PAIRED	ftp.sra.ebi.ac.uk/vol1/fastq/ERR855/ERR855075/ERR855075_1.fastq.gz;ftp.sra.ebi.ac.uk/vol1/fastq/ERR855/ERR855075/ERR855075_2.fastq.gz	148932067;153507858	cc986641c6f03011c22e3eaa799b9a41;982969c6423fd7774566d3f00b19843d
ERR855076	2	16	PAIRED	ftp.sra.ebi.ac.uk/vol1/fastq/ERR855/ERR855076/ERR855076_1.fastq.gz;ftp.sra.ebi.ac.uk/vol1/fastq/ERR855/ERR855076/ERR855076_2.fastq.gz	158051950;163130144	e9f60c50f2678b337759efc7b544c59f;879ea9d2cacb1a592c7639631b92e733
ERR855077	2	16	PAIRED	ftp.sra.ebi.ac.uk/vol1/fastq/ERR855/ERR855077/ERR855077_1.fastq.gz;ftp.sra.ebi.ac.uk/vol1/fastq/ERR855/ERR855077/ERR855077_2.fastq.gz	157463177;162246796	a6ebd9439ba1beca9275dca1184711fc;413c7c21276b2f0d70d8459d88809c75
ERR855079	2	8	PAIRED	ftp.sra.ebi.ac.uk/vol1/fastq/ERR855/ERR855079/ERR855079_1.fastq.gz;ftp.sra.ebi.ac.uk/vol1/fastq/ERR855/ERR855079/ERR855079_2.fastq.gz	159383931;164876825	4cbf054c6e52ab6d0e1be909fe3ee824;f1566f67fcf1bd411164bc97e939eacf
ERR855080	2	8	PAIRED	ftp.sra.ebi.ac.uk/vol1/fastq/ERR855/ERR855080/ERR855080_1.fastq.gz;ftp.sra.ebi.ac.uk/vol1/fastq/ERR855/ERR855080/ERR855080_2.fastq.gz	169720664;174640561	c1e2d502d65c915f9447b4276c508603;32d188460e681e0836f3d28d86054e0b
ERR855081	2	8	PAIRED	ftp.sra.ebi.ac.uk/vol1/fastq/ERR855/ERR855081/ERR855081_1.fastq.gz;ftp.sra.ebi.ac.uk/vol1/fastq/ERR855/ERR855081/ERR855081_2.fastq.gz	147859179;151981435	4e94da61710fe64ba142673b7fe3ccb4;dcc158775c3b62d2dc0a56453afb160a
ERR855082	2	8	PAIRED	ftp.sra.ebi.ac.uk/vol1/fastq/ERR855/ERR855082/ERR855082_1.fastq.gz;ftp.sra.ebi.ac.uk/vol1/fastq/ERR855/ERR855082/ERR855082_2.fastq.gz	149685267;153936406	e8cb1e98dc472870d463b1457537a875;2157d609c8a412137ac7e26a217fb9e7
ERR855083	2	4	PAIRED	ftp.sra.ebi.ac.uk/vol1/fastq/ERR855/ERR855083/ERR855083_1.fastq.gz;ftp.sra.ebi.ac.uk/vol1/fastq/ERR855/ERR855083/ERR855083_2.fastq.gz	157217540;162164910	dabc3219d5a65b6b5d7a5b7582c414ed;a63d1262fd2556c2aa8d63622cd9b470
ERR855084	2	2	PAIRED	ftp.sra.ebi.ac.uk/vol1/fastq/ERR855/ERR855084/ERR855084_1.fastq.gz;ftp.sra.ebi.ac.uk/vol1/fastq/ERR855/ERR855084/ERR855084_2.fastq.gz	158810745;164326794	8a6ea11402fba1cc79ee200577e8e0ed;253339dcc399d33660374e2e2ebba211
ERR855085	2	2	PAIRED	ftp.sra.ebi.ac.uk/vol1/fastq/ERR855/ERR855085/ERR855085_1.fastq.gz;ftp.sra.ebi.ac.uk/vol1/fastq/ERR855/ERR855085/ERR855085_2.fastq.gz	160452842;165753026	62b4755e9ff0a13bf2269f3b45a89cae;77a120b3728eb6d1841d98ab61f3df1b
ERR855086	2	2	PAIRED	ftp.sra.ebi.ac.uk/vol1/fastq/ERR855/ERR855086/ERR855086_1.fastq.gz;ftp.sra.ebi.ac.uk/vol1/fastq/ERR855/ERR855086/ERR855086_2.fastq.gz	168439245;172675735	df400c90f00f7fac7d5ef5dced9fb017;9ff8dd83acd115f3e2f100c09a674c45
ERR855087	2	4	PAIRED	ftp.sra.ebi.ac.uk/vol1/fastq/ERR855/ERR855087/ERR855087_1.fastq.gz;ftp.sra.ebi.ac.uk/vol1/fastq/ERR855/ERR855087/ERR855087_2.fastq.gz	152296616;156623488	0e9fb615c9705df8c1a9612917bcbe33;ec0614597d2e8af3dfcb137c8d25fa72
ERR855088	2	4	PAIRED	ftp.sra.ebi.ac.uk/vol1/fastq/ERR855/ERR855088/ERR855088_1.fastq.gz;ftp.sra.ebi.ac.uk/vol1/fastq/ERR855/ERR855088/ERR855088_2.fastq.gz	164441311;169593621	63bd8000a697ac725c3ca7070281394f;2e08e322d3fbeac21ba1f2893932e614
ERR855089	2	4	PAIRED	ftp.sra.ebi.ac.uk/vol1/fastq/ERR855/ERR855089/ERR855089_1.fastq.gz;ftp.sra.ebi.ac.uk/vol1/fastq/ERR855/ERR855089/ERR855089_2.fastq.gz	146135269;150233308	dd14e9c9ed31661c3b2f11a9e4ee9b72;e30a7dbad4d40493442521778f79a867
ERR855090	2	16	PAIRED	ftp.sra.ebi.ac.uk/vol1/fastq/ERR855/ERR855090/ERR855090_1.fastq.gz;ftp.sra.ebi.ac.uk/vol1/fastq/ERR855/ERR855090/ERR855090_2.fastq.gz	142283120;146457196	d6f545d6edcb52836348d6e9d491e658;655e68b12abe90f815dede251f0760d5
ERR855091	2	2	PAIRED	ftp.sra.ebi.ac.uk/vol1/fastq/ERR855/ERR855091/ERR855091_1.fastq.gz;ftp.sra.ebi.ac.uk/vol1/fastq/ERR855/ERR855091/ERR855091_2.fastq.gz	154514867;159244465	6818f6d153ab6b42a83e94d89cdcc56b;02d8c0c023f069c9da0f199979d0f1c5
ERR855092	2	8	PAIRED	ftp.sra.ebi.ac.uk/vol1/fastq/ERR855/ERR855092/ERR855092_1.fastq.gz;ftp.sra.ebi.ac.uk/vol1/fastq/ERR855/ERR855092/ERR855092_2.fastq.gz	154630951;159718321	49cad006c29f401fe44904b9203c2c9f;48bc85fc01a993f53816a39dff030a93
ERR855093	2	0.5	PAIRED	ftp.sra.ebi.ac.uk/vol1/fastq/ERR855/ERR855093/ERR855093_1.fastq.gz;ftp.sra.ebi.ac.uk/vol1/fastq/ERR855/ERR855093/ERR855093_2.fastq.gz	152965703;158011163	d9724c9558168ff78d667d7fc79482f6;239c4007479a88111643daedf77a6d59
ERR855094	2	2	PAIRED	ftp.sra.ebi.ac.uk/vol1/fastq/ERR855/ERR855094/ERR855094_1.fastq.gz;ftp.sra.ebi.ac.uk/vol1/fastq/ERR855/ERR855094/ERR855094_2.fastq.gz	175360570;180072766	627055280a7451f1132972ff3d3f09a5;b7aa99544e0e72810142ba3aca3b3341
ERR855096	2	4	PAIRED	ftp.sra.ebi.ac.uk/vol1/fastq/ERR855/ERR855096/ERR855096_1.fastq.gz;ftp.sra.ebi.ac.uk/vol1/fastq/ERR855/ERR855096/ERR855096_2.fastq.gz	145433398;149504984	27eb79465337d8349c0b678b35aa0951;fe04332e226daeaae9ce9727949b87bc
ERR855097	2	1	PAIRED	ftp.sra.ebi.ac.uk/vol1/fastq/ERR855/ERR855097/ERR855097_1.fastq.gz;ftp.sra.ebi.ac.uk/vol1/fastq/ERR855/ERR855097/ERR855097_2.fastq.gz	134697076;138849631	bd92270cd53fe2ee03d2a922c8890d9d;2f9c042ca19ed547704e404e01dbcde7
ERR855098	2	4	PAIRED	ftp.sra.ebi.ac.uk/vol1/fastq/ERR855/ERR855098/ERR855098_1.fastq.gz;ftp.sra.ebi.ac.uk/vol1/fastq/ERR855/ERR855098/ERR855098_2.fastq.gz	144851145;149471111	9375629d6655a8e68a86f0dddc0bf899;43b22d18193a68a3fb8a6636ae81dcd7
ERR855099	2	8	PAIRED	ftp.sra.ebi.ac.uk/vol1/fastq/ERR855/ERR855099/ERR855099_1.fastq.gz;ftp.sra.ebi.ac.uk/vol1/fastq/ERR855/ERR855099/ERR855099_2.fastq.gz	143834953;148142181	e8618a08a64cd955009f807efce03bc0;953c942dfdc62db6217992ab636ea2fe
ERR855100	2	8	PAIRED	ftp.sra.ebi.ac.uk/vol1/fastq/ERR855/ERR855100/ERR855100_1.fastq.gz;ftp.sra.ebi.ac.uk/vol1/fastq/ERR855/ERR855100/ERR855100_2.fastq.gz	138649537;142583672	5c7c89107d4a7687ec7f660da5cee00b;f6e7e061f90cad8bba1b1ca10b51c37b
ERR855101	2	2	PAIRED	ftp.sra.ebi.ac.uk/vol1/fastq/ERR855/ERR855101/ERR855101_1.fastq.gz;ftp.sra.ebi.ac.uk/vol1/fastq/ERR855/ERR855101/ERR855101_2.fastq.gz	150545390;154677645	b29a557cf0b474e0d60872c1d85f4e7b;ea66ef1e25fba38abbeceecc98c8e084
ERR855102	2	16	PAIRED	ftp.sra.ebi.ac.uk/vol1/fastq/ERR855/ERR855102/ERR855102_1.fastq.gz;ftp.sra.ebi.ac.uk/vol1/fastq/ERR855/ERR855102/ERR855102_2.fastq.gz	151106406;155121495	9ee46fd00518ca1ba467758fe211706d;d3a36c48a1177906c86ff8b385c0bda4
ERR855103	2	8	PAIRED	ftp.sra.ebi.ac.uk/vol1/fastq/ERR855/ERR855103/ERR855103_1.fastq.gz;ftp.sra.ebi.ac.uk/vol1/fastq/ERR855/ERR855103/ERR855103_2.fastq.gz	158936198;163414791	b41a4229b3833656dcb917840e622e49;c4b3b897cd8fb6fbb1febf503f0c4d53
ERR855104	2	2	PAIRED	ftp.sra.ebi.ac.uk/vol1/fastq/ERR855/ERR855104/ERR855104_1.fastq.gz;ftp.sra.ebi.ac.uk/vol1/fastq/ERR855/ERR855104/ERR855104_2.fastq.gz	135294439;138746598	d8a1a75a73a9a536b7caf287cabf8552;733a74de2b05c690a0463969527b6f01
ERR855105	2	2	PAIRED	ftp.sra.ebi.ac.uk/vol1/fastq/ERR855/ERR855105/ERR855105_1.fastq.gz;ftp.sra.ebi.ac.uk/vol1/fastq/ERR855/ERR855105/ERR855105_2.fastq.gz	224323827;229596184	40791603b15e26b0f0ff4475e72f3afb;5735b934c6c7da07ed0e2ab2ff35c6c3
ERR855106	2	2	PAIRED	ftp.sra.ebi.ac.uk/vol1/fastq/ERR855/ERR855106/ERR855106_1.fastq.gz;ftp.sra.ebi.ac.uk/vol1/fastq/ERR855/ERR855106/ERR855106_2.fastq.gz	150803472;155558360	10973c2a8e720afe53e685a2e94c719b;9a2c9629c7fb191c266872cbb26978b7
ERR855107	2	2	PAIRED	ftp.sra.ebi.ac.uk/vol1/fastq/ERR855/ERR855107/ERR855107_1.fastq.gz;ftp.sra.ebi.ac.uk/vol1/fastq/ERR855/ERR855107/ERR855107_2.fastq.gz	141853907;146133266	b9cfa7e720c35d56a39d4e308da14617;ee0898a805e58290ff5531b4c404cfd1
ERR855108	2	1	PAIRED	ftp.sra.ebi.ac.uk/vol1/fastq/ERR855/ERR855108/ERR855108_1.fastq.gz;ftp.sra.ebi.ac.uk/vol1/fastq/ERR855/ERR855108/ERR855108_2.fastq.gz	138889706;143273346	dea728dcbcc1ee22cf3b6b21ec3923c7;13d9cc52d660e0efba0462df5cfcf6c6
ERR855110	2	2	PAIRED	ftp.sra.ebi.ac.uk/vol1/fastq/ERR855/ERR855110/ERR855110_1.fastq.gz;ftp.sra.ebi.ac.uk/vol1/fastq/ERR855/ERR855110/ERR855110_2.fastq.gz	148219498;152233042	6f654280a7276490e53d779e72e0f765;a71bdee7eafec4e2b21ebd6c65c2ca44
ERR855111	2	2	PAIRED	ftp.sra.ebi.ac.uk/vol1/fastq/ERR855/ERR855111/ERR855111_1.fastq.gz;ftp.sra.ebi.ac.uk/vol1/fastq/ERR855/ERR855111/ERR855111_2.fastq.gz	158707518;163887584	932af7b979dedad92b78405bc6a7fde8;bac072d15c6be01bcfa0abaabc207797
ERR855112	2	2	PAIRED	ftp.sra.ebi.ac.uk/vol1/fastq/ERR855/ERR855112/ERR855112_1.fastq.gz;ftp.sra.ebi.ac.uk/vol1/fastq/ERR855/ERR855112/ERR855112_2.fastq.gz	161644600;167359956	ade02a690a7ea96c5d5b9caa6016f7a7;85b598846fe62c29c5e844524a68b2f9
ERR855113	2	2	PAIRED	ftp.sra.ebi.ac.uk/vol1/fastq/ERR855/ERR855113/ERR855113_1.fastq.gz;ftp.sra.ebi.ac.uk/vol1/fastq/ERR855/ERR855113/ERR855113_2.fastq.gz	144877016;148880219	317a421dc9c9043f42ad53a0323a77c6;a4e5a4834efece2da1e3ac0da5dd891b
ERR855114	2	1	PAIRED	ftp.sra.ebi.ac.uk/vol1/fastq/ERR855/ERR855114/ERR855114_1.fastq.gz;ftp.sra.ebi.ac.uk/vol1/fastq/ERR855/ERR855114/ERR855114_2.fastq.gz	147453666;152169673	ff0e25d7661fdd043523c720232b7732;5a233d4a8d097acdfd7c465c98775dc9
ERR855115	2	2	PAIRED	ftp.sra.ebi.ac.uk/vol1/fastq/ERR855/ERR855115/ERR855115_1.fastq.gz;ftp.sra.ebi.ac.uk/vol1/fastq/ERR855/ERR855115/ERR855115_2.fastq.gz	171840187;177025186	22def300adcc7feb8f966e44725cee22;99003e10a1ebd88bba771938df723146
ERR855116	2	2	PAIRED	ftp.sra.ebi.ac.uk/vol1/fastq/ERR855/ERR855116/ERR855116_1.fastq.gz;ftp.sra.ebi.ac.uk/vol1/fastq/ERR855/ERR855116/ERR855116_2.fastq.gz	162330314;167149433	fd725c5861d86ec6984be4011d3bba37;298400895656ce240fe0784447a1791d
ERR855117	2	2	PAIRED	ftp.sra.ebi.ac.uk/vol1/fastq/ERR855/ERR855117/ERR855117_1.fastq.gz;ftp.sra.ebi.ac.uk/vol1/fastq/ERR855/ERR855117/ERR855117_2.fastq.gz	160301061;166129190	f13719f7886b1940fd10fd25a46a27a6;742f19437025ea20f2440cc139b15a34
ERR855118	2	2	PAIRED	ftp.sra.ebi.ac.uk/vol1/fastq/ERR855/ERR855118/ERR855118_1.fastq.gz;ftp.sra.ebi.ac.uk/vol1/fastq/ERR855/ERR855118/ERR855118_2.fastq.gz	163422453;168089748	c2ff3b3302142f2d2554cc93fe5be1eb;e12a5ec053621f6d5790cc6a2f339457
ERR855119	2	2	PAIRED	ftp.sra.ebi.ac.uk/vol1/fastq/ERR855/ERR855119/ERR855119_1.fastq.gz;ftp.sra.ebi.ac.uk/vol1/fastq/ERR855/ERR855119/ERR855119_2.fastq.gz	161966900;166686385	c8cf89837bcac691076cffa47d54907b;0a2c3ab417337f4951d62e7d87050f06
ERR855120	2	2	PAIRED	ftp.sra.ebi.ac.uk/vol1/fastq/ERR855/ERR855120/ERR855120_1.fastq.gz;ftp.sra.ebi.ac.uk/vol1/fastq/ERR855/ERR855120/ERR855120_2.fastq.gz	158483799;162606120	114d1f04d7b6a838d8589f6dabf098e5;5595cb57b8adac9ed1054dc8b4ffa4b2
ERR855121	2	1	PAIRED	ftp.sra.ebi.ac.uk/vol1/fastq/ERR855/ERR855121/ERR855121_1.fastq.gz;ftp.sra.ebi.ac.uk/vol1/fastq/ERR855/ERR855121/ERR855121_2.fastq.gz	143752029;148069644	c269506c8a83beda30860d36dc508669;43f1587a55e865f47da9162fa4214066
ERR855122	2	16	PAIRED	ftp.sra.ebi.ac.uk/vol1/fastq/ERR855/ERR855122/ERR855122_1.fastq.gz;ftp.sra.ebi.ac.uk/vol1/fastq/ERR855/ERR855122/ERR855122_2.fastq.gz	166930019;171638361	a9aed876fca15d54de1efa9ca131ff8d;bea7115a5e1fa3a9ec3ddea6b1496181
ERR855123	2	16	PAIRED	ftp.sra.ebi.ac.uk/vol1/fastq/ERR855/ERR855123/ERR855123_1.fastq.gz;ftp.sra.ebi.ac.uk/vol1/fastq/ERR855/ERR855123/ERR855123_2.fastq.gz	177458785;182806253	f8781ec253e61018bf190d0f5191955f;41c25fa6223e32705248772421510507
ERR855124	2	2	PAIRED	ftp.sra.ebi.ac.uk/vol1/fastq/ERR855/ERR855124/ERR855124_1.fastq.gz;ftp.sra.ebi.ac.uk/vol1/fastq/ERR855/ERR855124/ERR855124_2.fastq.gz	167455914;172515450	80e8319e73426f15550a53bfe34e2f1a;10ab1de1be429cdc02b0b6f3fa1e87de
ERR855125	2	4	PAIRED	ftp.sra.ebi.ac.uk/vol1/fastq/ERR855/ERR855125/ERR855125_1.fastq.gz;ftp.sra.ebi.ac.uk/vol1/fastq/ERR855/ERR855125/ERR855125_2.fastq.gz	183085094;187837730	fbe8cce2dfa68ee6ea041d9e1a64cb15;f0d370e29c8768d5e695c0acd480feaa
ERR855126	2	2	PAIRED	ftp.sra.ebi.ac.uk/vol1/fastq/ERR855/ERR855126/ERR855126_1.fastq.gz;ftp.sra.ebi.ac.uk/vol1/fastq/ERR855/ERR855126/ERR855126_2.fastq.gz	171916452;176203242	5b416fa2235c0bd37fce80f157e554e4;3dba3963505262f8710849206a7f5aac
ERR855127	2	8	PAIRED	ftp.sra.ebi.ac.uk/vol1/fastq/ERR855/ERR855127/ERR855127_1.fastq.gz;ftp.sra.ebi.ac.uk/vol1/fastq/ERR855/ERR855127/ERR855127_2.fastq.gz	162564957;167434524	11973beed4277988101da2a7583f9d68;7ada826459d0fd178d7c265819b959d3
ERR855128	2	2	PAIRED	ftp.sra.ebi.ac.uk/vol1/fastq/ERR855/ERR855128/ERR855128_1.fastq.gz;ftp.sra.ebi.ac.uk/vol1/fastq/ERR855/ERR855128/ERR855128_2.fastq.gz	177031584;181772411	f13cdac0734c3914adf8b077ddbd2670;55786a8584456251af13ec25468c5975
ERR855129	2	4	PAIRED	ftp.sra.ebi.ac.uk/vol1/fastq/ERR855/ERR855129/ERR855129_1.fastq.gz;ftp.sra.ebi.ac.uk/vol1/fastq/ERR855/ERR855129/ERR855129_2.fastq.gz	152345820;157045346	2c9ceae97c32b5e06ad0e0861f3abdd3;7ca1dbc22f7f7fc995a6f2be46fd2a01
ERR855130	2	4	PAIRED	ftp.sra.ebi.ac.uk/vol1/fastq/ERR855/ERR855130/ERR855130_1.fastq.gz;ftp.sra.ebi.ac.uk/vol1/fastq/ERR855/ERR855130/ERR855130_2.fastq.gz	168408052;173120943	e2c5afeb874b92d35d22969fd9415ae5;1de2655091cbd48a23f788ad0751c84c
ERR855131	2	2	PAIRED	ftp.sra.ebi.ac.uk/vol1/fastq/ERR855/ERR855131/ERR855131_1.fastq.gz;ftp.sra.ebi.ac.uk/vol1/fastq/ERR855/ERR855131/ERR855131_2.fastq.gz	184209342;189844801	c7f676a255d781b7e063759bf83bdb02;a62752a2f5a66cdc51db25e72862caab
ERR855132	2	2	PAIRED	ftp.sra.ebi.ac.uk/vol1/fastq/ERR855/ERR855132/ERR855132_1.fastq.gz;ftp.sra.ebi.ac.uk/vol1/fastq/ERR855/ERR855132/ERR855132_2.fastq.gz	172809154;177360159	5c9b312c7447645ed69619f1d113fe6e;9fd623a16b37d2b8b258d11a25e29ab7
ERR855133	2	2	PAIRED	ftp.sra.ebi.ac.uk/vol1/fastq/ERR855/ERR855133/ERR855133_1.fastq.gz;ftp.sra.ebi.ac.uk/vol1/fastq/ERR855/ERR855133/ERR855133_2.fastq.gz	171545411;176181785	eec139914e93055832fbbb4a588fed38;2ef4a28dabcb10969edf28ea2f35c3f3
ERR855135	2	2	PAIRED	ftp.sra.ebi.ac.uk/vol1/fastq/ERR855/ERR855135/ERR855135_1.fastq.gz;ftp.sra.ebi.ac.uk/vol1/fastq/ERR855/ERR855135/ERR855135_2.fastq.gz	165561267;170501209	9e7458e22d51c1b5be72fcf77a9c79bc;a81cd7f30df946da5e10a0bd1376b1c8
ERR855136	2	8	PAIRED	ftp.sra.ebi.ac.uk/vol1/fastq/ERR855/ERR855136/ERR855136_1.fastq.gz;ftp.sra.ebi.ac.uk/vol1/fastq/ERR855/ERR855136/ERR855136_2.fastq.gz	162633351;167221583	8047739f649a50855b2891a7e47928f6;3c237689ee0ace55244a62d41c9a4ba7
ERR855137	2	4	PAIRED	ftp.sra.ebi.ac.uk/vol1/fastq/ERR855/ERR855137/ERR855137_1.fastq.gz;ftp.sra.ebi.ac.uk/vol1/fastq/ERR855/ERR855137/ERR855137_2.fastq.gz	166842115;173970316	97349d0bf3b741bc52a659d9b7092129;5e2cd3a9db43eecb16d10d92d6b100dd
ERR855138	2	2	PAIRED	ftp.sra.ebi.ac.uk/vol1/fastq/ERR855/ERR855138/ERR855138_1.fastq.gz;ftp.sra.ebi.ac.uk/vol1/fastq/ERR855/ERR855138/ERR855138_2.fastq.gz	165962153;171933783	59e993bfe17ee729bc550b37faa25733;aeaba94c1461fc52470d9719902abc32
ERR855139	2	2	PAIRED	ftp.sra.ebi.ac.uk/vol1/fastq/ERR855/ERR855139/ERR855139_1.fastq.gz;ftp.sra.ebi.ac.uk/vol1/fastq/ERR855/ERR855139/ERR855139_2.fastq.gz	169319943;175038429	01d9966a391f7657ba1a890a4c7bd1c7;36d542465991bf2b7cf8b9accfab69d1
ERR855140	2	16	PAIRED	ftp.sra.ebi.ac.uk/vol1/fastq/ERR855/ERR855140/ERR855140_1.fastq.gz;ftp.sra.ebi.ac.uk/vol1/fastq/ERR855/ERR855140/ERR855140_2.fastq.gz	175591634;181593947	a895bc41761e7287df37d50ac43105bb;c7cfee2408c1511fb51bcc1b371e2e7f
ERR855141	2	2	PAIRED	ftp.sra.ebi.ac.uk/vol1/fastq/ERR855/ERR855141/ERR855141_1.fastq.gz;ftp.sra.ebi.ac.uk/vol1/fastq/ERR855/ERR855141/ERR855141_2.fastq.gz	194058063;200054485	08507beb03ec472e9b296433cf9e5e6f;d78eaa2dc4bf5f4792cbcea4d3eafe55
ERR855142	2	2	PAIRED	ftp.sra.ebi.ac.uk/vol1/fastq/ERR855/ERR855142/ERR855142_1.fastq.gz;ftp.sra.ebi.ac.uk/vol1/fastq/ERR855/ERR855142/ERR855142_2.fastq.gz	183850546;188828857	22202e1b1327f67b53940dcf5f7c995e;79e1c78856e0ae9112545d8240220383
ERR855143	2	4	PAIRED	ftp.sra.ebi.ac.uk/vol1/fastq/ERR855/ERR855143/ERR855143_1.fastq.gz;ftp.sra.ebi.ac.uk/vol1/fastq/ERR855/ERR855143/ERR855143_2.fastq.gz	170923371;176740228	837ebe2c3aa6bc5e61b6ba61e69aa023;0b172e243014e50f5cc848ea26f6690b
ERR855144	2	8	PAIRED	ftp.sra.ebi.ac.uk/vol1/fastq/ERR855/ERR855144/ERR855144_1.fastq.gz;ftp.sra.ebi.ac.uk/vol1/fastq/ERR855/ERR855144/ERR855144_2.fastq.gz	171196586;175541206	e4fb0b9b05f382e1b11d7e37e2feec38;548595f37f76ddea9c8ff9a0f7a32b9f
ERR855145	2	8	PAIRED	ftp.sra.ebi.ac.uk/vol1/fastq/ERR855/ERR855145/ERR855145_1.fastq.gz;ftp.sra.ebi.ac.uk/vol1/fastq/ERR855/ERR855145/ERR855145_2.fastq.gz	178620316;183407254	c7de4de77d2e4d61e8f84015675a949f;df5771258b8835fef58b83286772b9df
ERR855146	2	8	PAIRED	ftp.sra.ebi.ac.uk/vol1/fastq/ERR855/ERR855146/ERR855146_1.fastq.gz;ftp.sra.ebi.ac.uk/vol1/fastq/ERR855/ERR855146/ERR855146_2.fastq.gz	162498625;167067218	5210a419d1cd126792a7217620333b7a;89f797bd49fad9e8d19db3c20961d5dc
ERR855147	2	2	PAIRED	ftp.sra.ebi.ac.uk/vol1/fastq/ERR855/ERR855147/ERR855147_1.fastq.gz;ftp.sra.ebi.ac.uk/vol1/fastq/ERR855/ERR855147/ERR855147_2.fastq.gz	187700968;193740169	48040d203b6ab1a852e6390597ef3877;be3a397ade8c2270b6b7c001088d8f2a
ERR855148	2	2	PAIRED	ftp.sra.ebi.ac.uk/vol1/fastq/ERR855/ERR855148/ERR855148_1.fastq.gz;ftp.sra.ebi.ac.uk/vol1/fastq/ERR855/ERR855148/ERR855148_2.fastq.gz	193303990;198724100	a9b88a7d316ce5acb1ad0b089b8611b0;6ce792ccd1420041b990c6486c2dd717
ERR855149	2	8	PAIRED	ftp.sra.ebi.ac.uk/vol1/fastq/ERR855/ERR855149/ERR855149_1.fastq.gz;ftp.sra.ebi.ac.uk/vol1/fastq/ERR855/ERR855149/ERR855149_2.fastq.gz	189571181;195045699	f2dbbad8759625d3a0a49f8998b596c3;f9474d0a31eb130e7e5cd6fc85628be6
ERR855150	2	4	PAIRED	ftp.sra.ebi.ac.uk/vol1/fastq/ERR855/ERR855150/ERR855150_1.fastq.gz;ftp.sra.ebi.ac.uk/vol1/fastq/ERR855/ERR855150/ERR855150_2.fastq.gz	190398601;195524347	5caf21ebc6fe44da2aef67fbc78652f6;0d12712e4afd7bb0dfa95811e132518a
ERR855151	2	0.5	PAIRED	ftp.sra.ebi.ac.uk/vol1/fastq/ERR855/ERR855151/ERR855151_1.fastq.gz;ftp.sra.ebi.ac.uk/vol1/fastq/ERR855/ERR855151/ERR855151_2.fastq.gz	166493879;171141267	b6accf5cc4a64984f7065499b8ddf862;d7a2a2d383709484e0afa34a3719b6c9
ERR855152	2	0.5	PAIRED	ftp.sra.ebi.ac.uk/vol1/fastq/ERR855/ERR855152/ERR855152_1.fastq.gz;ftp.sra.ebi.ac.uk/vol1/fastq/ERR855/ERR855152/ERR855152_2.fastq.gz	149132334;153199824	0c5d9aec0a132fa3e733b505e7923ae0;fdf57e913b07db97daad508203894b93
ERR855153	2	0.5	PAIRED	ftp.sra.ebi.ac.uk/vol1/fastq/ERR855/ERR855153/ERR855153_1.fastq.gz;ftp.sra.ebi.ac.uk/vol1/fastq/ERR855/ERR855153/ERR855153_2.fastq.gz	177706789;184175951	54fb1d079686dfacebea7454e3c0b6df;059cf1315b357f928cb30aba475b633c
ERR855154	2	0.5	PAIRED	ftp.sra.ebi.ac.uk/vol1/fastq/ERR855/ERR855154/ERR855154_1.fastq.gz;ftp.sra.ebi.ac.uk/vol1/fastq/ERR855/ERR855154/ERR855154_2.fastq.gz	176064167;182217802	6f125cad5c7eff9fdd634e1e6f27a0f7;0b6422c4b7b74db4ed171745ece29ad5
ERR855155	2	1	PAIRED	ftp.sra.ebi.ac.uk/vol1/fastq/ERR855/ERR855155/ERR855155_1.fastq.gz;ftp.sra.ebi.ac.uk/vol1/fastq/ERR855/ERR855155/ERR855155_2.fastq.gz	175527616;181436009	b478fc29de857b25ed8e6a3891feca5b;23aef4ff777fcde08c0c5bc209bf47ce
ERR855156	2	1	PAIRED	ftp.sra.ebi.ac.uk/vol1/fastq/ERR855/ERR855156/ERR855156_1.fastq.gz;ftp.sra.ebi.ac.uk/vol1/fastq/ERR855/ERR855156/ERR855156_2.fastq.gz	177650427;183633110	dc9599a1b0102baaafa1fddc88264040;5cff4d5b68176d7faaee444a34ec12a0
ERR855157	2	0.5	PAIRED	ftp.sra.ebi.ac.uk/vol1/fastq/ERR855/ERR855157/ERR855157_1.fastq.gz;ftp.sra.ebi.ac.uk/vol1/fastq/ERR855/ERR855157/ERR855157_2.fastq.gz	190120351;195602966	b981a2afe3fe120365ce7b3da04fb1b8;67f74f8005c60baee20852e2c98f3272
ERR855158	2	1	PAIRED	ftp.sra.ebi.ac.uk/vol1/fastq/ERR855/ERR855158/ERR855158_1.fastq.gz;ftp.sra.ebi.ac.uk/vol1/fastq/ERR855/ERR855158/ERR855158_2.fastq.gz	206925220;212579665	a46954bf04a9200e7e6c899deb05337d;10ed407105424c9e4e7dc719a822f620
ERR855159	2	0.5	PAIRED	ftp.sra.ebi.ac.uk/vol1/fastq/ERR855/ERR855159/ERR855159_1.fastq.gz;ftp.sra.ebi.ac.uk/vol1/fastq/ERR855/ERR855159/ERR855159_2.fastq.gz	150528584;155203139	691cc08284ab4149520ca44be57d0b98;9ba29bfcea006d56d3a3e1b4f1a166e7
ERR855160	2	0.5	PAIRED	ftp.sra.ebi.ac.uk/vol1/fastq/ERR855/ERR855160/ERR855160_1.fastq.gz;ftp.sra.ebi.ac.uk/vol1/fastq/ERR855/ERR855160/ERR855160_2.fastq.gz	135414058;140038808	e9cca102ff293fe5ac0da24d92f7f16a;9466dabbb3f51aa3d59eb553960e15f7
ERR855161	2	1	PAIRED	ftp.sra.ebi.ac.uk/vol1/fastq/ERR855/ERR855161/ERR855161_1.fastq.gz;ftp.sra.ebi.ac.uk/vol1/fastq/ERR855/ERR855161/ERR855161_2.fastq.gz	142870552;147634678	2abd284f3a4908934be6df56a51eeabd;a1c5c66042a6d3cb74b49ac26886f1d0
ERR855162	2	0.5	PAIRED	ftp.sra.ebi.ac.uk/vol1/fastq/ERR855/ERR855162/ERR855162_1.fastq.gz;ftp.sra.ebi.ac.uk/vol1/fastq/ERR855/ERR855162/ERR855162_2.fastq.gz	153165000;158344879	db55d22b9349e1d7c95f3f0b428c685e;8e863084d46ede41bf689e3753e67947
ERR855163	2	0.5	PAIRED	ftp.sra.ebi.ac.uk/vol1/fastq/ERR855/ERR855163/ERR855163_1.fastq.gz;ftp.sra.ebi.ac.uk/vol1/fastq/ERR855/ERR855163/ERR855163_2.fastq.gz	159931435;165254403	422e39898a631d47ac961151418df63e;9f7aec28ac13a6a8f9d8971b018affcb
ERR855164	2	0.5	PAIRED	ftp.sra.ebi.ac.uk/vol1/fastq/ERR855/ERR855164/ERR855164_1.fastq.gz;ftp.sra.ebi.ac.uk/vol1/fastq/ERR855/ERR855164/ERR855164_2.fastq.gz	156875342;162467568	0ec82b73fd78e6638fec7d5967c5d498;8ef6f0e4df6ce672196f1e063fcd2dfa
ERR855165	2	1	PAIRED	ftp.sra.ebi.ac.uk/vol1/fastq/ERR855/ERR855165/ERR855165_1.fastq.gz;ftp.sra.ebi.ac.uk/vol1/fastq/ERR855/ERR855165/ERR855165_2.fastq.gz	160663998;166026685	0549f183f00791b732b5829f0578e258;088d180d4126d915e84fffa7df0127b2
ERR855166	2	1	PAIRED	ftp.sra.ebi.ac.uk/vol1/fastq/ERR855/ERR855166/ERR855166_1.fastq.gz;ftp.sra.ebi.ac.uk/vol1/fastq/ERR855/ERR855166/ERR855166_2.fastq.gz	182251001;187281348	cae77561231037e1e4af3ffc3a4bb5e9;398b43cbb13719fd8e57c5fe10c65ed8
ERR855167	2	0.5	PAIRED	ftp.sra.ebi.ac.uk/vol1/fastq/ERR855/ERR855167/ERR855167_1.fastq.gz;ftp.sra.ebi.ac.uk/vol1/fastq/ERR855/ERR855167/ERR855167_2.fastq.gz	156775286;162128539	a21d81f7daf85cad94d00fa95f87df5d;5d9b520a40be9122a8b89a6873cc0093
ERR855168	2	0.5	PAIRED	ftp.sra.ebi.ac.uk/vol1/fastq/ERR855/ERR855168/ERR855168_1.fastq.gz;ftp.sra.ebi.ac.uk/vol1/fastq/ERR855/ERR855168/ERR855168_2.fastq.gz	151847860;157202389	d6dd0d7bbd4b72a43c425baad3aee1ae;b38e11519fe0afbb7ae336912399f8aa
ERR855169	2	0.5	PAIRED	ftp.sra.ebi.ac.uk/vol1/fastq/ERR855/ERR855169/ERR855169_1.fastq.gz;ftp.sra.ebi.ac.uk/vol1/fastq/ERR855/ERR855169/ERR855169_2.fastq.gz	151458897;156595935	aba88f52b83bb2cd52b126a04e548128;726c9f9001cbaf32f3c76d95fc3e7f63
ERR855170	2	0.5	PAIRED	ftp.sra.ebi.ac.uk/vol1/fastq/ERR855/ERR855170/ERR855170_1.fastq.gz;ftp.sra.ebi.ac.uk/vol1/fastq/ERR855/ERR855170/ERR855170_2.fastq.gz	155911778;161620027	810408786d0e61f97730785f868e4e5f;0f478a75e2ec579b4563e2dc3665c97d
ERR855171	2	1	PAIRED	ftp.sra.ebi.ac.uk/vol1/fastq/ERR855/ERR855171/ERR855171_1.fastq.gz;ftp.sra.ebi.ac.uk/vol1/fastq/ERR855/ERR855171/ERR855171_2.fastq.gz	153216696;158502364	bfb8a8d90354f3f2cd21b15988987653;a7f365467491c8cdb4d29b427ecaf31b
ERR855172	2	1	PAIRED	ftp.sra.ebi.ac.uk/vol1/fastq/ERR855/ERR855172/ERR855172_1.fastq.gz;ftp.sra.ebi.ac.uk/vol1/fastq/ERR855/ERR855172/ERR855172_2.fastq.gz	157062328;162981808	88d12b637e3a160d1cc5de2296845188;087758dc5688693c6ea043803cbba1db
ERR855173	2	0.5	PAIRED	ftp.sra.ebi.ac.uk/vol1/fastq/ERR855/ERR855173/ERR855173_1.fastq.gz;ftp.sra.ebi.ac.uk/vol1/fastq/ERR855/ERR855173/ERR855173_2.fastq.gz	160766998;166199489	9eb4009d4d580b0dd31e37597f6d068f;e60014184aa308f13b60eba6586037ff
ERR855174	2	0.5	PAIRED	ftp.sra.ebi.ac.uk/vol1/fastq/ERR855/ERR855174/ERR855174_1.fastq.gz;ftp.sra.ebi.ac.uk/vol1/fastq/ERR855/ERR855174/ERR855174_2.fastq.gz	175189706;180496429	c3585e6b7a366d7e55457454ae9c8b97;e9e65203208bcffd860751ee89ee3f85
ERR855175	2	0.5	PAIRED	ftp.sra.ebi.ac.uk/vol1/fastq/ERR855/ERR855175/ERR855175_1.fastq.gz;ftp.sra.ebi.ac.uk/vol1/fastq/ERR855/ERR855175/ERR855175_2.fastq.gz	154597556;159766647	e632761dc866bcb23f438ecc987c269a;34e330ee81bedf550050d38dcde11384
ERR855176	2	0.5	PAIRED	ftp.sra.ebi.ac.uk/vol1/fastq/ERR855/ERR855176/ERR855176_1.fastq.gz;ftp.sra.ebi.ac.uk/vol1/fastq/ERR855/ERR855176/ERR855176_2.fastq.gz	148381748;153566302	2646fe20e6f2ef82749c072dfa004071;884470f8d043bbbf9f6a0e26983485db
ERR855177	2	0.5	PAIRED	ftp.sra.ebi.ac.uk/vol1/fastq/ERR855/ERR855177/ERR855177_1.fastq.gz;ftp.sra.ebi.ac.uk/vol1/fastq/ERR855/ERR855177/ERR855177_2.fastq.gz	146424761;151700227	5d1f38de26934257ceaa42cef74586db;a3d187df919e14d3dd4e6ca64b2a7fa3
ERR855178	2	0.5	PAIRED	ftp.sra.ebi.ac.uk/vol1/fastq/ERR855/ERR855178/ERR855178_1.fastq.gz;ftp.sra.ebi.ac.uk/vol1/fastq/ERR855/ERR855178/ERR855178_2.fastq.gz	161792270;167865205	7ef7b5d9ef24bc92734e59f1541ec968;c5b1833daff839e527687a6c6b954d00
ERR855179	2	0.5	PAIRED	ftp.sra.ebi.ac.uk/vol1/fastq/ERR855/ERR855179/ERR855179_1.fastq.gz;ftp.sra.ebi.ac.uk/vol1/fastq/ERR855/ERR855179/ERR855179_2.fastq.gz	161811563;167099013	ce0e1abd07a87a77b5649d8d099d9322;32700ca46cad54d59fc83dd6658f7c86
ERR855180	2	0.5	PAIRED	ftp.sra.ebi.ac.uk/vol1/fastq/ERR855/ERR855180/ERR855180_1.fastq.gz;ftp.sra.ebi.ac.uk/vol1/fastq/ERR855/ERR855180/ERR855180_2.fastq.gz	160209405;165354255	e87f87702fdc6effc30850891d85508e;2462f120cd381d0f1cfb1356a778d534
ERR855181	2	0.5	PAIRED	ftp.sra.ebi.ac.uk/vol1/fastq/ERR855/ERR855181/ERR855181_1.fastq.gz;ftp.sra.ebi.ac.uk/vol1/fastq/ERR855/ERR855181/ERR855181_2.fastq.gz	164657656;170031106	c887baf67c997e54ea626ee217cc0392;d7c825581ec98f91c9b717422675cd42
ERR855182	2	0.5	PAIRED	ftp.sra.ebi.ac.uk/vol1/fastq/ERR855/ERR855182/ERR855182_1.fastq.gz;ftp.sra.ebi.ac.uk/vol1/fastq/ERR855/ERR855182/ERR855182_2.fastq.gz	179225888;185334965	21b8f80489556b799f1e9462fd65b2b2;e26a85a79ba0c60a498c83638e4bd489
ERR855183	2	0.5	PAIRED	ftp.sra.ebi.ac.uk/vol1/fastq/ERR855/ERR855183/ERR855183_1.fastq.gz;ftp.sra.ebi.ac.uk/vol1/fastq/ERR855/ERR855183/ERR855183_2.fastq.gz	167542343;172880207	d62fed181a32f4c38c670dc45a21c4be;3eaa4a357e47b670d5b9dad65115d485
ERR855184	2	0.5	PAIRED	ftp.sra.ebi.ac.uk/vol1/fastq/ERR855/ERR855184/ERR855184_1.fastq.gz;ftp.sra.ebi.ac.uk/vol1/fastq/ERR855/ERR855184/ERR855184_2.fastq.gz	152843340;157803703	c692aa8c8f354ddae2a91af7308c513e;5142ccb053e6d91aac64d06b240cd3e8
ERR855185	2	1	PAIRED	ftp.sra.ebi.ac.uk/vol1/fastq/ERR855/ERR855185/ERR855185_1.fastq.gz;ftp.sra.ebi.ac.uk/vol1/fastq/ERR855/ERR855185/ERR855185_2.fastq.gz	147974543;153153193	677cbb93c2c8e2196747277b75be8b31;c740fc98e7ca993fcb29a8c80c23362f
ERR855186	2	0.5	PAIRED	ftp.sra.ebi.ac.uk/vol1/fastq/ERR855/ERR855186/ERR855186_1.fastq.gz;ftp.sra.ebi.ac.uk/vol1/fastq/ERR855/ERR855186/ERR855186_2.fastq.gz	151319017;157262525	271b5fdc53e5be1ec99173279a96ea20;8adfd3f2b830424ffa7a51c6380e52a6
ERR855187	2	0.5	PAIRED	ftp.sra.ebi.ac.uk/vol1/fastq/ERR855/ERR855187/ERR855187_1.fastq.gz;ftp.sra.ebi.ac.uk/vol1/fastq/ERR855/ERR855187/ERR855187_2.fastq.gz	143302558;148579837	44cf4b9daacb185c37d006e649c35d5a;19ecc1921354085971a48a611ae2402f
ERR855188	2	0.5	PAIRED	ftp.sra.ebi.ac.uk/vol1/fastq/ERR855/ERR855188/ERR855188_1.fastq.gz;ftp.sra.ebi.ac.uk/vol1/fastq/ERR855/ERR855188/ERR855188_2.fastq.gz	159585284;164916043	4c23ba4c26f223fcb2b6897844cd4ad2;0fd89c703a3564e8314345ea7315ef5a
ERR855189	2	1	PAIRED	ftp.sra.ebi.ac.uk/vol1/fastq/ERR855/ERR855189/ERR855189_1.fastq.gz;ftp.sra.ebi.ac.uk/vol1/fastq/ERR855/ERR855189/ERR855189_2.fastq.gz	165051631;170885178	243cc3b8db4fc6c2ddfc84dc5ef919a9;b5adf5090cbedbd73f5ee46a0821534a
ERR855190	2	0.5	PAIRED	ftp.sra.ebi.ac.uk/vol1/fastq/ERR855/ERR855190/ERR855190_1.fastq.gz;ftp.sra.ebi.ac.uk/vol1/fastq/ERR855/ERR855190/ERR855190_2.fastq.gz	171459465;177274315	3a40c951f2ab2d97c648b8dad1513b51;03f45e995cfd97525ac62006b3854b5a
ERR855191	2	0.5	PAIRED	ftp.sra.ebi.ac.uk/vol1/fastq/ERR855/ERR855191/ERR855191_1.fastq.gz;ftp.sra.ebi.ac.uk/vol1/fastq/ERR855/ERR855191/ERR855191_2.fastq.gz	179101279;184859315	50c7c911daa03f447716df5cbac15f7e;4371162ba2b3375f88b0d68270f24d51
ERR855193	2	0.5	PAIRED	ftp.sra.ebi.ac.uk/vol1/fastq/ERR855/ERR855193/ERR855193_1.fastq.gz;ftp.sra.ebi.ac.uk/vol1/fastq/ERR855/ERR855193/ERR855193_2.fastq.gz	168686863;174698777	d01976cfc197b47fe7302fe4124602a8;8a4e114b3ace1b07f80b21a29cf382c8
ERR855194	2	0.5	PAIRED	ftp.sra.ebi.ac.uk/vol1/fastq/ERR855/ERR855194/ERR855194_1.fastq.gz;ftp.sra.ebi.ac.uk/vol1/fastq/ERR855/ERR855194/ERR855194_2.fastq.gz	155481704;160907873	962bbee56371dbf108bc9b4af3966fe8;be522935a15087b7abad94d4b1c4d478
ERR855195	2	0.5	PAIRED	ftp.sra.ebi.ac.uk/vol1/fastq/ERR855/ERR855195/ERR855195_1.fastq.gz;ftp.sra.ebi.ac.uk/vol1/fastq/ERR855/ERR855195/ERR855195_2.fastq.gz	147579321;153016873	10c4df6030b8ac0c4dcc718f1b02e037;59315f08c45cc41c5cacc26e6a52754a
ERR855196	2	0.5	PAIRED	ftp.sra.ebi.ac.uk/vol1/fastq/ERR855/ERR855196/ERR855196_1.fastq.gz;ftp.sra.ebi.ac.uk/vol1/fastq/ERR855/ERR855196/ERR855196_2.fastq.gz	140407749;145542444	ab363def6e0b36144cc49f627509baa7;018dec7d082e8e28ca40a6c2a0f197d7
ERR855197	2	0.5	PAIRED	ftp.sra.ebi.ac.uk/vol1/fastq/ERR855/ERR855197/ERR855197_1.fastq.gz;ftp.sra.ebi.ac.uk/vol1/fastq/ERR855/ERR855197/ERR855197_2.fastq.gz	156732774;161996454	c7728616ce92600b220b125d921ae424;269d7d8658dd5b01882c0c9789e6321a
ERR855198	2	0.5	PAIRED	ftp.sra.ebi.ac.uk/vol1/fastq/ERR855/ERR855198/ERR855198_1.fastq.gz;ftp.sra.ebi.ac.uk/vol1/fastq/ERR855/ERR855198/ERR855198_2.fastq.gz	165378823;170769000	95213fe7b177abe200f04851efa4f70a;06c7af350cf0b2ac2d37b4984e1e64ab
ERR855199	2	0.5	PAIRED	ftp.sra.ebi.ac.uk/vol1/fastq/ERR855/ERR855199/ERR855199_1.fastq.gz;ftp.sra.ebi.ac.uk/vol1/fastq/ERR855/ERR855199/ERR855199_2.fastq.gz	171371000;176504871	5f1a467882bb5baefb0a4715e60cd149;3f4bceff93cc8ab4286cf571edfd6559
ERR855200	2	0.5	PAIRED	ftp.sra.ebi.ac.uk/vol1/fastq/ERR855/ERR855200/ERR855200_1.fastq.gz;ftp.sra.ebi.ac.uk/vol1/fastq/ERR855/ERR855200/ERR855200_2.fastq.gz	161509414;167288938	adf8585caf7c87a68b1525453b9a5591;30b052431e3f3fd7434594c28e47a91b
ERR855202	2	0.5	PAIRED	ftp.sra.ebi.ac.uk/vol1/fastq/ERR855/ERR855202/ERR855202_1.fastq.gz;ftp.sra.ebi.ac.uk/vol1/fastq/ERR855/ERR855202/ERR855202_2.fastq.gz	175820717;181807225	bc9181bb7ff1246c2b480cbc0897cdbf;9c6cb289caa450c5bf9736e438d4bea2
ERR855203	2	1	PAIRED	ftp.sra.ebi.ac.uk/vol1/fastq/ERR855/ERR855203/ERR855203_1.fastq.gz;ftp.sra.ebi.ac.uk/vol1/fastq/ERR855/ERR855203/ERR855203_2.fastq.gz	156311793;161931052	208dd126b580a12a277dadff0a5f04b4;fbeafafeef6a619627e25cae9344ff46
ERR855204	2	0.5	PAIRED	ftp.sra.ebi.ac.uk/vol1/fastq/ERR855/ERR855204/ERR855204_1.fastq.gz;ftp.sra.ebi.ac.uk/vol1/fastq/ERR855/ERR855204/ERR855204_2.fastq.gz	160081951;165336432	33bbaed4bc5e6d3b4b07ce73ab4d94c8;526067962f464afb6c17fc70e9a22f25
ERR855205	2	0.5	PAIRED	ftp.sra.ebi.ac.uk/vol1/fastq/ERR855/ERR855205/ERR855205_1.fastq.gz;ftp.sra.ebi.ac.uk/vol1/fastq/ERR855/ERR855205/ERR855205_2.fastq.gz	158091947;163216635	ef25abcde5bcfd2dc7f63048fd31936f;dd7c63ceada52aca160ffddf4d63b10f
ERR855206	2	1	PAIRED	ftp.sra.ebi.ac.uk/vol1/fastq/ERR855/ERR855206/ERR855206_1.fastq.gz;ftp.sra.ebi.ac.uk/vol1/fastq/ERR855/ERR855206/ERR855206_2.fastq.gz	157932284;163880899	ced6b079cb10605c23b8e51bdc0b1385;6298cb5311977ed69a017c82b5820421
ERR855207	2	0.5	PAIRED	ftp.sra.ebi.ac.uk/vol1/fastq/ERR855/ERR855207/ERR855207_1.fastq.gz;ftp.sra.ebi.ac.uk/vol1/fastq/ERR855/ERR855207/ERR855207_2.fastq.gz	183155506;189455469	2b31ff18366cb8ac6a4a038e0b94108f;2b53629245e73ba0041141b7f5f45562
ERR855208	2	0.5	PAIRED	ftp.sra.ebi.ac.uk/vol1/fastq/ERR855/ERR855208/ERR855208_1.fastq.gz;ftp.sra.ebi.ac.uk/vol1/fastq/ERR855/ERR855208/ERR855208_2.fastq.gz	157999004;163739815	cd268b133a9ea665994f54c92362b5de;9d38efe1a799ef7c120e36b98830ce73
ERR855209	2	0.5	PAIRED	ftp.sra.ebi.ac.uk/vol1/fastq/ERR855/ERR855209/ERR855209_1.fastq.gz;ftp.sra.ebi.ac.uk/vol1/fastq/ERR855/ERR855209/ERR855209_2.fastq.gz	169343495;174525850	5f5ff02cf5d2302d1a6fc0dda9e94135;d455ab0e3b2c7ce27ec799ad507fb86c
ERR855210	2	0.5	PAIRED	ftp.sra.ebi.ac.uk/vol1/fastq/ERR855/ERR855210/ERR855210_1.fastq.gz;ftp.sra.ebi.ac.uk/vol1/fastq/ERR855/ERR855210/ERR855210_2.fastq.gz	170272731;176359927	4dd780a50d88275c42115cbca94fbed9;e98dce793aeef155433c44c7d602704f
ERR855211	2	1	PAIRED	ftp.sra.ebi.ac.uk/vol1/fastq/ERR855/ERR855211/ERR855211_1.fastq.gz;ftp.sra.ebi.ac.uk/vol1/fastq/ERR855/ERR855211/ERR855211_2.fastq.gz	176890431;183166626	7675d8dc70171f43d8d5e903c86c2017;a200fdd598a73b30079b8cf9d63079ed
ERR855212	2	0.5	PAIRED	ftp.sra.ebi.ac.uk/vol1/fastq/ERR855/ERR855212/ERR855212_1.fastq.gz;ftp.sra.ebi.ac.uk/vol1/fastq/ERR855/ERR855212/ERR855212_2.fastq.gz	167126511;174367723	c7a0242384d5dff1e5bda13377292c34;823449d4430cde5c50478c867bc1428c
ERR855213	2	0.5	PAIRED	ftp.sra.ebi.ac.uk/vol1/fastq/ERR855/ERR855213/ERR855213_1.fastq.gz;ftp.sra.ebi.ac.uk/vol1/fastq/ERR855/ERR855213/ERR855213_2.fastq.gz	147675314;153347121	5c1d3f8663cb1edaa9ba058e9e3c6d64;9cbab31e91a9526c850ea3ea6c67a6a1
ERR855214	2	1	PAIRED	ftp.sra.ebi.ac.uk/vol1/fastq/ERR855/ERR855214/ERR855214_1.fastq.gz;ftp.sra.ebi.ac.uk/vol1/fastq/ERR855/ERR855214/ERR855214_2.fastq.gz	168727416;174364817	f9e3196b240c58a0263fee775d63b4d5;ac1b53551534e79989307e5752adbaa0
ERR855215	2	0.5	PAIRED	ftp.sra.ebi.ac.uk/vol1/fastq/ERR855/ERR855215/ERR855215_1.fastq.gz;ftp.sra.ebi.ac.uk/vol1/fastq/ERR855/ERR855215/ERR855215_2.fastq.gz	184975864;191253045	4785f720ebbb55cb880805fb2648f8a9;a036782863204e3c2d01010d6f6a59ae
ERR855216	2	1	PAIRED	ftp.sra.ebi.ac.uk/vol1/fastq/ERR855/ERR855216/ERR855216_1.fastq.gz;ftp.sra.ebi.ac.uk/vol1/fastq/ERR855/ERR855216/ERR855216_2.fastq.gz	181063696;187257768	b0715120ef427ec58d9e497e84454cd7;a5bc01abc76a677f6026b07f2adec28b
ERR855217	2	1	PAIRED	ftp.sra.ebi.ac.uk/vol1/fastq/ERR855/ERR855217/ERR855217_1.fastq.gz;ftp.sra.ebi.ac.uk/vol1/fastq/ERR855/ERR855217/ERR855217_2.fastq.gz	180519763;186936517	67836c6c0de0c8471be3b91a6c20e4ec;c5181e2f8d8e3fe9b4dd00d40b6f42c5
ERR855218	2	1	PAIRED	ftp.sra.ebi.ac.uk/vol1/fastq/ERR855/ERR855218/ERR855218_1.fastq.gz;ftp.sra.ebi.ac.uk/vol1/fastq/ERR855/ERR855218/ERR855218_2.fastq.gz	178779732;185372030	9293c216b69b493ef83c6c19c1af36f6;0181a8a19cf0f3b9dbae875cfe191883
ERR855219	2	1	PAIRED	ftp.sra.ebi.ac.uk/vol1/fastq/ERR855/ERR855219/ERR855219_1.fastq.gz;ftp.sra.ebi.ac.uk/vol1/fastq/ERR855/ERR855219/ERR855219_2.fastq.gz	164763513;170688172	3acbcdf61b19b9ad58e0f2a94931a318;5916d63ec829ab8d66b31cf486a41e6c
ERR855220	2	0.5	PAIRED	ftp.sra.ebi.ac.uk/vol1/fastq/ERR855/ERR855220/ERR855220_1.fastq.gz;ftp.sra.ebi.ac.uk/vol1/fastq/ERR855/ERR855220/ERR855220_2.fastq.gz	155731205;160816766	8ef0dfe770acab3bb0f542d79faf589d;95c9c896b1143ed03ae2ee6b76c02ff3
ERR855221	2	0.5	PAIRED	ftp.sra.ebi.ac.uk/vol1/fastq/ERR855/ERR855221/ERR855221_1.fastq.gz;ftp.sra.ebi.ac.uk/vol1/fastq/ERR855/ERR855221/ERR855221_2.fastq.gz	139564790;144563216	8bb50870aeefad6e6be20400a1e28234;a6fa3edd41a61bd75852e4e5eab3b285
ERR855222	2	1	PAIRED	ftp.sra.ebi.ac.uk/vol1/fastq/ERR855/ERR855222/ERR855222_1.fastq.gz;ftp.sra.ebi.ac.uk/vol1/fastq/ERR855/ERR855222/ERR855222_2.fastq.gz	149873237;154897819	22ed2908e03289b9b15722e026ef8e15;e4e494273331e9ba58dca69feabd7d20
ERR855223	2	1	PAIRED	ftp.sra.ebi.ac.uk/vol1/fastq/ERR855/ERR855223/ERR855223_1.fastq.gz;ftp.sra.ebi.ac.uk/vol1/fastq/ERR855/ERR855223/ERR855223_2.fastq.gz	188344366;194888630	3526703bc6ce792f12039250bec03d74;4749990938fb1277ace8135f20f6a472
ERR855224	2	1	PAIRED	ftp.sra.ebi.ac.uk/vol1/fastq/ERR855/ERR855224/ERR855224_1.fastq.gz;ftp.sra.ebi.ac.uk/vol1/fastq/ERR855/ERR855224/ERR855224_2.fastq.gz	166865974;172966476	9f901f0cf849da67adf1092da6721e7d;1eae971c3115ddc6d8ff37e5464a5747
ERR855225	2	0.5	PAIRED	ftp.sra.ebi.ac.uk/vol1/fastq/ERR855/ERR855225/ERR855225_1.fastq.gz;ftp.sra.ebi.ac.uk/vol1/fastq/ERR855/ERR855225/ERR855225_2.fastq.gz	167657296;173380893	6198be76218866c06e9646f06ea7330a;305f6026610ec2c3768d543535020a35
ERR855226	2	0.5	PAIRED	ftp.sra.ebi.ac.uk/vol1/fastq/ERR855/ERR855226/ERR855226_1.fastq.gz;ftp.sra.ebi.ac.uk/vol1/fastq/ERR855/ERR855226/ERR855226_2.fastq.gz	170311960;176992335	38344984ab30b1790d085caa03a7572a;32c265d024778879042ea76903dd80fb
ERR855227	2	0.5	PAIRED	ftp.sra.ebi.ac.uk/vol1/fastq/ERR855/ERR855227/ERR855227_1.fastq.gz;ftp.sra.ebi.ac.uk/vol1/fastq/ERR855/ERR855227/ERR855227_2.fastq.gz	159842284;165747278	8c25ff2f719f51c7ddc83555533c9f80;729dcd07143f074edf9e7061b3370d01
ERR855228	2	0.5	PAIRED	ftp.sra.ebi.ac.uk/vol1/fastq/ERR855/ERR855228/ERR855228_1.fastq.gz;ftp.sra.ebi.ac.uk/vol1/fastq/ERR855/ERR855228/ERR855228_2.fastq.gz	150350745;155906289	c496efecfafe886cd1d4ec800873cf15;8e87f6a1c682a469ce0de18dd279b065
ERR855229	2	0.5	PAIRED	ftp.sra.ebi.ac.uk/vol1/fastq/ERR855/ERR855229/ERR855229_1.fastq.gz;ftp.sra.ebi.ac.uk/vol1/fastq/ERR855/ERR855229/ERR855229_2.fastq.gz	148357256;153031351	15993b6419a236c65fe31cc88b105135;7b90631353116811a19a51ab76f8a875
ERR855230	2	0.5	PAIRED	ftp.sra.ebi.ac.uk/vol1/fastq/ERR855/ERR855230/ERR855230_1.fastq.gz;ftp.sra.ebi.ac.uk/vol1/fastq/ERR855/ERR855230/ERR855230_2.fastq.gz	160319500;165409301	4e1be866e3f8d3e463b892984522916a;5752b2a6e3a058f98abd4cf7871a00f0
ERR855231	2	0.5	PAIRED	ftp.sra.ebi.ac.uk/vol1/fastq/ERR855/ERR855231/ERR855231_1.fastq.gz;ftp.sra.ebi.ac.uk/vol1/fastq/ERR855/ERR855231/ERR855231_2.fastq.gz	218180068;225197353	1b1062021d7f7a2c96b821617b1097e3;2902606c22d0b38cf034597511f8541e
ERR855232	2	0.5	PAIRED	ftp.sra.ebi.ac.uk/vol1/fastq/ERR855/ERR855232/ERR855232_1.fastq.gz;ftp.sra.ebi.ac.uk/vol1/fastq/ERR855/ERR855232/ERR855232_2.fastq.gz	176301059;185097013	550d02badda0c6c45efdaf8c8ab8889e;61b76a4caf4551e6f524e53be780e728
ERR855233	2	0.5	PAIRED	ftp.sra.ebi.ac.uk/vol1/fastq/ERR855/ERR855233/ERR855233_1.fastq.gz;ftp.sra.ebi.ac.uk/vol1/fastq/ERR855/ERR855233/ERR855233_2.fastq.gz	164087801;170192288	7748b6c2fe7c86c5767998911c6aa389;2960156e6d6d261bb7ac7a0bac38256b
ERR855234	2	0.5	PAIRED	ftp.sra.ebi.ac.uk/vol1/fastq/ERR855/ERR855234/ERR855234_1.fastq.gz;ftp.sra.ebi.ac.uk/vol1/fastq/ERR855/ERR855234/ERR855234_2.fastq.gz	175878622;182450126	83d7584e43d0f52f0a7f0cdb84513776;f44c3f8a669f4f153035c6e758dcaeb1
ERR855235	2	0.5	PAIRED	ftp.sra.ebi.ac.uk/vol1/fastq/ERR855/ERR855235/ERR855235_1.fastq.gz;ftp.sra.ebi.ac.uk/vol1/fastq/ERR855/ERR855235/ERR855235_2.fastq.gz	167036306;173305498	030a0d2ad68f92b2c147f1578152c5b6;f473de8c7adfe161af3ddff6982cdf16
ERR855236	2	0.5	PAIRED	ftp.sra.ebi.ac.uk/vol1/fastq/ERR855/ERR855236/ERR855236_1.fastq.gz;ftp.sra.ebi.ac.uk/vol1/fastq/ERR855/ERR855236/ERR855236_2.fastq.gz	145968911;151698587	8254761c98dd340743f329136f1ee12d;ca0f98a46e069b4ed8173a955ad875b5
ERR855237	2	0.5	PAIRED	ftp.sra.ebi.ac.uk/vol1/fastq/ERR855/ERR855237/ERR855237_1.fastq.gz;ftp.sra.ebi.ac.uk/vol1/fastq/ERR855/ERR855237/ERR855237_2.fastq.gz	162550528;167720916	8095124f618dafbfa98f52e17f653cc7;14f36520062daf312a9b5ceea95f8173
ERR855238	2	1	PAIRED	ftp.sra.ebi.ac.uk/vol1/fastq/ERR855/ERR855238/ERR855238_1.fastq.gz;ftp.sra.ebi.ac.uk/vol1/fastq/ERR855/ERR855238/ERR855238_2.fastq.gz	143426750;149213480	d7904611cefbc0181418888372aa150c;df2e7d70e25c4c56a970159eef3d09d6
ERR855239	2	1	PAIRED	ftp.sra.ebi.ac.uk/vol1/fastq/ERR855/ERR855239/ERR855239_1.fastq.gz;ftp.sra.ebi.ac.uk/vol1/fastq/ERR855/ERR855239/ERR855239_2.fastq.gz	204730483;210387773	233f7ab523785a9233594e7f41d3b612;9254ef49d5e927f0b5edb5a57606fd2c
ERR855240	2	0.5	PAIRED	ftp.sra.ebi.ac.uk/vol1/fastq/ERR855/ERR855240/ERR855240_1.fastq.gz;ftp.sra.ebi.ac.uk/vol1/fastq/ERR855/ERR855240/ERR855240_2.fastq.gz	149298447;154691286	7640b5df7812cc87d51a192c31038d17;304bd013c95b7d48c794bb346b284650
ERR855241	2	1	PAIRED	ftp.sra.ebi.ac.uk/vol1/fastq/ERR855/ERR855241/ERR855241_1.fastq.gz;ftp.sra.ebi.ac.uk/vol1/fastq/ERR855/ERR855241/ERR855241_2.fastq.gz	162294305;167094208	773ffe7c5465ec19645a73fd2f6b70fd;bc57dee200c3172432f3a4402319673a
ERR855242	2	0.5	PAIRED	ftp.sra.ebi.ac.uk/vol1/fastq/ERR855/ERR855242/ERR855242_1.fastq.gz;ftp.sra.ebi.ac.uk/vol1/fastq/ERR855/ERR855242/ERR855242_2.fastq.gz	194540150;201038298	be8f5300421141a1e238e181de4b55cd;fc26cd0c0152c58784475de02bbb3302
ERR855243	2	0.5	PAIRED	ftp.sra.ebi.ac.uk/vol1/fastq/ERR855/ERR855243/ERR855243_1.fastq.gz;ftp.sra.ebi.ac.uk/vol1/fastq/ERR855/ERR855243/ERR855243_2.fastq.gz	185813427;192070253	2cf3010f608ce2fdf54fcb02871cb27c;3338cbecda99ad2b013c8d521dc544dc
ERR855244	2	0.5	PAIRED	ftp.sra.ebi.ac.uk/vol1/fastq/ERR855/ERR855244/ERR855244_1.fastq.gz;ftp.sra.ebi.ac.uk/vol1/fastq/ERR855/ERR855244/ERR855244_2.fastq.gz	179674786;185067540	469faa7580530902eb7956476612f800;971a6b7c5da3206f44395fd687f1f6fe
ERR855245	2	0.5	PAIRED	ftp.sra.ebi.ac.uk/vol1/fastq/ERR855/ERR855245/ERR855245_1.fastq.gz;ftp.sra.ebi.ac.uk/vol1/fastq/ERR855/ERR855245/ERR855245_2.fastq.gz	180253299;185777918	5266d9b858d82a03bcdf7e1170ddabc2;d3579a8edbe7bd80d0ab97c3fb700ebb
ERR855246	2	1	PAIRED	ftp.sra.ebi.ac.uk/vol1/fastq/ERR855/ERR855246/ERR855246_1.fastq.gz;ftp.sra.ebi.ac.uk/vol1/fastq/ERR855/ERR855246/ERR855246_2.fastq.gz	171288457;176821001	41e1d85d66bc97319c3ae027b95e81fe;82499da2a1b17c20b9b5a4958d5f9276
ERR855247	2	1	PAIRED	ftp.sra.ebi.ac.uk/vol1/fastq/ERR855/ERR855247/ERR855247_1.fastq.gz;ftp.sra.ebi.ac.uk/vol1/fastq/ERR855/ERR855247/ERR855247_2.fastq.gz	149597717;154617753	6a92691b720c0a958c79489cd62abce7;aae7897f009d1803def3c2bf76fb9945
ERR855248	2	0.25	PAIRED	ftp.sra.ebi.ac.uk/vol1/fastq/ERR855/ERR855248/ERR855248_1.fastq.gz;ftp.sra.ebi.ac.uk/vol1/fastq/ERR855/ERR855248/ERR855248_2.fastq.gz	176061660;182667296	52f2f4ba6f80d3e1606baf298ebaaffb;b30b61d2704b1f319f5fd6e66a9237cb
ERR855249	2	0.25	PAIRED	ftp.sra.ebi.ac.uk/vol1/fastq/ERR855/ERR855249/ERR855249_1.fastq.gz;ftp.sra.ebi.ac.uk/vol1/fastq/ERR855/ERR855249/ERR855249_2.fastq.gz	173767838;179618194	ddf58401d8cb7daae0cb393cc9194cf3;7f9e8ce85a9b1b9fb51aef9ef476367d
ERR855250	2	0.06	PAIRED	ftp.sra.ebi.ac.uk/vol1/fastq/ERR855/ERR855250/ERR855250_1.fastq.gz;ftp.sra.ebi.ac.uk/vol1/fastq/ERR855/ERR855250/ERR855250_2.fastq.gz	191681277;198384026	9ea06876840a6cf7376be105156c6e9a;8abc41ffb307183db34b9151dd69c654
ERR855251	2	0.125	PAIRED	ftp.sra.ebi.ac.uk/vol1/fastq/ERR855/ERR855251/ERR855251_1.fastq.gz;ftp.sra.ebi.ac.uk/vol1/fastq/ERR855/ERR855251/ERR855251_2.fastq.gz	187385897;193852439	433e8bdefde0956582da33e135ed0f12;34f1e891aa5ab5a0eedf1e6526c6bd08
ERR855252	2	0.06	PAIRED	ftp.sra.ebi.ac.uk/vol1/fastq/ERR855/ERR855252/ERR855252_1.fastq.gz;ftp.sra.ebi.ac.uk/vol1/fastq/ERR855/ERR855252/ERR855252_2.fastq.gz	187117199;192883682	b22e8f8d016ebd9a6564644e3154cf10;611a758f949f2872f8970706f81130e9
ERR855253	2	0.25	PAIRED	ftp.sra.ebi.ac.uk/vol1/fastq/ERR855/ERR855253/ERR855253_1.fastq.gz;ftp.sra.ebi.ac.uk/vol1/fastq/ERR855/ERR855253/ERR855253_2.fastq.gz	189124894;194834828	96b795115caadcfb806744ed53adf718;4a24006683f0b4f478de68c8e024ec55
ERR855254	2	<=0.03	PAIRED	ftp.sra.ebi.ac.uk/vol1/fastq/ERR855/ERR855254/ERR855254_1.fastq.gz;ftp.sra.ebi.ac.uk/vol1/fastq/ERR855/ERR855254/ERR855254_2.fastq.gz	168078139;173843052	43d0af26188db5dfc14d1ccddceebdd9;77038ca23ff78a21410e70174e4e97f5
ERR855255	2	0.25	PAIRED	ftp.sra.ebi.ac.uk/vol1/fastq/ERR855/ERR855255/ERR855255_1.fastq.gz;ftp.sra.ebi.ac.uk/vol1/fastq/ERR855/ERR855255/ERR855255_2.fastq.gz	154829168;160338654	f247adcd96de402a3b663c7606fc65f7;44eff7f52e032c428324d35ae3d8399f
ERR855257	2	0.25	PAIRED	ftp.sra.ebi.ac.uk/vol1/fastq/ERR855/ERR855257/ERR855257_1.fastq.gz;ftp.sra.ebi.ac.uk/vol1/fastq/ERR855/ERR855257/ERR855257_2.fastq.gz	172423812;178648233	675bf64fd35309cd37af1aa7f1fe2c41;28bade4994d0baf8f6bf8d1e87234d78
ERR855258	2	0.125	PAIRED	ftp.sra.ebi.ac.uk/vol1/fastq/ERR855/ERR855258/ERR855258_1.fastq.gz;ftp.sra.ebi.ac.uk/vol1/fastq/ERR855/ERR855258/ERR855258_2.fastq.gz	179819850;186060485	2d195c28c032bd7ffc9e7b42ecee2d19;70a0f9f2db071b19a8a8a421542ca204
ERR855259	2	0.25	PAIRED	ftp.sra.ebi.ac.uk/vol1/fastq/ERR855/ERR855259/ERR855259_1.fastq.gz;ftp.sra.ebi.ac.uk/vol1/fastq/ERR855/ERR855259/ERR855259_2.fastq.gz	194609939;200821288	b977253deb56093427f5297472f7a208;37b9b1e2de2c1b4b85f8fdf8135cff37
ERR855260	2	0.5	PAIRED	ftp.sra.ebi.ac.uk/vol1/fastq/ERR855/ERR855260/ERR855260_1.fastq.gz;ftp.sra.ebi.ac.uk/vol1/fastq/ERR855/ERR855260/ERR855260_2.fastq.gz	180871531;187198160	c35695dcccf267e6b9587ef64b31a7f5;c96c13d761bf16d537eb87d06d6b6170
ERR855261	2	0.125	PAIRED	ftp.sra.ebi.ac.uk/vol1/fastq/ERR855/ERR855261/ERR855261_1.fastq.gz;ftp.sra.ebi.ac.uk/vol1/fastq/ERR855/ERR855261/ERR855261_2.fastq.gz	192313809;198009590	9624e1bcde92c2294754d14e8135626c;db30be995ddf06b5e8dc0b857957770a
ERR855262	2	0.125	PAIRED	ftp.sra.ebi.ac.uk/vol1/fastq/ERR855/ERR855262/ERR855262_1.fastq.gz;ftp.sra.ebi.ac.uk/vol1/fastq/ERR855/ERR855262/ERR855262_2.fastq.gz	182245225;188158948	8ebec85244da5654689f7e7eedcb1647;833f2b49bbe9743404ca4a0e62a87c5a
ERR855263	2	0.25	PAIRED	ftp.sra.ebi.ac.uk/vol1/fastq/ERR855/ERR855263/ERR855263_1.fastq.gz;ftp.sra.ebi.ac.uk/vol1/fastq/ERR855/ERR855263/ERR855263_2.fastq.gz	171741089;177593114	13b1c572d8cf4e58ed04e9cc872b36db;ec15afe6ac0be90da058a4c2e99dca7c
ERR855264	2	0.25	PAIRED	ftp.sra.ebi.ac.uk/vol1/fastq/ERR855/ERR855264/ERR855264_1.fastq.gz;ftp.sra.ebi.ac.uk/vol1/fastq/ERR855/ERR855264/ERR855264_2.fastq.gz	166243187;172908551	ce827dbe6aeae628d670f0d14667ba6c;1316bc9b3120708ddad5298d7cae8d7c
ERR855265	2	<=0.03	PAIRED	ftp.sra.ebi.ac.uk/vol1/fastq/ERR855/ERR855265/ERR855265_1.fastq.gz;ftp.sra.ebi.ac.uk/vol1/fastq/ERR855/ERR855265/ERR855265_2.fastq.gz	166337608;173006310	21188f60e3a8e0bac134522c264b0bf6;98e78edf231b864ff290b4f9e495d9b5
ERR855266	2	0.5	PAIRED	ftp.sra.ebi.ac.uk/vol1/fastq/ERR855/ERR855266/ERR855266_1.fastq.gz;ftp.sra.ebi.ac.uk/vol1/fastq/ERR855/ERR855266/ERR855266_2.fastq.gz	167674488;173639078	45fa9e9ae6c288f67e5abdf14ef43b5f;f3e8b20e178bc7558b2e79cdbb28cad4
ERR855267	2	0.25	PAIRED	ftp.sra.ebi.ac.uk/vol1/fastq/ERR855/ERR855267/ERR855267_1.fastq.gz;ftp.sra.ebi.ac.uk/vol1/fastq/ERR855/ERR855267/ERR855267_2.fastq.gz	181752780;187934690	80a1401fb55cb7f285bb51bee47a239a;b40d6dc15766a0fb90fd06f61d4d32f5
ERR855268	2	0.25	PAIRED	ftp.sra.ebi.ac.uk/vol1/fastq/ERR855/ERR855268/ERR855268_1.fastq.gz;ftp.sra.ebi.ac.uk/vol1/fastq/ERR855/ERR855268/ERR855268_2.fastq.gz	171058360;177415169	411343e3a877ee057a928917804ea5a6;d696d9c73f411da912d395088e12494b
ERR855269	2	0.5	PAIRED	ftp.sra.ebi.ac.uk/vol1/fastq/ERR855/ERR855269/ERR855269_1.fastq.gz;ftp.sra.ebi.ac.uk/vol1/fastq/ERR855/ERR855269/ERR855269_2.fastq.gz	180937742;188038198	bb29bf554d80ce33cfba103fdfa67414;6726a2c3335ee2c6627164955b52d0b7
ERR855270	2	1	PAIRED	ftp.sra.ebi.ac.uk/vol1/fastq/ERR855/ERR855270/ERR855270_1.fastq.gz;ftp.sra.ebi.ac.uk/vol1/fastq/ERR855/ERR855270/ERR855270_2.fastq.gz	170297259;176263999	fa6c821292aa6dd6eec0c35c3c64b557;f2484dcc609fc6bdd3d3dece55c02df0
ERR855271	2	0.5	PAIRED	ftp.sra.ebi.ac.uk/vol1/fastq/ERR855/ERR855271/ERR855271_1.fastq.gz;ftp.sra.ebi.ac.uk/vol1/fastq/ERR855/ERR855271/ERR855271_2.fastq.gz	166979681;172526469	6d37807d60c24669aa171611f62f1b48;4fac5eca4f3fd930a532d73d16b543e2
ERR855272	2	0.25	PAIRED	ftp.sra.ebi.ac.uk/vol1/fastq/ERR855/ERR855272/ERR855272_1.fastq.gz;ftp.sra.ebi.ac.uk/vol1/fastq/ERR855/ERR855272/ERR855272_2.fastq.gz	165051800;170801617	d75f1186bea721d7883b04cdf8d5209d;d3cf7d9023848740431cd9b4297bfa74
ERR855273	2	0.25	PAIRED	ftp.sra.ebi.ac.uk/vol1/fastq/ERR855/ERR855273/ERR855273_1.fastq.gz;ftp.sra.ebi.ac.uk/vol1/fastq/ERR855/ERR855273/ERR855273_2.fastq.gz	167631920;173560510	4b0818c778b971269945ebbefef25782;6cfe974a480527f04723e630b303cec3
ERR855274	2	0.25	PAIRED	ftp.sra.ebi.ac.uk/vol1/fastq/ERR855/ERR855274/ERR855274_1.fastq.gz;ftp.sra.ebi.ac.uk/vol1/fastq/ERR855/ERR855274/ERR855274_2.fastq.gz	163899597;169510761	9c08c863c3e49168ddffe82667d6ffc6;9e7258c01cdd3f47736b9ecc5b6696f6
ERR855275	2	0.25	PAIRED	ftp.sra.ebi.ac.uk/vol1/fastq/ERR855/ERR855275/ERR855275_1.fastq.gz;ftp.sra.ebi.ac.uk/vol1/fastq/ERR855/ERR855275/ERR855275_2.fastq.gz	158131640;163273266	e8d61027b855ae3d48002a3df0a8c4e6;ab4d5265d1c1bbe01e085b1734dabec8
ERR855276	2	0.25	PAIRED	ftp.sra.ebi.ac.uk/vol1/fastq/ERR855/ERR855276/ERR855276_1.fastq.gz;ftp.sra.ebi.ac.uk/vol1/fastq/ERR855/ERR855276/ERR855276_2.fastq.gz	159314889;164775302	9fd08a7ad858cc6b9ecb9075dfecd154;5df15c1afa62c3fa1684f4f75fd2066e
ERR855277	2	0.5	PAIRED	ftp.sra.ebi.ac.uk/vol1/fastq/ERR855/ERR855277/ERR855277_1.fastq.gz;ftp.sra.ebi.ac.uk/vol1/fastq/ERR855/ERR855277/ERR855277_2.fastq.gz	168695872;176104374	c47dbd1afad7f937d53367b180336fd2;851feb227d8a195f8fa5656afdd19759
ERR855278	2	1	PAIRED	ftp.sra.ebi.ac.uk/vol1/fastq/ERR855/ERR855278/ERR855278_1.fastq.gz;ftp.sra.ebi.ac.uk/vol1/fastq/ERR855/ERR855278/ERR855278_2.fastq.gz	164180611;169445766	ae17cab26f58a1217bccf3f5e32d3d1d;7e43c5825a153cf856d1ff96df999f7d
ERR855279	2	1	PAIRED	ftp.sra.ebi.ac.uk/vol1/fastq/ERR855/ERR855279/ERR855279_1.fastq.gz;ftp.sra.ebi.ac.uk/vol1/fastq/ERR855/ERR855279/ERR855279_2.fastq.gz	158363866;163021539	1c7e7f33419004c03d9d8141e017116f;031194e6fec78e79babcc931992dc9b3
ERR855280	2	0.25	PAIRED	ftp.sra.ebi.ac.uk/vol1/fastq/ERR855/ERR855280/ERR855280_1.fastq.gz;ftp.sra.ebi.ac.uk/vol1/fastq/ERR855/ERR855280/ERR855280_2.fastq.gz	152882236;158649605	faf12e683d5712e51f2595aa211f58a2;82df33e0a937660b19cdc4cf4eb41561
ERR855281	2	1	PAIRED	ftp.sra.ebi.ac.uk/vol1/fastq/ERR855/ERR855281/ERR855281_1.fastq.gz;ftp.sra.ebi.ac.uk/vol1/fastq/ERR855/ERR855281/ERR855281_2.fastq.gz	159832392;165310988	4d94a6c4e9bf48574b1268494f079a5c;48937b9dceeb433a3757b0903f0d0936
ERR855282	2	0.5	PAIRED	ftp.sra.ebi.ac.uk/vol1/fastq/ERR855/ERR855282/ERR855282_1.fastq.gz;ftp.sra.ebi.ac.uk/vol1/fastq/ERR855/ERR855282/ERR855282_2.fastq.gz	161822647;167622282	82a41ae4b34b8fef1bae95513242e96c;43fc407132b4da3d5f7b7920e332bf1f
ERR855283	2	1	PAIRED	ftp.sra.ebi.ac.uk/vol1/fastq/ERR855/ERR855283/ERR855283_1.fastq.gz;ftp.sra.ebi.ac.uk/vol1/fastq/ERR855/ERR855283/ERR855283_2.fastq.gz	158274256;163703227	79d8d2f11ec51022769bcdc5278b8e58;988702efed45561731dbfadaad227623
ERR855284	2	0.5	PAIRED	ftp.sra.ebi.ac.uk/vol1/fastq/ERR855/ERR855284/ERR855284_1.fastq.gz;ftp.sra.ebi.ac.uk/vol1/fastq/ERR855/ERR855284/ERR855284_2.fastq.gz	157632193;163227665	b0aadb6930725e20739ee83259fc2520;e654d4df162b42daebff62ff06f78e59
ERR855285	2	1	PAIRED	ftp.sra.ebi.ac.uk/vol1/fastq/ERR855/ERR855285/ERR855285_1.fastq.gz;ftp.sra.ebi.ac.uk/vol1/fastq/ERR855/ERR855285/ERR855285_2.fastq.gz	170555898;176756027	cd41ef0d0300dbf6dd88f9e18f211f30;edd6a0e46f18dd5e073a8993ca00e8b3
ERR855286	2	0.5	PAIRED	ftp.sra.ebi.ac.uk/vol1/fastq/ERR855/ERR855286/ERR855286_1.fastq.gz;ftp.sra.ebi.ac.uk/vol1/fastq/ERR855/ERR855286/ERR855286_2.fastq.gz	165799775;170931885	922b38d78d0d0e9f7006fa37679ad89e;441d75bf998ed5348f085fc464158052
ERR855287	2	0.125	PAIRED	ftp.sra.ebi.ac.uk/vol1/fastq/ERR855/ERR855287/ERR855287_1.fastq.gz;ftp.sra.ebi.ac.uk/vol1/fastq/ERR855/ERR855287/ERR855287_2.fastq.gz	166023775;171970207	c8b492a2e3774b6a8845114a110aeca9;16071404d3f2ea6e2587f52b04a5ef4d
ERR855288	2	2	PAIRED	ftp.sra.ebi.ac.uk/vol1/fastq/ERR855/ERR855288/ERR855288_1.fastq.gz;ftp.sra.ebi.ac.uk/vol1/fastq/ERR855/ERR855288/ERR855288_2.fastq.gz	157347021;162869345	67b99dbb724fa51b1e7965c1ef485bd2;8a1c755b2c6ff82484d043559fd6d60f
ERR855289	2	1	PAIRED	ftp.sra.ebi.ac.uk/vol1/fastq/ERR855/ERR855289/ERR855289_1.fastq.gz;ftp.sra.ebi.ac.uk/vol1/fastq/ERR855/ERR855289/ERR855289_2.fastq.gz	157960605;163002666	680645dce6a0f949b4cdcad93de2d397;3513a85cb36d24c86a48fa1f11ab7bf5
ERR855290	2	0.5	PAIRED	ftp.sra.ebi.ac.uk/vol1/fastq/ERR855/ERR855290/ERR855290_1.fastq.gz;ftp.sra.ebi.ac.uk/vol1/fastq/ERR855/ERR855290/ERR855290_2.fastq.gz	158081194;163512283	3c65466f913000848280341f20281415;04ba1ac74bed272207379a839b80c4a4
ERR855291	2	0.5	PAIRED	ftp.sra.ebi.ac.uk/vol1/fastq/ERR855/ERR855291/ERR855291_1.fastq.gz;ftp.sra.ebi.ac.uk/vol1/fastq/ERR855/ERR855291/ERR855291_2.fastq.gz	144156356;149441322	171fb93240055858ae8c85406c4ae96f;f797b2af78b1c40cb580643880825482
ERR855292	2	0.5	PAIRED	ftp.sra.ebi.ac.uk/vol1/fastq/ERR855/ERR855292/ERR855292_1.fastq.gz;ftp.sra.ebi.ac.uk/vol1/fastq/ERR855/ERR855292/ERR855292_2.fastq.gz	148285327;153247228	c039a01cebb646e19b022f1c88baeed2;53fb77454cda7755a4dfad7029b470ed
ERR855293	2	0.5	PAIRED	ftp.sra.ebi.ac.uk/vol1/fastq/ERR855/ERR855293/ERR855293_1.fastq.gz;ftp.sra.ebi.ac.uk/vol1/fastq/ERR855/ERR855293/ERR855293_2.fastq.gz	181658631;187451560	5449e649aa64006955b8e95ea7d98ec7;64a8a12d982fe7c6582fda149ebf4cbd
ERR855294	2	0.5	PAIRED	ftp.sra.ebi.ac.uk/vol1/fastq/ERR855/ERR855294/ERR855294_1.fastq.gz;ftp.sra.ebi.ac.uk/vol1/fastq/ERR855/ERR855294/ERR855294_2.fastq.gz	163571098;168445507	b35a6b7d57d5da3b21ef15a5899be487;37fcdd0849ddf81c8ec9815353aa6117
ERR855295	2	0.5	PAIRED	ftp.sra.ebi.ac.uk/vol1/fastq/ERR855/ERR855295/ERR855295_1.fastq.gz;ftp.sra.ebi.ac.uk/vol1/fastq/ERR855/ERR855295/ERR855295_2.fastq.gz	156342197;161995756	4434ff02b9c9cf053e2b1b1b85c1dd1a;026cbf567fb12c6cc6e61f5f67559b3e
ERR855296	2	1	PAIRED	ftp.sra.ebi.ac.uk/vol1/fastq/ERR855/ERR855296/ERR855296_1.fastq.gz;ftp.sra.ebi.ac.uk/vol1/fastq/ERR855/ERR855296/ERR855296_2.fastq.gz	170829627;177218230	cb3cda4b029e15c5e4bf284120015793;e42622adc3202a1e25d55b31e89d69ad
ERR855297	2	0.5	PAIRED	ftp.sra.ebi.ac.uk/vol1/fastq/ERR855/ERR855297/ERR855297_1.fastq.gz;ftp.sra.ebi.ac.uk/vol1/fastq/ERR855/ERR855297/ERR855297_2.fastq.gz	160349104;166080525	fa04dc4225e13ba0dc792f559ee5a9f4;8167e3eb26d377c3b73f0978cf4c98a0
ERR855298	2	0.5	PAIRED	ftp.sra.ebi.ac.uk/vol1/fastq/ERR855/ERR855298/ERR855298_1.fastq.gz;ftp.sra.ebi.ac.uk/vol1/fastq/ERR855/ERR855298/ERR855298_2.fastq.gz	154665831;159944201	f3fcf6af634d65fd8d77d9b85e91e76f;287306dc30fe40c42826755bfccd745b
ERR855299	2	0.5	PAIRED	ftp.sra.ebi.ac.uk/vol1/fastq/ERR855/ERR855299/ERR855299_1.fastq.gz;ftp.sra.ebi.ac.uk/vol1/fastq/ERR855/ERR855299/ERR855299_2.fastq.gz	157085801;162267097	eae041dc01ded319eb2fc664d4c102ea;810fb10e8af8233a13e35bb3c6a0365d
ERR855300	2	0.5	PAIRED	ftp.sra.ebi.ac.uk/vol1/fastq/ERR855/ERR855300/ERR855300_1.fastq.gz;ftp.sra.ebi.ac.uk/vol1/fastq/ERR855/ERR855300/ERR855300_2.fastq.gz	139467377;143678277	79c810e5a799f24aa6ba01a794a592c1;e980b2f100bc4967a64e25414e87b920
ERR855301	2	0.5	PAIRED	ftp.sra.ebi.ac.uk/vol1/fastq/ERR855/ERR855301/ERR855301_1.fastq.gz;ftp.sra.ebi.ac.uk/vol1/fastq/ERR855/ERR855301/ERR855301_2.fastq.gz	166200499;172424083	73d3d0bc0693e93c1ea190505e4eb636;bc240d36ecb1ee44511cc959af696f81
ERR855302	2	0.5	PAIRED	ftp.sra.ebi.ac.uk/vol1/fastq/ERR855/ERR855302/ERR855302_1.fastq.gz;ftp.sra.ebi.ac.uk/vol1/fastq/ERR855/ERR855302/ERR855302_2.fastq.gz	149819353;154855884	38af4bf12e4137cde892e75f71e3b153;c712d2ae170c4d888c54ef00a09312e6
ERR855303	2	0.5	PAIRED	ftp.sra.ebi.ac.uk/vol1/fastq/ERR855/ERR855303/ERR855303_1.fastq.gz;ftp.sra.ebi.ac.uk/vol1/fastq/ERR855/ERR855303/ERR855303_2.fastq.gz	158108743;163315575	f400816745c97fcb33b9b0a2f05f3b53;bfd01e771db803ce632038b6a6699211
ERR855304	2	0.5	PAIRED	ftp.sra.ebi.ac.uk/vol1/fastq/ERR855/ERR855304/ERR855304_1.fastq.gz;ftp.sra.ebi.ac.uk/vol1/fastq/ERR855/ERR855304/ERR855304_2.fastq.gz	149648864;155264691	e42ac59b4041ebf2ab5f1274bf71f7c7;ff9e854514c966d8e177f7e0d6fd165a
ERR855305	2	0.5	PAIRED	ftp.sra.ebi.ac.uk/vol1/fastq/ERR855/ERR855305/ERR855305_1.fastq.gz;ftp.sra.ebi.ac.uk/vol1/fastq/ERR855/ERR855305/ERR855305_2.fastq.gz	173940097;178872450	8492322e90f7d8568c22196b30beec84;d2eb37fbc7c7e44e1320a40af25ad5f2
ERR855306	2	0.5	PAIRED	ftp.sra.ebi.ac.uk/vol1/fastq/ERR855/ERR855306/ERR855306_1.fastq.gz;ftp.sra.ebi.ac.uk/vol1/fastq/ERR855/ERR855306/ERR855306_2.fastq.gz	150684145;156324890	667668fff80bbabd59db0faab5f92238;e9bca96a317899b171ecc92c106cd0be
ERR855307	2	0.5	PAIRED	ftp.sra.ebi.ac.uk/vol1/fastq/ERR855/ERR855307/ERR855307_1.fastq.gz;ftp.sra.ebi.ac.uk/vol1/fastq/ERR855/ERR855307/ERR855307_2.fastq.gz	144072471;150427664	ee44de88a45a2a1aad157ee82e145295;34df263836e5ddfcd847782312343856
ERR855308	2	0.5	PAIRED	ftp.sra.ebi.ac.uk/vol1/fastq/ERR855/ERR855308/ERR855308_1.fastq.gz;ftp.sra.ebi.ac.uk/vol1/fastq/ERR855/ERR855308/ERR855308_2.fastq.gz	139187586;144161680	834ea2166c5b953623888ae5f2c82800;344af65dbe7114d896b9b8a147b91ea0
ERR855309	2	0.5	PAIRED	ftp.sra.ebi.ac.uk/vol1/fastq/ERR855/ERR855309/ERR855309_1.fastq.gz;ftp.sra.ebi.ac.uk/vol1/fastq/ERR855/ERR855309/ERR855309_2.fastq.gz	154939457;160076237	21a5a2fc68eaeadf8eecea038edc0da5;c0f132dbcf2051234dad87bd27b8c3fe
ERR855310	2	0.5	PAIRED	ftp.sra.ebi.ac.uk/vol1/fastq/ERR855/ERR855310/ERR855310_1.fastq.gz;ftp.sra.ebi.ac.uk/vol1/fastq/ERR855/ERR855310/ERR855310_2.fastq.gz	146431962;150775975	030ead8f63fbdd9b8fd78c05516eb8dd;e97f73a14169ffc6f9a56f393bc09251
ERR855311	2	0.5	PAIRED	ftp.sra.ebi.ac.uk/vol1/fastq/ERR855/ERR855311/ERR855311_1.fastq.gz;ftp.sra.ebi.ac.uk/vol1/fastq/ERR855/ERR855311/ERR855311_2.fastq.gz	144466128;149136270	a9bb3d1a3e2b10c729c5741f286e94db;bfdf049315654244c7e3754fad3661ea
ERR855312	2	0.5	PAIRED	ftp.sra.ebi.ac.uk/vol1/fastq/ERR855/ERR855312/ERR855312_1.fastq.gz;ftp.sra.ebi.ac.uk/vol1/fastq/ERR855/ERR855312/ERR855312_2.fastq.gz	157402609;162942649	683f07551f9c3b9277aa8599873f36bb;91b6b6da8da8aa3b466868a71dde7da4
ERR855313	2	0.5	PAIRED	ftp.sra.ebi.ac.uk/vol1/fastq/ERR855/ERR855313/ERR855313_1.fastq.gz;ftp.sra.ebi.ac.uk/vol1/fastq/ERR855/ERR855313/ERR855313_2.fastq.gz	170689561;176317866	5526854ff1c64736b71c7a157375cbca;2788e898d435c452b0a665ceda9a30dc
ERR855314	2	0.5	PAIRED	ftp.sra.ebi.ac.uk/vol1/fastq/ERR855/ERR855314/ERR855314_1.fastq.gz;ftp.sra.ebi.ac.uk/vol1/fastq/ERR855/ERR855314/ERR855314_2.fastq.gz	164390284;170465162	c54c897d7e73befcffe9ea5db4181473;90718d617acdafe1814862238caa592c
ERR855315	2	0.5	PAIRED	ftp.sra.ebi.ac.uk/vol1/fastq/ERR855/ERR855315/ERR855315_1.fastq.gz;ftp.sra.ebi.ac.uk/vol1/fastq/ERR855/ERR855315/ERR855315_2.fastq.gz	151439300;156219971	facc4a74c6d26536125ea4002d51d040;cee01fcd6653ce72c818cd9bd3415a80
ERR855316	2	0.5	PAIRED	ftp.sra.ebi.ac.uk/vol1/fastq/ERR855/ERR855316/ERR855316_1.fastq.gz;ftp.sra.ebi.ac.uk/vol1/fastq/ERR855/ERR855316/ERR855316_2.fastq.gz	150742686;155117636	cdb51aa5708d968d8a500b1db13d0a0e;6b54748ee74d474267b3f43e22237445
ERR855317	2	1	PAIRED	ftp.sra.ebi.ac.uk/vol1/fastq/ERR855/ERR855317/ERR855317_1.fastq.gz;ftp.sra.ebi.ac.uk/vol1/fastq/ERR855/ERR855317/ERR855317_2.fastq.gz	144509661;149307321	94f6d3c905ea4c7a4877b7ba70b0bd7f;fdea0d5713d4ba1456bccea05c251ea2
ERR855318	2	0.5	PAIRED	ftp.sra.ebi.ac.uk/vol1/fastq/ERR855/ERR855318/ERR855318_1.fastq.gz;ftp.sra.ebi.ac.uk/vol1/fastq/ERR855/ERR855318/ERR855318_2.fastq.gz	140500847;144864615	b8919bc1155685832a56b4e20b8a031d;4dfe2c3f67cd0abd9481d9cfc6d9b4cd
ERR855319	2	0.5	PAIRED	ftp.sra.ebi.ac.uk/vol1/fastq/ERR855/ERR855319/ERR855319_1.fastq.gz;ftp.sra.ebi.ac.uk/vol1/fastq/ERR855/ERR855319/ERR855319_2.fastq.gz	135274099;140112999	09c9cb9b1529036da0c15e81046aa61f;498b1d6086bd66827e6dece0a451e8f0
ERR855320	2	1	PAIRED	ftp.sra.ebi.ac.uk/vol1/fastq/ERR855/ERR855320/ERR855320_1.fastq.gz;ftp.sra.ebi.ac.uk/vol1/fastq/ERR855/ERR855320/ERR855320_2.fastq.gz	150478911;155601552	6d807ab02abb72a40e2a02af70850a49;5c55236adfe6295d72c149f7a5236edd
ERR855321	2	0.5	PAIRED	ftp.sra.ebi.ac.uk/vol1/fastq/ERR855/ERR855321/ERR855321_1.fastq.gz;ftp.sra.ebi.ac.uk/vol1/fastq/ERR855/ERR855321/ERR855321_2.fastq.gz	153160451;158691850	441f3ed8757062276a910819a4179d9f;cb537158d7d2c79eee984981f32acf92
ERR855322	2	0.5	PAIRED	ftp.sra.ebi.ac.uk/vol1/fastq/ERR855/ERR855322/ERR855322_1.fastq.gz;ftp.sra.ebi.ac.uk/vol1/fastq/ERR855/ERR855322/ERR855322_2.fastq.gz	148615978;153956803	96ae6a43238a7ad6fb9e1916a215bad0;cb71abf6bee07d1ae6cd4744966d461a
ERR855323	2	0.5	PAIRED	ftp.sra.ebi.ac.uk/vol1/fastq/ERR855/ERR855323/ERR855323_1.fastq.gz;ftp.sra.ebi.ac.uk/vol1/fastq/ERR855/ERR855323/ERR855323_2.fastq.gz	161464740;166390947	27636891a83853b0892bf1117ffe2872;95856e158a27af47da54167d47840b0f
ERR855326	2	1	PAIRED	ftp.sra.ebi.ac.uk/vol1/fastq/ERR855/ERR855326/ERR855326_1.fastq.gz;ftp.sra.ebi.ac.uk/vol1/fastq/ERR855/ERR855326/ERR855326_2.fastq.gz	130877765;135291661	a1d1f1d9c11e229fd2cefc12a36135f5;cb6fe6b1ea5d9107556f777bd5f56e69
ERR855327	2	0.5	PAIRED	ftp.sra.ebi.ac.uk/vol1/fastq/ERR855/ERR855327/ERR855327_1.fastq.gz;ftp.sra.ebi.ac.uk/vol1/fastq/ERR855/ERR855327/ERR855327_2.fastq.gz	126817584;133590046	2acef9a6817d0778a35125e121ddbf94;53a66dd392edd7ea316dc1b68de202f2
ERR855328	2	0.5	PAIRED	ftp.sra.ebi.ac.uk/vol1/fastq/ERR855/ERR855328/ERR855328_1.fastq.gz;ftp.sra.ebi.ac.uk/vol1/fastq/ERR855/ERR855328/ERR855328_2.fastq.gz	144008139;148935724	56e0d4170416c0669d6103cf61a6d692;d31f0174dd3792ae30bbe49b6906c740
ERR855329	2	0.5	PAIRED	ftp.sra.ebi.ac.uk/vol1/fastq/ERR855/ERR855329/ERR855329_1.fastq.gz;ftp.sra.ebi.ac.uk/vol1/fastq/ERR855/ERR855329/ERR855329_2.fastq.gz	165387348;170563817	f029cb2c432dc0a7d02a73ae02e9f798;63cf2ce9808cedd7fdd32ddee55db771
ERR855330	2	0.5	PAIRED	ftp.sra.ebi.ac.uk/vol1/fastq/ERR855/ERR855330/ERR855330_1.fastq.gz;ftp.sra.ebi.ac.uk/vol1/fastq/ERR855/ERR855330/ERR855330_2.fastq.gz	140229237;145107026	1b0304a124f9d1df1a43a9977a860d4c;c1fe95b1e748b5c123e0f865be83df4c
ERR855331	2	1	PAIRED	ftp.sra.ebi.ac.uk/vol1/fastq/ERR855/ERR855331/ERR855331_1.fastq.gz;ftp.sra.ebi.ac.uk/vol1/fastq/ERR855/ERR855331/ERR855331_2.fastq.gz	145586951;150861196	5cd7c743e7b23597afe5062eade5f39b;263713f6c35f0d6ed16b5966bbf37019
ERR855332	2	1	PAIRED	ftp.sra.ebi.ac.uk/vol1/fastq/ERR855/ERR855332/ERR855332_1.fastq.gz;ftp.sra.ebi.ac.uk/vol1/fastq/ERR855/ERR855332/ERR855332_2.fastq.gz	125764141;130082778	3c7c5f0a47831b0269b9d2a9003a83d2;50003367bbccfa5a2897e12be2d34271
ERR855333	2	0.5	PAIRED	ftp.sra.ebi.ac.uk/vol1/fastq/ERR855/ERR855333/ERR855333_1.fastq.gz;ftp.sra.ebi.ac.uk/vol1/fastq/ERR855/ERR855333/ERR855333_2.fastq.gz	148806753;155215163	df1fa52871f4fcad17aaf1ab5433f574;43e29839944d6ec23b9625eadd5ea656
ERR855334	2	0.5	PAIRED	ftp.sra.ebi.ac.uk/vol1/fastq/ERR855/ERR855334/ERR855334_1.fastq.gz;ftp.sra.ebi.ac.uk/vol1/fastq/ERR855/ERR855334/ERR855334_2.fastq.gz	154588045;159246110	3b904aa42914593a05352fe05370bbab;e5702ddef503637751cb6be707317cef
ERR855335	2	1	PAIRED	ftp.sra.ebi.ac.uk/vol1/fastq/ERR855/ERR855335/ERR855335_1.fastq.gz;ftp.sra.ebi.ac.uk/vol1/fastq/ERR855/ERR855335/ERR855335_2.fastq.gz	130600875;134871091	2416bbf169ebe117499ab6b0b805c314;dbe292fd5c74a8e98252a071eb798b16
ERR855336	2	0.5	PAIRED	ftp.sra.ebi.ac.uk/vol1/fastq/ERR855/ERR855336/ERR855336_1.fastq.gz;ftp.sra.ebi.ac.uk/vol1/fastq/ERR855/ERR855336/ERR855336_2.fastq.gz	132154873;136142615	13b9342d4a5ad85d3755e2b2b00f3364;109a0051c9b67f7bb36c17b2a873991e
ERR855337	2	0.5	PAIRED	ftp.sra.ebi.ac.uk/vol1/fastq/ERR855/ERR855337/ERR855337_1.fastq.gz;ftp.sra.ebi.ac.uk/vol1/fastq/ERR855/ERR855337/ERR855337_2.fastq.gz	143402969;148531712	982f01bab29e125b65122c3716ac68c9;515c4cb5a4bee2bbdae2203c0068c7b0
ERR855338	2	0.5	PAIRED	ftp.sra.ebi.ac.uk/vol1/fastq/ERR855/ERR855338/ERR855338_1.fastq.gz;ftp.sra.ebi.ac.uk/vol1/fastq/ERR855/ERR855338/ERR855338_2.fastq.gz	138509415;143268542	c82fa7c6c926d854879842a5258df195;5746e5578c3f96945b49b8b6c070b214
ERR855339	2	0.5	PAIRED	ftp.sra.ebi.ac.uk/vol1/fastq/ERR855/ERR855339/ERR855339_1.fastq.gz;ftp.sra.ebi.ac.uk/vol1/fastq/ERR855/ERR855339/ERR855339_2.fastq.gz	141274396;146108247	f159171c2d16c0ff7219a923ae8a09df;f6585711aad2127d098aea894d79daef
ERR855340	2	0.5	PAIRED	ftp.sra.ebi.ac.uk/vol1/fastq/ERR855/ERR855340/ERR855340_1.fastq.gz;ftp.sra.ebi.ac.uk/vol1/fastq/ERR855/ERR855340/ERR855340_2.fastq.gz	144080091;148871394	7acf3a4a4424847e41da77aab15f5741;68e1546b00ec4738bd0fcfb9578c0c46
ERR855341	2	0.5	PAIRED	ftp.sra.ebi.ac.uk/vol1/fastq/ERR855/ERR855341/ERR855341_1.fastq.gz;ftp.sra.ebi.ac.uk/vol1/fastq/ERR855/ERR855341/ERR855341_2.fastq.gz	167041881;172967107	42f007571e8992dc626f6e6020f0e7fb;d36c4d01660c5b318afaa222cbe03892
ERR855342	2	0.5	PAIRED	ftp.sra.ebi.ac.uk/vol1/fastq/ERR855/ERR855342/ERR855342_1.fastq.gz;ftp.sra.ebi.ac.uk/vol1/fastq/ERR855/ERR855342/ERR855342_2.fastq.gz	170356077;176519703	c77f3260a81de1085646a752858eab78;d76313870afd0056f2b276d2114b84f1
ERR855343	2	0.25	PAIRED	ftp.sra.ebi.ac.uk/vol1/fastq/ERR855/ERR855343/ERR855343_1.fastq.gz;ftp.sra.ebi.ac.uk/vol1/fastq/ERR855/ERR855343/ERR855343_2.fastq.gz	154667070;160036552	8a69a94471384173a6ecc4365372a96f;9f31039321bdbfce01b9f8f89e96d6a4
ERR855344	2	1	PAIRED	ftp.sra.ebi.ac.uk/vol1/fastq/ERR855/ERR855344/ERR855344_1.fastq.gz;ftp.sra.ebi.ac.uk/vol1/fastq/ERR855/ERR855344/ERR855344_2.fastq.gz	157191907;162784336	d3273158885201bccc990b6884f8c64a;b180fd965514a85ecc6b86b5008a2618
ERR855346	2	0.5	PAIRED	ftp.sra.ebi.ac.uk/vol1/fastq/ERR855/ERR855346/ERR855346_1.fastq.gz;ftp.sra.ebi.ac.uk/vol1/fastq/ERR855/ERR855346/ERR855346_2.fastq.gz	176992490;182760234	ff99a73926ff215eaf6bdbf4f9539d7f;78a17ec25b08046d035f1f999a8880fc
ERR855347	2	0.5	PAIRED	ftp.sra.ebi.ac.uk/vol1/fastq/ERR855/ERR855347/ERR855347_1.fastq.gz;ftp.sra.ebi.ac.uk/vol1/fastq/ERR855/ERR855347/ERR855347_2.fastq.gz	171961471;177430779	e94f9ff6f4f520cad26bee888656291d;e25676fa7b30e4029ede61244589b76d
ERR855348	2	2	PAIRED	ftp.sra.ebi.ac.uk/vol1/fastq/ERR855/ERR855348/ERR855348_1.fastq.gz;ftp.sra.ebi.ac.uk/vol1/fastq/ERR855/ERR855348/ERR855348_2.fastq.gz	178214243;183800526	ae7a24f4a6af9cc9c57ab36392c19bd5;29ae7f853ef890bf3407633c516811b5
ERR855349	2	8	PAIRED	ftp.sra.ebi.ac.uk/vol1/fastq/ERR855/ERR855349/ERR855349_1.fastq.gz;ftp.sra.ebi.ac.uk/vol1/fastq/ERR855/ERR855349/ERR855349_2.fastq.gz	172207177;177967030	74b1e85590da56e1dd96e40da6b434c0;d8628842caaf9016552554846aafaade
ERR855350	2	4	PAIRED	ftp.sra.ebi.ac.uk/vol1/fastq/ERR855/ERR855350/ERR855350_1.fastq.gz;ftp.sra.ebi.ac.uk/vol1/fastq/ERR855/ERR855350/ERR855350_2.fastq.gz	165334067;171185622	f9a69822e7f975e3d5eb18077b46785c;d4774425cf94f98f3bca676402897e07
ERR855351	2	2	PAIRED	ftp.sra.ebi.ac.uk/vol1/fastq/ERR855/ERR855351/ERR855351_1.fastq.gz;ftp.sra.ebi.ac.uk/vol1/fastq/ERR855/ERR855351/ERR855351_2.fastq.gz	167870902;173719997	cda7a57b208b0476dbbc99b3d9749b1b;b47672b24d8182379ef179ef0c8fe455
ERR855352	2	8	PAIRED	ftp.sra.ebi.ac.uk/vol1/fastq/ERR855/ERR855352/ERR855352_1.fastq.gz;ftp.sra.ebi.ac.uk/vol1/fastq/ERR855/ERR855352/ERR855352_2.fastq.gz	184921967;191580972	058a8f6458728e5f813462165f55fe79;9a343abeab3da1c3a9ade5b7ccb349d1
ERR855353	2	4	PAIRED	ftp.sra.ebi.ac.uk/vol1/fastq/ERR855/ERR855353/ERR855353_1.fastq.gz;ftp.sra.ebi.ac.uk/vol1/fastq/ERR855/ERR855353/ERR855353_2.fastq.gz	177069064;182625091	4afa4e885376aaa1de9e41674bbd8275;8c47bec8947ddf5d5c8b78d49ff8f323
ERR855354	2	2	PAIRED	ftp.sra.ebi.ac.uk/vol1/fastq/ERR855/ERR855354/ERR855354_1.fastq.gz;ftp.sra.ebi.ac.uk/vol1/fastq/ERR855/ERR855354/ERR855354_2.fastq.gz	185493357;191261107	bb8770d1f7b82ea6facd544a59012110;ba99ff571526ee99e5e72cbd7a7333cd
ERR855355	2	2	PAIRED	ftp.sra.ebi.ac.uk/vol1/fastq/ERR855/ERR855355/ERR855355_1.fastq.gz;ftp.sra.ebi.ac.uk/vol1/fastq/ERR855/ERR855355/ERR855355_2.fastq.gz	181263745;187613385	969d98bd54be9b5b5b96b50627c4881c;f60dcb8b7a29e2af36d9165f93d05fb0
ERR855356	2	8	PAIRED	ftp.sra.ebi.ac.uk/vol1/fastq/ERR855/ERR855356/ERR855356_1.fastq.gz;ftp.sra.ebi.ac.uk/vol1/fastq/ERR855/ERR855356/ERR855356_2.fastq.gz	187007905;192540007	2d222fe7b0fbc156d34eaae863df8b0d;8a69eb69268ca5ceba54cec332f65dc8
ERR855357	2	>=32	PAIRED	ftp.sra.ebi.ac.uk/vol1/fastq/ERR855/ERR855357/ERR855357_1.fastq.gz;ftp.sra.ebi.ac.uk/vol1/fastq/ERR855/ERR855357/ERR855357_2.fastq.gz	175686716;180901818	7953d0dbdbb707bf0b6ad4d72eaae533;9046bddc4ad5f882368edfa4b1bbae51
ERR855358	2	2	PAIRED	ftp.sra.ebi.ac.uk/vol1/fastq/ERR855/ERR855358/ERR855358_1.fastq.gz;ftp.sra.ebi.ac.uk/vol1/fastq/ERR855/ERR855358/ERR855358_2.fastq.gz	181590036;187206013	435872b4d372acf7c75043abea3f48b4;3fadf4a1e6c1feecd0057ea63010dbf9
ERR855359	2	16	PAIRED	ftp.sra.ebi.ac.uk/vol1/fastq/ERR855/ERR855359/ERR855359_1.fastq.gz;ftp.sra.ebi.ac.uk/vol1/fastq/ERR855/ERR855359/ERR855359_2.fastq.gz	172737175;178309967	8ce4f2502315e4e41c8f53296b3c12ef;783ff144a65ef0670c4b0e0e4d88bbd9
ERR855360	2	2	PAIRED	ftp.sra.ebi.ac.uk/vol1/fastq/ERR855/ERR855360/ERR855360_1.fastq.gz;ftp.sra.ebi.ac.uk/vol1/fastq/ERR855/ERR855360/ERR855360_2.fastq.gz	179627732;185282554	eae109160be9ce09712bf3c15a4b8d1a;496a527acaedf2db5eb781d6d6658c8b
ERR855362	2	16	PAIRED	ftp.sra.ebi.ac.uk/vol1/fastq/ERR855/ERR855362/ERR855362_1.fastq.gz;ftp.sra.ebi.ac.uk/vol1/fastq/ERR855/ERR855362/ERR855362_2.fastq.gz	178447240;184530641	b3390db32be30bb96268ed68ffda0173;0392e80b63d6b7a1dd0bc4c986588d1b
ERR855363	2	2	PAIRED	ftp.sra.ebi.ac.uk/vol1/fastq/ERR855/ERR855363/ERR855363_1.fastq.gz;ftp.sra.ebi.ac.uk/vol1/fastq/ERR855/ERR855363/ERR855363_2.fastq.gz	167947355;173535131	8784ba0a98772c9c271d17a5d2a9394a;41db2ded02f8816bd24225c15e3487f4
ERR855364	2	2	PAIRED	ftp.sra.ebi.ac.uk/vol1/fastq/ERR855/ERR855364/ERR855364_1.fastq.gz;ftp.sra.ebi.ac.uk/vol1/fastq/ERR855/ERR855364/ERR855364_2.fastq.gz	176515144;181602260	cb562c5ed6376755e88c92df486685e6;556ead1123d8e90f640614359e5cc786
ERR855365	2	16	PAIRED	ftp.sra.ebi.ac.uk/vol1/fastq/ERR855/ERR855365/ERR855365_1.fastq.gz;ftp.sra.ebi.ac.uk/vol1/fastq/ERR855/ERR855365/ERR855365_2.fastq.gz	162619339;167374444	18960eb0ef7cb777574008fbe7dae438;61632e2cde5af027b884409316191ffe
ERR855366	2	4	PAIRED	ftp.sra.ebi.ac.uk/vol1/fastq/ERR855/ERR855366/ERR855366_1.fastq.gz;ftp.sra.ebi.ac.uk/vol1/fastq/ERR855/ERR855366/ERR855366_2.fastq.gz	160918881;166238192	a9b9bee415cd2c849fe0df4b7ed66edf;9e434b49fd976fc653fc7fe03b5c089a
ERR855367	2	2	PAIRED	ftp.sra.ebi.ac.uk/vol1/fastq/ERR855/ERR855367/ERR855367_1.fastq.gz;ftp.sra.ebi.ac.uk/vol1/fastq/ERR855/ERR855367/ERR855367_2.fastq.gz	169434049;174613845	aca48a3ab3f07e8d9ed75467d0574c99;cec434d5a080b25b314af51286f92701
ERR855368	2	2	PAIRED	ftp.sra.ebi.ac.uk/vol1/fastq/ERR855/ERR855368/ERR855368_1.fastq.gz;ftp.sra.ebi.ac.uk/vol1/fastq/ERR855/ERR855368/ERR855368_2.fastq.gz	164712321;170755954	4b9e2296457ae25cc7b1a87dacb897a5;40f8808e690184ae3f064e9cab97359d
ERR855369	2	2	PAIRED	ftp.sra.ebi.ac.uk/vol1/fastq/ERR855/ERR855369/ERR855369_1.fastq.gz;ftp.sra.ebi.ac.uk/vol1/fastq/ERR855/ERR855369/ERR855369_2.fastq.gz	168254876;174186577	d5ce6396a9d4b0d44599a116e86ec682;7b686c223abbadc064542902b1a8c7e7
ERR855370	2	2	PAIRED	ftp.sra.ebi.ac.uk/vol1/fastq/ERR855/ERR855370/ERR855370_1.fastq.gz;ftp.sra.ebi.ac.uk/vol1/fastq/ERR855/ERR855370/ERR855370_2.fastq.gz	173645971;179427771	3a0c29e43e345ecd7e6430ed57a2cc60;5fa056f871e48acf60ba378489cf2612
ERR855371	2	2	PAIRED	ftp.sra.ebi.ac.uk/vol1/fastq/ERR855/ERR855371/ERR855371_1.fastq.gz;ftp.sra.ebi.ac.uk/vol1/fastq/ERR855/ERR855371/ERR855371_2.fastq.gz	170608340;176984477	b673424cf60d5ba23ff26d9924a3ff8e;8d58381f217d7e8b6286223bae53d7d9
ERR855372	2	8	PAIRED	ftp.sra.ebi.ac.uk/vol1/fastq/ERR855/ERR855372/ERR855372_1.fastq.gz;ftp.sra.ebi.ac.uk/vol1/fastq/ERR855/ERR855372/ERR855372_2.fastq.gz	177394486;183105587	91ea241addd7904d7f0a403a3edcc238;2c122ae06b5a9619880c6ab436353507
ERR855373	2	8	PAIRED	ftp.sra.ebi.ac.uk/vol1/fastq/ERR855/ERR855373/ERR855373_1.fastq.gz;ftp.sra.ebi.ac.uk/vol1/fastq/ERR855/ERR855373/ERR855373_2.fastq.gz	155472978;159907636	730c105562f1622e6a49cfb258934eaf;1260e5bbed6567684476279e6933a10e
ERR855374	2	2	PAIRED	ftp.sra.ebi.ac.uk/vol1/fastq/ERR855/ERR855374/ERR855374_1.fastq.gz;ftp.sra.ebi.ac.uk/vol1/fastq/ERR855/ERR855374/ERR855374_2.fastq.gz	152473079;157260071	fd4e5dc61e01854899aae488a7af2b81;c89e7bf589edb8bb89daa97493e32474
ERR855375	2	2	PAIRED	ftp.sra.ebi.ac.uk/vol1/fastq/ERR855/ERR855375/ERR855375_1.fastq.gz;ftp.sra.ebi.ac.uk/vol1/fastq/ERR855/ERR855375/ERR855375_2.fastq.gz	169384614;175212774	47e33acf0169ab00cecab5b678726f4c;1e454a7114647a7e7aa1d18097f1d0e0
ERR855376	2	2	PAIRED	ftp.sra.ebi.ac.uk/vol1/fastq/ERR855/ERR855376/ERR855376_1.fastq.gz;ftp.sra.ebi.ac.uk/vol1/fastq/ERR855/ERR855376/ERR855376_2.fastq.gz	162230670;167384165	79102cdb3519b3db4874a8ac4f73bdbc;57a6af91d74ed5caae3e957ab6884cc9
ERR855377	2	2	PAIRED	ftp.sra.ebi.ac.uk/vol1/fastq/ERR855/ERR855377/ERR855377_1.fastq.gz;ftp.sra.ebi.ac.uk/vol1/fastq/ERR855/ERR855377/ERR855377_2.fastq.gz	160879142;167220548	8ce3e6a285910032521f7061aae1ebe3;344f40497f8dc6c28d796edd0e79b9d5
ERR855378	2	2	PAIRED	ftp.sra.ebi.ac.uk/vol1/fastq/ERR855/ERR855378/ERR855378_1.fastq.gz;ftp.sra.ebi.ac.uk/vol1/fastq/ERR855/ERR855378/ERR855378_2.fastq.gz	186352507;192528883	fd4b36cfce44d27da568cc7e5fdc680e;a66e8dce87efd500d81f8040fe7548e8
ERR855379	2	2	PAIRED	ftp.sra.ebi.ac.uk/vol1/fastq/ERR855/ERR855379/ERR855379_1.fastq.gz;ftp.sra.ebi.ac.uk/vol1/fastq/ERR855/ERR855379/ERR855379_2.fastq.gz	158494573;163973420	a983b829c1688fd797bce49c2d79bda1;a0267f8280a50d9592968694d37ac4bc
ERR855380	2	2	PAIRED	ftp.sra.ebi.ac.uk/vol1/fastq/ERR855/ERR855380/ERR855380_1.fastq.gz;ftp.sra.ebi.ac.uk/vol1/fastq/ERR855/ERR855380/ERR855380_2.fastq.gz	170134362;175560625	bee25cdab15ac406e96da337c8e77f59;1707a48bc9c0d0134ae61380dd3d7db1
ERR855381	2	8	PAIRED	ftp.sra.ebi.ac.uk/vol1/fastq/ERR855/ERR855381/ERR855381_1.fastq.gz;ftp.sra.ebi.ac.uk/vol1/fastq/ERR855/ERR855381/ERR855381_2.fastq.gz	158266516;163311346	092e31aa7e63ff90cae9cb52352b0ee3;cb25e1959915e896d59251eb09f44f34
ERR855382	2	2	PAIRED	ftp.sra.ebi.ac.uk/vol1/fastq/ERR855/ERR855382/ERR855382_1.fastq.gz;ftp.sra.ebi.ac.uk/vol1/fastq/ERR855/ERR855382/ERR855382_2.fastq.gz	159272871;164743915	e03adee4b92f187b6466e0e080336e1b;4eac6ba8bbccc57ef03add392adbd9ca
ERR855383	2	2	PAIRED	ftp.sra.ebi.ac.uk/vol1/fastq/ERR855/ERR855383/ERR855383_1.fastq.gz;ftp.sra.ebi.ac.uk/vol1/fastq/ERR855/ERR855383/ERR855383_2.fastq.gz	158510270;164050348	f0572fe746084b5cb941e6b0d439a4d8;edd7ce6301dfb1c831e7cf352cedd826
ERR855384	2	2	PAIRED	ftp.sra.ebi.ac.uk/vol1/fastq/ERR855/ERR855384/ERR855384_1.fastq.gz;ftp.sra.ebi.ac.uk/vol1/fastq/ERR855/ERR855384/ERR855384_2.fastq.gz	166569976;171430083	70459d1dd7ad8095f0be962cbec394ec;09870783b6a15bf09484b1069d38568a
ERR855385	2	2	PAIRED	ftp.sra.ebi.ac.uk/vol1/fastq/ERR855/ERR855385/ERR855385_1.fastq.gz;ftp.sra.ebi.ac.uk/vol1/fastq/ERR855/ERR855385/ERR855385_2.fastq.gz	162489688;167641546	d3fe621dc6d63a0209d77134394bd04d;0ffb0c876a82cb1ed4f51ba4f1fa7212
ERR855386	2	1	PAIRED	ftp.sra.ebi.ac.uk/vol1/fastq/ERR855/ERR855386/ERR855386_1.fastq.gz;ftp.sra.ebi.ac.uk/vol1/fastq/ERR855/ERR855386/ERR855386_2.fastq.gz	158447766;163326000	2f0e2bddb38c506f8b78f3c5df47c52f;656c72d5313f706c6c5b1cb4fcd26077
ERR855387	2	16	PAIRED	ftp.sra.ebi.ac.uk/vol1/fastq/ERR855/ERR855387/ERR855387_1.fastq.gz;ftp.sra.ebi.ac.uk/vol1/fastq/ERR855/ERR855387/ERR855387_2.fastq.gz	154776876;159990627	51eea876c686a86daee5efa57b9ce8e0;5a11bda0eeade30b6bfbc84f12d925af
ERR855388	2	2	PAIRED	ftp.sra.ebi.ac.uk/vol1/fastq/ERR855/ERR855388/ERR855388_1.fastq.gz;ftp.sra.ebi.ac.uk/vol1/fastq/ERR855/ERR855388/ERR855388_2.fastq.gz	173437775;178604379	b53c6fa459b45a1f0109ab39898e5586;86e9ab768f8a5c96f822ad4a145f3098
ERR855389	2	2	PAIRED	ftp.sra.ebi.ac.uk/vol1/fastq/ERR855/ERR855389/ERR855389_1.fastq.gz;ftp.sra.ebi.ac.uk/vol1/fastq/ERR855/ERR855389/ERR855389_2.fastq.gz	155877147;160786318	14e69c6a23f33f3332e5f9587ec23763;f266d1167c4318d1dbdae893727817bb
ERR855390	2	8	PAIRED	ftp.sra.ebi.ac.uk/vol1/fastq/ERR855/ERR855390/ERR855390_1.fastq.gz;ftp.sra.ebi.ac.uk/vol1/fastq/ERR855/ERR855390/ERR855390_2.fastq.gz	156524878;161551120	308ee05b7890d31c7426a88168e5feb8;b4e6c7c12fc4f180a1f505bde5e26eb7
ERR855391	2	8	PAIRED	ftp.sra.ebi.ac.uk/vol1/fastq/ERR855/ERR855391/ERR855391_1.fastq.gz;ftp.sra.ebi.ac.uk/vol1/fastq/ERR855/ERR855391/ERR855391_2.fastq.gz	163359708;168180858	8a2eaa4558c13c39adb6d7eff847d8b4;a8049dc794ef34b160c35f3faa23c67b
ERR855392	2	2	PAIRED	ftp.sra.ebi.ac.uk/vol1/fastq/ERR855/ERR855392/ERR855392_1.fastq.gz;ftp.sra.ebi.ac.uk/vol1/fastq/ERR855/ERR855392/ERR855392_2.fastq.gz	168433210;173641131	9bef859bdccdb89cf1be43df321a8d9c;acbc7b41d96b91e60b3c0df13dc065d3
ERR855393	2	2	PAIRED	ftp.sra.ebi.ac.uk/vol1/fastq/ERR855/ERR855393/ERR855393_1.fastq.gz;ftp.sra.ebi.ac.uk/vol1/fastq/ERR855/ERR855393/ERR855393_2.fastq.gz	160618280;166238256	5e873722586a5d56f5ea899ccee500b9;72d6aadcf5bf662dda2d848961d203a2
ERR855394	2	16	PAIRED	ftp.sra.ebi.ac.uk/vol1/fastq/ERR855/ERR855394/ERR855394_1.fastq.gz;ftp.sra.ebi.ac.uk/vol1/fastq/ERR855/ERR855394/ERR855394_2.fastq.gz	164720578;169705526	9b91aedd9db2c1a6affc094e3fc4c0c4;94ef34bbe613b0a5491a96658da19553
ERR855395	2	2	PAIRED	ftp.sra.ebi.ac.uk/vol1/fastq/ERR855/ERR855395/ERR855395_1.fastq.gz;ftp.sra.ebi.ac.uk/vol1/fastq/ERR855/ERR855395/ERR855395_2.fastq.gz	157847474;163121648	4d0c1f365520e0410de6b750f767bd3c;08dc53b2d2fc678072cd191cc8809a18
ERR855396	2	8	PAIRED	ftp.sra.ebi.ac.uk/vol1/fastq/ERR855/ERR855396/ERR855396_1.fastq.gz;ftp.sra.ebi.ac.uk/vol1/fastq/ERR855/ERR855396/ERR855396_2.fastq.gz	170111733;176745057	3c2d1b1bd66794cb0bdbddce5789c18a;afea310c1250ae6a233a0aac517018ee
ERR855397	2	2	PAIRED	ftp.sra.ebi.ac.uk/vol1/fastq/ERR855/ERR855397/ERR855397_1.fastq.gz;ftp.sra.ebi.ac.uk/vol1/fastq/ERR855/ERR855397/ERR855397_2.fastq.gz	169810529;175457958	bf6d58b383f7dd6b2660546d0054db7e;1d5f0f6e00818b89332a47843a3422e3
ERR855398	2	16	PAIRED	ftp.sra.ebi.ac.uk/vol1/fastq/ERR855/ERR855398/ERR855398_1.fastq.gz;ftp.sra.ebi.ac.uk/vol1/fastq/ERR855/ERR855398/ERR855398_2.fastq.gz	153961461;158558603	bb4bc14fadac26e143ad2a96c2694bba;898d48d650ee90ff43087babadc3a235
ERR855399	2	0.5	PAIRED	ftp.sra.ebi.ac.uk/vol1/fastq/ERR855/ERR855399/ERR855399_1.fastq.gz;ftp.sra.ebi.ac.uk/vol1/fastq/ERR855/ERR855399/ERR855399_2.fastq.gz	163406823;168444177	671368773d23b44b826938789648584f;e5afeba65cca089bbd7a8862494c3ac0
ERR855400	2	1	PAIRED	ftp.sra.ebi.ac.uk/vol1/fastq/ERR855/ERR855400/ERR855400_1.fastq.gz;ftp.sra.ebi.ac.uk/vol1/fastq/ERR855/ERR855400/ERR855400_2.fastq.gz	160615214;165606079	b4b3c40b467d8569ec8d26382a106dbb;b5e7cb742e8ced489faf6fa75981c70d
ERR855401	2	0.5	PAIRED	ftp.sra.ebi.ac.uk/vol1/fastq/ERR855/ERR855401/ERR855401_1.fastq.gz;ftp.sra.ebi.ac.uk/vol1/fastq/ERR855/ERR855401/ERR855401_2.fastq.gz	156819268;162450002	c6a80da8ff4b1fbb098fe08f18f26adc;128fd7b8246b7820061d4dc132917ead
ERR855402	2	0.25	PAIRED	ftp.sra.ebi.ac.uk/vol1/fastq/ERR855/ERR855402/ERR855402_1.fastq.gz;ftp.sra.ebi.ac.uk/vol1/fastq/ERR855/ERR855402/ERR855402_2.fastq.gz	160790425;167359550	352249f1fa0bcc87d3444a54b825607f;40189a87d25b30fa2036b69cb0966cac
ERR855403	2	0.5	PAIRED	ftp.sra.ebi.ac.uk/vol1/fastq/ERR855/ERR855403/ERR855403_1.fastq.gz;ftp.sra.ebi.ac.uk/vol1/fastq/ERR855/ERR855403/ERR855403_2.fastq.gz	158853575;164140524	ea19b76540ae0c057a49eb3161cf69a3;5c2de5eca47e9c2967112119ee3d0044
ERR855404	2	0.5	PAIRED	ftp.sra.ebi.ac.uk/vol1/fastq/ERR855/ERR855404/ERR855404_1.fastq.gz;ftp.sra.ebi.ac.uk/vol1/fastq/ERR855/ERR855404/ERR855404_2.fastq.gz	173180903;179196232	a4f2ae942c43a4dc721459922454ff09;31c1911fc749659687c6f2f61cfa0de6
ERR855405	2	0.5	PAIRED	ftp.sra.ebi.ac.uk/vol1/fastq/ERR855/ERR855405/ERR855405_1.fastq.gz;ftp.sra.ebi.ac.uk/vol1/fastq/ERR855/ERR855405/ERR855405_2.fastq.gz	149403331;154138993	881c027d8d0d994a46c7c2caba0fc771;fcb8e0bb2575fd84272032b8fccb4308
ERR855406	2	0.5	PAIRED	ftp.sra.ebi.ac.uk/vol1/fastq/ERR855/ERR855406/ERR855406_1.fastq.gz;ftp.sra.ebi.ac.uk/vol1/fastq/ERR855/ERR855406/ERR855406_2.fastq.gz	144785818;149231692	c903303f0c51f16d637a8cfe4dcc5611;f87ddbe609b3c373306d648d9555b95c
ERR855407	2	0.5	PAIRED	ftp.sra.ebi.ac.uk/vol1/fastq/ERR855/ERR855407/ERR855407_1.fastq.gz;ftp.sra.ebi.ac.uk/vol1/fastq/ERR855/ERR855407/ERR855407_2.fastq.gz	155401388;160166469	18e6a76668eb1bbc966e524a6baa898a;729baedcd43c6ed81fd9910dda0047a9
ERR855408	2	0.25	PAIRED	ftp.sra.ebi.ac.uk/vol1/fastq/ERR855/ERR855408/ERR855408_1.fastq.gz;ftp.sra.ebi.ac.uk/vol1/fastq/ERR855/ERR855408/ERR855408_2.fastq.gz	161913897;167270149	8511345754c02645d75fc2ebb5bf0756;48e194ef7a870c04e2abd34c43d2dee5
ERR855409	2	0.25	PAIRED	ftp.sra.ebi.ac.uk/vol1/fastq/ERR855/ERR855409/ERR855409_1.fastq.gz;ftp.sra.ebi.ac.uk/vol1/fastq/ERR855/ERR855409/ERR855409_2.fastq.gz	154538671;160028414	20acde3ecfb1f632c371e360ebd20642;f4a925224eeb3bc1ba0143e9dce560cb
ERR855410	2	0.25	PAIRED	ftp.sra.ebi.ac.uk/vol1/fastq/ERR855/ERR855410/ERR855410_1.fastq.gz;ftp.sra.ebi.ac.uk/vol1/fastq/ERR855/ERR855410/ERR855410_2.fastq.gz	160213134;165384676	ea5d7bad1401b1a516190aeb9774f715;8418371e8ad815a47694b232f5f6c333
ERR855411	2	0.5	PAIRED	ftp.sra.ebi.ac.uk/vol1/fastq/ERR855/ERR855411/ERR855411_1.fastq.gz;ftp.sra.ebi.ac.uk/vol1/fastq/ERR855/ERR855411/ERR855411_2.fastq.gz	155674523;160519689	935b867a7dbc227505a0ab335fbdabdf;73530cb23096ccce5940da6dadb8bca7
ERR855412	2	0.25	PAIRED	ftp.sra.ebi.ac.uk/vol1/fastq/ERR855/ERR855412/ERR855412_1.fastq.gz;ftp.sra.ebi.ac.uk/vol1/fastq/ERR855/ERR855412/ERR855412_2.fastq.gz	162788592;167975691	5bb3cff6068da62ddb4b8eeeb479fb34;e60a5c396a190907fe6792c3b71f6983
ERR855413	2	0.25	PAIRED	ftp.sra.ebi.ac.uk/vol1/fastq/ERR855/ERR855413/ERR855413_1.fastq.gz;ftp.sra.ebi.ac.uk/vol1/fastq/ERR855/ERR855413/ERR855413_2.fastq.gz	129638330;133967056	dd6fb45a34f9110865a95df6e49a359a;afbc7163be089199a8790b668439f701
ERR855414	2	0.25	PAIRED	ftp.sra.ebi.ac.uk/vol1/fastq/ERR855/ERR855414/ERR855414_1.fastq.gz;ftp.sra.ebi.ac.uk/vol1/fastq/ERR855/ERR855414/ERR855414_2.fastq.gz	135566309;140055427	82b38c5d790a1514ce32fbd56edfe55f;34d1b1003a91090cfc9653c54a6389e8
ERR855415	2	1	PAIRED	ftp.sra.ebi.ac.uk/vol1/fastq/ERR855/ERR855415/ERR855415_1.fastq.gz;ftp.sra.ebi.ac.uk/vol1/fastq/ERR855/ERR855415/ERR855415_2.fastq.gz	156063914;161249748	da6793323f237ec8ff6cc61533ec49cf;3d55e989c3df927558ad2c468ed35aee
ERR855416	2	0.5	PAIRED	ftp.sra.ebi.ac.uk/vol1/fastq/ERR855/ERR855416/ERR855416_1.fastq.gz;ftp.sra.ebi.ac.uk/vol1/fastq/ERR855/ERR855416/ERR855416_2.fastq.gz	162254989;167916196	0889fe2413a1bca1c43ec606e4ea3781;50fbb364a719e8bd4e918fe0523ce7da
ERR855417	2	0.5	PAIRED	ftp.sra.ebi.ac.uk/vol1/fastq/ERR855/ERR855417/ERR855417_1.fastq.gz;ftp.sra.ebi.ac.uk/vol1/fastq/ERR855/ERR855417/ERR855417_2.fastq.gz	163746838;168800976	d88c5fdb5bca620d587d401a28229429;df9f3067ac42f3c3e655656ceaa0219a
ERR855418	2	0.5	PAIRED	ftp.sra.ebi.ac.uk/vol1/fastq/ERR855/ERR855418/ERR855418_1.fastq.gz;ftp.sra.ebi.ac.uk/vol1/fastq/ERR855/ERR855418/ERR855418_2.fastq.gz	168947164;174753141	4ce7d9515516588bc7ae4c16986fcc1c;ef808a505be206ce8e88b89e4d4bc962
ERR855419	2	0.25	PAIRED	ftp.sra.ebi.ac.uk/vol1/fastq/ERR855/ERR855419/ERR855419_1.fastq.gz;ftp.sra.ebi.ac.uk/vol1/fastq/ERR855/ERR855419/ERR855419_2.fastq.gz	152457101;157385477	b147a72305af67c63b7369e9d0bbd7e1;85b4afb0342f3316ccd4d584036cfd89
ERR855420	2	1	PAIRED	ftp.sra.ebi.ac.uk/vol1/fastq/ERR855/ERR855420/ERR855420_1.fastq.gz;ftp.sra.ebi.ac.uk/vol1/fastq/ERR855/ERR855420/ERR855420_2.fastq.gz	174698991;180728659	2ababe2c204322e944a31be7a1e80a9d;40f6127bcf6f3cfefbac9f7425996528
ERR855421	2	0.5	PAIRED	ftp.sra.ebi.ac.uk/vol1/fastq/ERR855/ERR855421/ERR855421_1.fastq.gz;ftp.sra.ebi.ac.uk/vol1/fastq/ERR855/ERR855421/ERR855421_2.fastq.gz	150095012;154134072	c5be832bf6815b9ce80e0b198d3aeefe;1807916df47529a0e7573baa1992d17e
ERR855422	2	0.5	PAIRED	ftp.sra.ebi.ac.uk/vol1/fastq/ERR855/ERR855422/ERR855422_1.fastq.gz;ftp.sra.ebi.ac.uk/vol1/fastq/ERR855/ERR855422/ERR855422_2.fastq.gz	150500879;157789226	8d6881408379a3890f6f521ae6db108f;28ce208a10d0ddcf73a3b1121ce58146
ERR855423	2	0.25	PAIRED	ftp.sra.ebi.ac.uk/vol1/fastq/ERR855/ERR855423/ERR855423_1.fastq.gz;ftp.sra.ebi.ac.uk/vol1/fastq/ERR855/ERR855423/ERR855423_2.fastq.gz	152825422;157939339	f55a35df9d48317fae5b0790c212f3e2;f3613563eac20ad1116b03926de40f06
ERR855424	2	0.25	PAIRED	ftp.sra.ebi.ac.uk/vol1/fastq/ERR855/ERR855424/ERR855424_1.fastq.gz;ftp.sra.ebi.ac.uk/vol1/fastq/ERR855/ERR855424/ERR855424_2.fastq.gz	157458902;163240951	de9f56b2cf4b614d20bcf799f5c795ce;ee2158640f2c1e598b61e6e2a903fa5d
ERR855425	2	0.25	PAIRED	ftp.sra.ebi.ac.uk/vol1/fastq/ERR855/ERR855425/ERR855425_1.fastq.gz;ftp.sra.ebi.ac.uk/vol1/fastq/ERR855/ERR855425/ERR855425_2.fastq.gz	153019751;158190660	99b29040d536dfca4219e76ec4337f22;0fd95ca5a36a2b04627fae3901c05e19
ERR855426	2	0.25	PAIRED	ftp.sra.ebi.ac.uk/vol1/fastq/ERR855/ERR855426/ERR855426_1.fastq.gz;ftp.sra.ebi.ac.uk/vol1/fastq/ERR855/ERR855426/ERR855426_2.fastq.gz	162473968;168070301	bd7eb8986c19e9bd133b556ffd722eca;35164568cdace2c32e96e29e96a3dd7d
ERR855427	2	0.5	PAIRED	ftp.sra.ebi.ac.uk/vol1/fastq/ERR855/ERR855427/ERR855427_1.fastq.gz;ftp.sra.ebi.ac.uk/vol1/fastq/ERR855/ERR855427/ERR855427_2.fastq.gz	151794046;156624746	ef8ffb7c6a58f4bb72326084f8a167af;e872494f93ccfdd4806c8168e6d79480
ERR855428	2	0.5	PAIRED	ftp.sra.ebi.ac.uk/vol1/fastq/ERR855/ERR855428/ERR855428_1.fastq.gz;ftp.sra.ebi.ac.uk/vol1/fastq/ERR855/ERR855428/ERR855428_2.fastq.gz	165890108;172555860	e5257e4898d40a0fc73ff2ab73d9cd88;b007ee290d1be421fb87dc6666423c89
ERR855429	2	1	PAIRED	ftp.sra.ebi.ac.uk/vol1/fastq/ERR855/ERR855429/ERR855429_1.fastq.gz;ftp.sra.ebi.ac.uk/vol1/fastq/ERR855/ERR855429/ERR855429_2.fastq.gz	158570639;162906070	f75dae36d3a742c626ce423277626683;8d7e68245f9478a41dc8c3d3556dd5c6
ERR855430	2	0.5	PAIRED	ftp.sra.ebi.ac.uk/vol1/fastq/ERR855/ERR855430/ERR855430_1.fastq.gz;ftp.sra.ebi.ac.uk/vol1/fastq/ERR855/ERR855430/ERR855430_2.fastq.gz	148285491;153153446	a7ea6c8054d8171e43a7a2f09dce0931;d4030910d377f3f3accc6fb29cd51961
ERR855431	2	1	PAIRED	ftp.sra.ebi.ac.uk/vol1/fastq/ERR855/ERR855431/ERR855431_1.fastq.gz;ftp.sra.ebi.ac.uk/vol1/fastq/ERR855/ERR855431/ERR855431_2.fastq.gz	162879889;167962207	a1bdb01827aa927d02b841f468a77e62;deedae0d1683e462f5025485447e1c12
ERR855432	2	0.5	PAIRED	ftp.sra.ebi.ac.uk/vol1/fastq/ERR855/ERR855432/ERR855432_1.fastq.gz;ftp.sra.ebi.ac.uk/vol1/fastq/ERR855/ERR855432/ERR855432_2.fastq.gz	167715192;173677637	60cf857757baba9d7e6cfd582949eb77;6f0d6020976d84b89c220f8e2f57f75e
ERR855433	2	0.5	PAIRED	ftp.sra.ebi.ac.uk/vol1/fastq/ERR855/ERR855433/ERR855433_1.fastq.gz;ftp.sra.ebi.ac.uk/vol1/fastq/ERR855/ERR855433/ERR855433_2.fastq.gz	165063700;170824340	d3227538e9129934979f50981e2db231;9d6fff4311d56f06d9a2a3509243cbcd
ERR855434	2	0.25	PAIRED	ftp.sra.ebi.ac.uk/vol1/fastq/ERR855/ERR855434/ERR855434_1.fastq.gz;ftp.sra.ebi.ac.uk/vol1/fastq/ERR855/ERR855434/ERR855434_2.fastq.gz	163074886;168080481	5546d068dfc732b9064305dd6f28e223;28b26b809aaa2157ef298df1dbdde6e2
ERR855435	2	0.25	PAIRED	ftp.sra.ebi.ac.uk/vol1/fastq/ERR855/ERR855435/ERR855435_1.fastq.gz;ftp.sra.ebi.ac.uk/vol1/fastq/ERR855/ERR855435/ERR855435_2.fastq.gz	160398220;165271190	dba5922b65c3aa9805ea2d56f9003e6d;c45c68d37ee7d1d8e054659e38ce89c4
ERR910008	2	8	PAIRED	ftp.sra.ebi.ac.uk/vol1/fastq/ERR910/ERR910008/ERR910008_1.fastq.gz;ftp.sra.ebi.ac.uk/vol1/fastq/ERR910/ERR910008/ERR910008_2.fastq.gz	211860499;223925844	80272a3789740eaa04395347d103a038;87fc33e10f565f0dd5ff10525536bb21
ERR956668	2	0.25	PAIRED	ftp.sra.ebi.ac.uk/vol1/fastq/ERR956/ERR956668/ERR956668_1.fastq.gz;ftp.sra.ebi.ac.uk/vol1/fastq/ERR956/ERR956668/ERR956668_2.fastq.gz	166127891;172012208	2f3005c27ab4ebe478052e7a061f0985;0b424e7842ce50d5427d5fa46d60a4d0
ERR956669	2	0.25	PAIRED	ftp.sra.ebi.ac.uk/vol1/fastq/ERR956/ERR956669/ERR956669_1.fastq.gz;ftp.sra.ebi.ac.uk/vol1/fastq/ERR956/ERR956669/ERR956669_2.fastq.gz	152098605;157215039	5c7a39cd5ca5f71d3045891cd62a5fee;f26088b651348cc7fa2e1568a163ba4c
ERR956670	2	0.25	PAIRED	ftp.sra.ebi.ac.uk/vol1/fastq/ERR956/ERR956670/ERR956670_1.fastq.gz;ftp.sra.ebi.ac.uk/vol1/fastq/ERR956/ERR956670/ERR956670_2.fastq.gz	166602179;173283876	bcc1681624bf05d8b887c0a07880b456;5986f46ce276210ae540c25775486c77
ERR956671	2	0.5	PAIRED	ftp.sra.ebi.ac.uk/vol1/fastq/ERR956/ERR956671/ERR956671_1.fastq.gz;ftp.sra.ebi.ac.uk/vol1/fastq/ERR956/ERR956671/ERR956671_2.fastq.gz	165541047;172155683	40fe3d85f15bfb8bc82509f89cfb812f;3972dc2ac3bfc0c4bb071a441960f2d4
ERR956672	2	0.5	PAIRED	ftp.sra.ebi.ac.uk/vol1/fastq/ERR956/ERR956672/ERR956672_1.fastq.gz;ftp.sra.ebi.ac.uk/vol1/fastq/ERR956/ERR956672/ERR956672_2.fastq.gz	171015363;177971494	48d6d550e78939f789a2963017e30b79;5bf20b73f52ae75287e80e981ec04e9a
ERR956673	2	0.25	PAIRED	ftp.sra.ebi.ac.uk/vol1/fastq/ERR956/ERR956673/ERR956673_1.fastq.gz;ftp.sra.ebi.ac.uk/vol1/fastq/ERR956/ERR956673/ERR956673_2.fastq.gz	174094501;180426230	cd186a03ad3ca887c0fa3690eed37167;299be6eb3657188d1efb9e19623c5198
ERR956674	2	0.25	PAIRED	ftp.sra.ebi.ac.uk/vol1/fastq/ERR956/ERR956674/ERR956674_1.fastq.gz;ftp.sra.ebi.ac.uk/vol1/fastq/ERR956/ERR956674/ERR956674_2.fastq.gz	183031756;189545216	658ecc2fdffa2aad4e2c66c64aeabb79;1d901e8f2d73477869ff3813898e6378
ERR956675	2	0.25	PAIRED	ftp.sra.ebi.ac.uk/vol1/fastq/ERR956/ERR956675/ERR956675_1.fastq.gz;ftp.sra.ebi.ac.uk/vol1/fastq/ERR956/ERR956675/ERR956675_2.fastq.gz	169618240;176011102	ffa1ce5d4ee79133b86c93cf7db9652a;4ec0582728d761d3b7c632d5e398f5dc
ERR956676	2	0.25	PAIRED	ftp.sra.ebi.ac.uk/vol1/fastq/ERR956/ERR956676/ERR956676_1.fastq.gz;ftp.sra.ebi.ac.uk/vol1/fastq/ERR956/ERR956676/ERR956676_2.fastq.gz	175333242;182004808	2ea7937dcde652b08f9189a133ce5ea8;81d305db4cafbdb7af69b2059d96dc3e
ERR956677	2	0.5	PAIRED	ftp.sra.ebi.ac.uk/vol1/fastq/ERR956/ERR956677/ERR956677_1.fastq.gz;ftp.sra.ebi.ac.uk/vol1/fastq/ERR956/ERR956677/ERR956677_2.fastq.gz	151102579;156644965	c7982c372d52c1da8d928ea23fea59ce;ab84316649f6faa04df422ffc8971c16
ERR956678	2	0.25	PAIRED	ftp.sra.ebi.ac.uk/vol1/fastq/ERR956/ERR956678/ERR956678_1.fastq.gz;ftp.sra.ebi.ac.uk/vol1/fastq/ERR956/ERR956678/ERR956678_2.fastq.gz	154979885;160850428	c9611afafb364c81409d1d768c8001a4;1cc7eca247f18b5ffad4e9fd2fd0cdb6
ERR956679	2	1	PAIRED	ftp.sra.ebi.ac.uk/vol1/fastq/ERR956/ERR956679/ERR956679_1.fastq.gz;ftp.sra.ebi.ac.uk/vol1/fastq/ERR956/ERR956679/ERR956679_2.fastq.gz	176086930;182954614	abf196a34375fa5f58815bafd3659f1e;550b9a175b54114bdc300c188a94dfea
ERR956680	2	0.5	PAIRED	ftp.sra.ebi.ac.uk/vol1/fastq/ERR956/ERR956680/ERR956680_1.fastq.gz;ftp.sra.ebi.ac.uk/vol1/fastq/ERR956/ERR956680/ERR956680_2.fastq.gz	181961222;189341052	bd9f30146532e0850a27ddda7850c714;e1da9cf482e432c6d65453e30f3eaf10
ERR956681	2	0.25	PAIRED	ftp.sra.ebi.ac.uk/vol1/fastq/ERR956/ERR956681/ERR956681_1.fastq.gz;ftp.sra.ebi.ac.uk/vol1/fastq/ERR956/ERR956681/ERR956681_2.fastq.gz	192707014;200092539	301f10c1028b683cfe629760b640211e;4b00ad1609937fff480821bdc8115bd8
ERR956682	2	1	PAIRED	ftp.sra.ebi.ac.uk/vol1/fastq/ERR956/ERR956682/ERR956682_1.fastq.gz;ftp.sra.ebi.ac.uk/vol1/fastq/ERR956/ERR956682/ERR956682_2.fastq.gz	173398669;179735433	ead65f778cd0fe1610f3abef2014aa3b;06953be445e45033d5308edca2720a14
ERR956683	2	1	PAIRED	ftp.sra.ebi.ac.uk/vol1/fastq/ERR956/ERR956683/ERR956683_1.fastq.gz;ftp.sra.ebi.ac.uk/vol1/fastq/ERR956/ERR956683/ERR956683_2.fastq.gz	158321105;164096894	d384e7429aa4f9a0c3d68cd7d32ea677;512708bc8a7ca0e7a649ff1990c80c7d
ERR956684	2	8	PAIRED	ftp.sra.ebi.ac.uk/vol1/fastq/ERR956/ERR956684/ERR956684_1.fastq.gz;ftp.sra.ebi.ac.uk/vol1/fastq/ERR956/ERR956684/ERR956684_2.fastq.gz	173010854;179763431	3d17ea9422424838b94aae6ab548caf3;7412ad118f6e7ce887d5143315a49813
ERR956685	2	0.5	PAIRED	ftp.sra.ebi.ac.uk/vol1/fastq/ERR956/ERR956685/ERR956685_1.fastq.gz;ftp.sra.ebi.ac.uk/vol1/fastq/ERR956/ERR956685/ERR956685_2.fastq.gz	169564248;176035856	9a497db0687d7643c8db81187d5c550c;0c7c17db680729ccefec167585ce5c8c
ERR956687	2	1	PAIRED	ftp.sra.ebi.ac.uk/vol1/fastq/ERR956/ERR956687/ERR956687_1.fastq.gz;ftp.sra.ebi.ac.uk/vol1/fastq/ERR956/ERR956687/ERR956687_2.fastq.gz	187452153;195565208	7f8df2f2e9c537156eac2feecc539e28;9e21fea20f08e7a4d51ec563afd7b4fe
ERR956688	2	0.25	PAIRED	ftp.sra.ebi.ac.uk/vol1/fastq/ERR956/ERR956688/ERR956688_1.fastq.gz;ftp.sra.ebi.ac.uk/vol1/fastq/ERR956/ERR956688/ERR956688_2.fastq.gz	183338634;190854587	47df185d9e81ac884012332456f53308;be7e62c14ae6a5288771773f8feac8d5
ERR956689	2	0.5	PAIRED	ftp.sra.ebi.ac.uk/vol1/fastq/ERR956/ERR956689/ERR956689_1.fastq.gz;ftp.sra.ebi.ac.uk/vol1/fastq/ERR956/ERR956689/ERR956689_2.fastq.gz	192453225;200251276	3adbcf4f4e26244d67849c9caddb7d7e;af3f0107cd46ba409b921ab3be5bab34
ERR956690	2	0.5	PAIRED	ftp.sra.ebi.ac.uk/vol1/fastq/ERR956/ERR956690/ERR956690_1.fastq.gz;ftp.sra.ebi.ac.uk/vol1/fastq/ERR956/ERR956690/ERR956690_2.fastq.gz	171705241;178830175	6ecacdba209fcb9972f5b601176c2c61;dce108d4a8e3cb612c3b939657c469d8
ERR956691	2	8	PAIRED	ftp.sra.ebi.ac.uk/vol1/fastq/ERR956/ERR956691/ERR956691_1.fastq.gz;ftp.sra.ebi.ac.uk/vol1/fastq/ERR956/ERR956691/ERR956691_2.fastq.gz	163921335;170348522	ea454c59242f9f6b8532df4be7483b0c;33e6637c4019b73901b65f558fa060ed
ERR956692	2	16	PAIRED	ftp.sra.ebi.ac.uk/vol1/fastq/ERR956/ERR956692/ERR956692_1.fastq.gz;ftp.sra.ebi.ac.uk/vol1/fastq/ERR956/ERR956692/ERR956692_2.fastq.gz	150479421;155884759	3c5cf913aa20a0082926bf95eab49ed2;6c390eb1d1d4af4abafe01c06d95a330
ERR956693	2	8	PAIRED	ftp.sra.ebi.ac.uk/vol1/fastq/ERR956/ERR956693/ERR956693_1.fastq.gz;ftp.sra.ebi.ac.uk/vol1/fastq/ERR956/ERR956693/ERR956693_2.fastq.gz	142692969;147962539	1e132651db47673c1f9e1daffd9d807c;fcdffea6fb03a06b6546a3c8947444bf
ERR956694	2	2	PAIRED	ftp.sra.ebi.ac.uk/vol1/fastq/ERR956/ERR956694/ERR956694_1.fastq.gz;ftp.sra.ebi.ac.uk/vol1/fastq/ERR956/ERR956694/ERR956694_2.fastq.gz	144098467;149422678	752a69204da8e7545086774d4e746ba0;05e730c79b59256cc8fea981685076d3
ERR956696	2	0.5	PAIRED	ftp.sra.ebi.ac.uk/vol1/fastq/ERR956/ERR956696/ERR956696_1.fastq.gz;ftp.sra.ebi.ac.uk/vol1/fastq/ERR956/ERR956696/ERR956696_2.fastq.gz	148411755;153842984	e798750d019c70d8fea94ebdf521a23d;fa820252d6177161583a7e002c215f0b
ERR971374	2	0.25	PAIRED	ftp.sra.ebi.ac.uk/vol1/fastq/ERR971/ERR971374/ERR971374_1.fastq.gz;ftp.sra.ebi.ac.uk/vol1/fastq/ERR971/ERR971374/ERR971374_2.fastq.gz	162001272;166540439	e38560c2ac85488f8d50476c39608387;7050164dc8e2e6e5ce2d10a9a987f1ff
ERR971375	2	0.25	PAIRED	ftp.sra.ebi.ac.uk/vol1/fastq/ERR971/ERR971375/ERR971375_1.fastq.gz;ftp.sra.ebi.ac.uk/vol1/fastq/ERR971/ERR971375/ERR971375_2.fastq.gz	170408472;175785296	17e00c81ea70753b0c25da40e7aec6f1;7bc405cf55ccc028d22c7af46e7a7ba0
ERR971376	2	0.5	PAIRED	ftp.sra.ebi.ac.uk/vol1/fastq/ERR971/ERR971376/ERR971376_1.fastq.gz;ftp.sra.ebi.ac.uk/vol1/fastq/ERR971/ERR971376/ERR971376_2.fastq.gz	167857037;171365080	a8d36595b40d015a90be53be89838693;30fe32771a1d2290ab1d39b1e70e4b94
ERR971377	2	0.5	PAIRED	ftp.sra.ebi.ac.uk/vol1/fastq/ERR971/ERR971377/ERR971377_1.fastq.gz;ftp.sra.ebi.ac.uk/vol1/fastq/ERR971/ERR971377/ERR971377_2.fastq.gz	157629740;160925992	6e6858afe7740cabb068690aef91e4af;ceb2e67105ba29d11011bc240c9ead4a
ERR971378	2	0.25	PAIRED	ftp.sra.ebi.ac.uk/vol1/fastq/ERR971/ERR971378/ERR971378_1.fastq.gz;ftp.sra.ebi.ac.uk/vol1/fastq/ERR971/ERR971378/ERR971378_2.fastq.gz	169363569;174054708	4a98d22466056428ee0fcfc694cd9272;0f0b69ebbe6ea80dfc1d9fe0f1694a85
ERR971379	2	1	PAIRED	ftp.sra.ebi.ac.uk/vol1/fastq/ERR971/ERR971379/ERR971379_1.fastq.gz;ftp.sra.ebi.ac.uk/vol1/fastq/ERR971/ERR971379/ERR971379_2.fastq.gz	195239171;200457724	fb2b8d34d220957e2bb0fad3fabf9253;66274075304ec3c5355a0b30633f66d8
ERR971380	2	0.5	PAIRED	ftp.sra.ebi.ac.uk/vol1/fastq/ERR971/ERR971380/ERR971380_1.fastq.gz;ftp.sra.ebi.ac.uk/vol1/fastq/ERR971/ERR971380/ERR971380_2.fastq.gz	176615408;180949808	e6b8f7ee07f4587660e9d6832fc4618c;bc528fa749ca245ca509ca18abd3ff05
ERR971381	2	1	PAIRED	ftp.sra.ebi.ac.uk/vol1/fastq/ERR971/ERR971381/ERR971381_1.fastq.gz;ftp.sra.ebi.ac.uk/vol1/fastq/ERR971/ERR971381/ERR971381_2.fastq.gz	161475492;165458497	fd2dd9f273d4fa234a3ef97cfab965ed;c6f88b63f2d4acf71a1759bf95b4f3d0
ERR971382	2	0.25	PAIRED	ftp.sra.ebi.ac.uk/vol1/fastq/ERR971/ERR971382/ERR971382_1.fastq.gz;ftp.sra.ebi.ac.uk/vol1/fastq/ERR971/ERR971382/ERR971382_2.fastq.gz	181230160;185648308	fcff5c4d21b104260eea860094abc116;c089d5cee4b53bdea22f85ec8d3044cc
